{"type":"Topology","objects":{"data":{"geometries":[{"properties":{"district_name":"KEW","district_label":"Kew District","region_label":"Southern Metropolitan Region","member":"WILSON, Jess","party":"Liberal","party_colour":"#0047AB","winner_pct":53.98,"runner_up":"SKELTON, Lucy","runner_up_party":"Australian Labor Party - Victorian Branch","runner_up_pct":46.02,"margin_pct_points":7.96,"margin_basis":"preference_distribution","first_preference":[{"candidate":"WILSON, Jess","party":"Liberal","pct":44.32,"rank":1},{"candidate":"SKELTON, Lucy","party":"Australian Labor Party - Victorian Branch","pct":22.7,"rank":2},{"candidate":"TORNEY, Sophie","party":"Independent","pct":21.1,"rank":3},{"candidate":"CARTER, Jackie","party":"Australian Greens","pct":8.29,"rank":4},{"candidate":"SEELEY, Ann","party":"Family First Victoria","pct":1.72,"rank":5},{"candidate":"SCHOFIELD, Ruby","party":"Animal Justice Party","pct":1.16,"rank":6},{"candidate":"DAVIS, Finlay","party":"Independent","pct":0.36,"rank":7},{"candidate":"SULLIVAN, Kym","party":"Independent","pct":0.34,"rank":8}]},"type":"Polygon","arcs":[[-204,0,-202,1,-1097,2,-682,3,-1085,4,-549,5,-547]],"id":0},{"properties":{"district_name":"KOROROIT","district_label":"Kororoit District","region_label":"Western Metropolitan Region","member":"GRIGOROVITCH, Luba","party":"Australian Labor Party - Victorian Branch","party_colour":"#E4002B","winner_pct":53.13,"runner_up":"FLETCHER, John","runner_up_party":"Liberal","runner_up_pct":31.04,"margin_pct_points":22.09,"margin_basis":"preference_distribution_multirow_final_count","first_preference":[{"candidate":"GRIGOROVITCH, Luba","party":"Australian Labor Party - Victorian Branch","pct":43.27,"rank":1},{"candidate":"FLETCHER, John","party":"Liberal","pct":24.28,"rank":2},{"candidate":"GIBSON, Belle","party":"Victorian Socialists","pct":6.86,"rank":3},{"candidate":"CHESTER, Ben","party":"Australian Greens","pct":6.56,"rank":4},{"candidate":"BROWN, Zuzanna","party":"Labour DLP","pct":6.23,"rank":5},{"candidate":"MILUTINOVIC, Melanie","party":"Family First Victoria","pct":5.76,"rank":6},{"candidate":"DIVITA, Katherine","party":"Animal Justice Party","pct":3.08,"rank":7},{"candidate":"BAUCH, Joh","party":"Independent","pct":2.42,"rank":8},{"candidate":"CHANDOK, Jaz","party":"New Democrats","pct":1.54,"rank":9}]},"type":"Polygon","arcs":[[6,-26,7,-85,8,-307,9,-305,10,-274]],"id":1},{"properties":{"district_name":"LARA","district_label":"Lara District","region_label":"Western Victoria Region","member":"GEORGE, Ella","party":"Australian Labor Party - Victorian Branch","party_colour":"#E4002B","winner_pct":50.31,"runner_up":"KREIN, Ralph","runner_up_party":"Liberal","runner_up_pct":21.86,"margin_pct_points":28.45,"margin_basis":"preference_distribution_multirow_final_count","first_preference":[{"candidate":"GEORGE, Ella","party":"Australian Labor Party - Victorian Branch","pct":49.68,"rank":1},{"candidate":"KREIN, Ralph","party":"Liberal","pct":21.41,"rank":2},{"candidate":"GARDNER, Courtney","party":"Australian Greens","pct":11.32,"rank":3},{"candidate":"RANKINE, Steve","party":"Family First Victoria","pct":4.49,"rank":4},{"candidate":"PAYNE, Max","party":"Liberal Democrats","pct":4.27,"rank":5},{"candidate":"KELLY, Peter","party":"Animal Justice Party","pct":3.8,"rank":6},{"candidate":"HATHWAY, Sarah","party":"Independent","pct":2.66,"rank":7},{"candidate":"TAYLOR, Ash","party":"Angry Victorians Party","pct":2.37,"rank":8}]},"type":"Polygon","arcs":[[-367,11,-365,12,-363,13,-944,14,-829,15,-827,16,-825,17,-823,18,-821]],"id":2},{"properties":{"district_name":"LAVERTON","district_label":"Laverton District","region_label":"Western Metropolitan Region","member":"CONNOLLY, Sarah","party":"Australian Labor Party - Victorian Branch","party_colour":"#E4002B","winner_pct":52.14,"runner_up":"REDDY, Raja","runner_up_party":"Liberal","runner_up_pct":27.79,"margin_pct_points":24.35,"margin_basis":"preference_distribution_multirow_final_count","first_preference":[{"candidate":"CONNOLLY, Sarah","party":"Australian Labor Party - Victorian Branch","pct":45.85,"rank":1},{"candidate":"REDDY, Raja","party":"Liberal","pct":22.17,"rank":2},{"candidate":"DURZADA, Braishna","party":"Australian Greens","pct":9.41,"rank":3},{"candidate":"ROBERTSON, Catherine","party":"Victorian Socialists","pct":5.94,"rank":4},{"candidate":"WIRTH, Michael","party":"Labour DLP","pct":5.52,"rank":5},{"candidate":"FRY, David","party":"Family First Victoria","pct":3.64,"rank":6},{"candidate":"SONI, Gurneet","party":"New Democrats","pct":2.91,"rank":7},{"candidate":"BAGHERI, Pouya","party":"Animal Justice Party","pct":1.87,"rank":8},{"candidate":"RAYMOND, Trent","party":"Freedom Party of Victoria","pct":1.73,"rank":9},{"candidate":"PAREDES, Rufo","party":"Independent","pct":0.96,"rank":10}]},"type":"Polygon","arcs":[[-938,19,-936,20,-368,21,-327,22,-325,23,-323,24,25,26,-280,27]],"id":3},{"properties":{"district_name":"LOWAN","district_label":"Lowan District","region_label":"Western Victoria Region","member":"KEALY, Emma","party":"The Nationals","party_colour":"#B8860B","winner_pct":58.85,"runner_up":"MONAGHAN, Mick","runner_up_party":"Australian Labor Party - Victorian Branch","runner_up_pct":19.76,"margin_pct_points":39.09,"margin_basis":"primary_vote_outright_majority","first_preference":[{"candidate":"KEALY, Emma","party":"The Nationals","pct":58.85,"rank":1},{"candidate":"MONAGHAN, Mick","party":"Australian Labor Party - Victorian Branch","pct":19.76,"rank":2},{"candidate":"LANE, Richard","party":"Australian Greens","pct":5.95,"rank":3},{"candidate":"MEAD, Amanda","party":"Independent","pct":5.51,"rank":4},{"candidate":"ETHERTON, Richard","party":"Angry Victorians Party","pct":3.95,"rank":5},{"candidate":"COLEMAN, Robert","party":"Family First Victoria","pct":3.63,"rank":6},{"candidate":"RAMSAY, Tamasin","party":"Animal Justice Party","pct":2.35,"rank":7}]},"type":"Polygon","arcs":[[28,-88,29,-601,30,-599,31,-597,32,-595,33,-511,34,-509,35,-507,36,-505,37,-503,38,-265,39,-263,40,-261,41,-259,42,-257,43,-255,44,-253,45,-251,46,-249]],"id":4},{"properties":{"district_name":"MACEDON","district_label":"Macedon District","region_label":"Northern Victoria Region","member":"THOMAS, Mary-Anne","party":"Australian Labor Party - Victorian Branch","party_colour":"#E4002B","winner_pct":59.54,"runner_up":"BONANNO, Dominic","runner_up_party":"Liberal","runner_up_pct":40.46,"margin_pct_points":19.08,"margin_basis":"preference_distribution","first_preference":[{"candidate":"THOMAS, Mary-Anne","party":"Australian Labor Party - Victorian Branch","pct":41.44,"rank":1},{"candidate":"BONANNO, Dominic","party":"Liberal","pct":29.97,"rank":2},{"candidate":"McRAE McLEOD, Marley","party":"Australian Greens","pct":12.54,"rank":3},{"candidate":"BARTON, Huntly","party":"Independent","pct":5.41,"rank":4},{"candidate":"EVEZARD, Amanda","party":"Pauline Hanson's One Nation","pct":3.63,"rank":5},{"candidate":"BERGMANN, Iris","party":"Animal Justice Party","pct":3.26,"rank":6},{"candidate":"McCORMACK, Chris","party":"Family First Victoria","pct":1.9,"rank":7},{"candidate":"SEDGMAN, Kerryn P.","party":"Freedom Party of Victoria","pct":1.85,"rank":8}]},"type":"Polygon","arcs":[[47,-445,-430,48,-428,49,-426,50,-906,51,-904,52,-902,53,-900,54,-898,55,-896,56,-1120,57,-1118,58,-1116,59,-297,60,-295,61,-293,62,-291,63,-80,64,-858,65,-856,66,-578]],"id":5},{"properties":{"district_name":"MALVERN","district_label":"Malvern District","region_label":"Southern Metropolitan Region","member":"O'BRIEN, Michael","party":"Liberal","party_colour":"#0047AB","winner_pct":52.54,"runner_up":"NATALE, Darren","runner_up_party":"Australian Labor Party - Victorian Branch","runner_up_pct":26.19,"margin_pct_points":26.35,"margin_basis":"primary_vote_outright_majority","first_preference":[{"candidate":"O'BRIEN, Michael","party":"Liberal","pct":52.54,"rank":1},{"candidate":"NATALE, Darren","party":"Australian Labor Party - Victorian Branch","pct":26.19,"rank":2},{"candidate":"FULLER, Mitchell","party":"Australian Greens","pct":15.66,"rank":3},{"candidate":"NATOLI, Amelia","party":"Animal Justice Party","pct":2.46,"rank":4},{"candidate":"STEFANOPOULOS, Steve","party":"Independent","pct":1.58,"rank":5},{"candidate":"SCHMIDT, Judy","party":"Family First Victoria","pct":1.57,"rank":6}]},"type":"Polygon","arcs":[[-1089,67,-393,68,-391,69,-707,70,-540,71]],"id":6},{"properties":{"district_name":"MELBOURNE","district_label":"Melbourne District","region_label":"Northern Metropolitan Region","member":"SANDELL, Ellen","party":"Australian Greens","party_colour":"#1C8A43","winner_pct":60.19,"runner_up":"THISTLETON, Rebecca","runner_up_party":"Australian Labor Party - Victorian Branch","runner_up_pct":39.81,"margin_pct_points":20.38,"margin_basis":"preference_distribution","first_preference":[{"candidate":"SANDELL, Ellen","party":"Australian Greens","pct":37.29,"rank":1},{"candidate":"THISTLETON, Rebecca","party":"Australian Labor Party - Victorian Branch","pct":30.65,"rank":2},{"candidate":"PALACKALODY, George","party":"Liberal","pct":17.69,"rank":3},{"candidate":"BOLGER, Colleen","party":"Victorian Socialists","pct":5.46,"rank":4},{"candidate":"FOXWORTHY, Nicola","party":"Fiona Patten's Reason Party","pct":3.77,"rank":5},{"candidate":"BANGAAR, Rabin","party":"Animal Justice Party","pct":1.65,"rank":6},{"candidate":"JANSON, Michael","party":"Family First Victoria","pct":1.26,"rank":7},{"candidate":"SMITH, Steven J.","party":"Freedom Party of Victoria","pct":1.23,"rank":8},{"candidate":"AL-SAIMARY, Laylah","party":"Independent","pct":1.01,"rank":9}]},"type":"Polygon","arcs":[[72,-932,73,-818,74,-675,75,-551]],"id":7},{"properties":{"district_name":"MELTON","district_label":"Melton District","region_label":"Western Victoria Region","member":"McGHIE, Steve","party":"Australian Labor Party - Victorian Branch","party_colour":"#E4002B","winner_pct":54.59,"runner_up":"WATT, Graham","runner_up_party":"Liberal","runner_up_pct":45.41,"margin_pct_points":9.18,"margin_basis":"preference_distribution","first_preference":[{"candidate":"McGHIE, Steve","party":"Australian Labor Party - Victorian Branch","pct":37.73,"rank":1},{"candidate":"WATT, Graham","party":"Liberal","pct":24.34,"rank":2},{"candidate":"BIRCHALL, Ian","party":"Independent","pct":9.05,"rank":3},{"candidate":"BINGHAM, Jarrod James","party":"Independent","pct":5.81,"rank":4},{"candidate":"MORRIS, Praise","party":"Australian Greens","pct":4.55,"rank":5},{"candidate":"BLACKBORROW, Paul","party":"Shooters, Fishers & Farmers Vic","pct":4.47,"rank":6},{"candidate":"ALP, Ashley","party":"Labour DLP","pct":4.33,"rank":7},{"candidate":"BRUNT, Richard","party":"Family First Victoria","pct":2.51,"rank":8},{"candidate":"ADIN-JAMES, Fiona","party":"Animal Justice Party","pct":1.98,"rank":9},{"candidate":"DOBRAN, Tony","party":"Freedom Party of Victoria","pct":1.91,"rank":10},{"candidate":"DONALD, Samantha Jane","party":"Derryn Hinch's Justice Party","pct":1.76,"rank":11},{"candidate":"KAUR, Jasleen","party":"New Democrats","pct":0.64,"rank":12},{"candidate":"CIAPPARA, Lucienne","party":"Health Australia Party","pct":0.58,"rank":13},{"candidate":"PERERA, Jason Spencer","party":"Independent","pct":0.35,"rank":14}]},"type":"Polygon","arcs":[[-354,76,-862,77,-860,78,79,80,-289,81,-311,82,-309,83,84,85,-321,86]],"id":8},{"properties":{"district_name":"MILDURA","district_label":"Mildura District","region_label":"Northern Victoria Region","member":"BENHAM, Jade","party":"The Nationals","party_colour":"#B8860B","winner_pct":51.18,"runner_up":"CUPPER, Ali","runner_up_party":"Independent","runner_up_pct":48.82,"margin_pct_points":2.36,"margin_basis":"preference_distribution","first_preference":[{"candidate":"CUPPER, Ali","party":"Independent","pct":33.86,"rank":1},{"candidate":"BENHAM, Jade","party":"The Nationals","pct":25.87,"rank":2},{"candidate":"MATHESON, Paul","party":"Liberal","pct":19.12,"rank":3},{"candidate":"ZIGOURAS, Stella","party":"Australian Labor Party - Victorian Branch","pct":6.51,"rank":4},{"candidate":"MILNE, Glenn","party":"Independent","pct":4.5,"rank":5},{"candidate":"BRYMER, Sonia","party":"Independent","pct":2.83,"rank":6},{"candidate":"CLEMENTS, Katie","party":"Australian Greens","pct":2.34,"rank":7},{"candidate":"SHARPE, Felicity","party":"Labour DLP","pct":1.54,"rank":8},{"candidate":"STRATTON, Brad","party":"Family First Victoria","pct":1.47,"rank":9},{"candidate":"BROUGHAM, Philippe John","party":"Freedom Party of Victoria","pct":1.09,"rank":10},{"candidate":"ZAYN, Angylina","party":"Animal Justice Party","pct":0.87,"rank":11}]},"type":"Polygon","arcs":[[87,88,-135,89,-133,90,-131,91,-611,92,-609,93,-607,94,-605,95,-603,96]],"id":9},{"properties":{"district_name":"MILL PARK","district_label":"Mill Park District","region_label":"North-Eastern Metropolitan Region","member":"D'AMBROSIO, Lily","party":"Australian Labor Party - Victorian Branch","party_colour":"#E4002B","winner_pct":50.55,"runner_up":"YAP, Paige","runner_up_party":"Liberal","runner_up_pct":27.22,"margin_pct_points":23.33,"margin_basis":"preference_distribution_multirow_final_count","first_preference":[{"candidate":"D'AMBROSIO, Lily","party":"Australian Labor Party - Victorian Branch","pct":49.89,"rank":1},{"candidate":"YAP, Paige","party":"Liberal","pct":25.92,"rank":2},{"candidate":"KEARNEY, Chris","party":"Australian Greens","pct":7.3,"rank":3},{"candidate":"FILIPPOPOULOS, Andrew","party":"Freedom Party of Victoria","pct":7.03,"rank":4},{"candidate":"ANDERSON, Craig","party":"Family First Victoria","pct":5.0,"rank":5},{"candidate":"SIMONS, Marcia","party":"Animal Justice Party","pct":4.85,"rank":6}]},"type":"Polygon","arcs":[[-689,97,-336,98,-378,99,-376,100]],"id":10},{"properties":{"district_name":"MONBULK","district_label":"Monbulk District","region_label":"Eastern Victoria Region","member":"DE MARTINO, Daniela","party":"Australian Labor Party - Victorian Branch","party_colour":"#E4002B","winner_pct":57.55,"runner_up":"WARD, Gareth","runner_up_party":"Liberal","runner_up_pct":42.45,"margin_pct_points":15.1,"margin_basis":"preference_distribution","first_preference":[{"candidate":"DE MARTINO, Daniela","party":"Australian Labor Party - Victorian Branch","pct":36.06,"rank":1},{"candidate":"WARD, Gareth","party":"Liberal","pct":29.49,"rank":2},{"candidate":"ORMSBY, Michael","party":"Australian Greens","pct":14.97,"rank":3},{"candidate":"SKELTON, Johanna","party":"Independent","pct":5.33,"rank":4},{"candidate":"COLE, Craig","party":"Independent","pct":4.95,"rank":5},{"candidate":"FOLLONI, Leah","party":"Animal Justice Party","pct":4.16,"rank":6},{"candidate":"HIGGINS, David","party":"Family First Victoria","pct":2.86,"rank":7},{"candidate":"BARNES, Veronica","party":"Freedom Party of Victoria","pct":2.18,"rank":8}]},"type":"Polygon","arcs":[[-929,101,-777,102,-775,103,-773,104,-771,105,-769,106,-163,107,-161,108,-491,109,-645,110,-634,111,-632,112,-410,113,-408,114,-722]],"id":11},{"properties":{"district_name":"MORDIALLOC","district_label":"Mordialloc District","region_label":"South-Eastern Metropolitan Region","member":"RICHARDSON, Tim","party":"Australian Labor Party - Victorian Branch","party_colour":"#E4002B","winner_pct":58.19,"runner_up":"PEASE, Phillip","runner_up_party":"Liberal","runner_up_pct":41.81,"margin_pct_points":16.38,"margin_basis":"preference_distribution","first_preference":[{"candidate":"RICHARDSON, Tim","party":"Australian Labor Party - Victorian Branch","pct":44.03,"rank":1},{"candidate":"PEASE, Phillip","party":"Liberal","pct":31.39,"rank":2},{"candidate":"LESSA, Daniel","party":"Australian Greens","pct":10.27,"rank":3},{"candidate":"O'DONNELL, Sarah","party":"Independent","pct":7.35,"rank":4},{"candidate":"VO, Chi","party":"Animal Justice Party","pct":2.43,"rank":5},{"candidate":"ALBRECHT, Deborah","party":"Freedom Party of Victoria","pct":2.17,"rank":6},{"candidate":"LUM, Patrick","party":"Family First Victoria","pct":2.01,"rank":7},{"candidate":"REID, Phil","party":"Independent","pct":0.35,"rank":8}]},"type":"Polygon","arcs":[[-699,115,-205,-712,116,-731]],"id":12},{"properties":{"district_name":"MORNINGTON","district_label":"Mornington District","region_label":"Eastern Victoria Region","member":"CREWTHER, Chris","party":"Liberal","party_colour":"#0047AB","winner_pct":50.7,"runner_up":"LARDNER, Kate","runner_up_party":"Independent","runner_up_pct":49.3,"margin_pct_points":1.4,"margin_basis":"preference_distribution","first_preference":[{"candidate":"CREWTHER, Chris","party":"Liberal","pct":42.58,"rank":1},{"candidate":"LARDNER, Kate","party":"Independent","pct":22.42,"rank":2},{"candidate":"FOWLER, Georgia","party":"Australian Labor Party - Victorian Branch","pct":21.98,"rank":3},{"candidate":"SINCLAIR, Harry","party":"Australian Greens","pct":6.36,"rank":4},{"candidate":"PETTITT, Paul","party":"Freedom Party of Victoria","pct":2.47,"rank":5},{"candidate":"SCHWEEN, Leonie","party":"Animal Justice Party","pct":1.76,"rank":6},{"candidate":"AGIRTAN, Jane","party":"Independent","pct":1.52,"rank":7},{"candidate":"HAYWARD, Ross","party":"Family First Victoria","pct":0.89,"rank":8}]},"type":"Polygon","arcs":[[-1081,117]],"id":13},{"properties":{"district_name":"MORWELL","district_label":"Morwell District","region_label":"Eastern Victoria Region","member":"CAMERON, Martin","party":"The Nationals","party_colour":"#B8860B","winner_pct":54.42,"runner_up":"MAXFIELD, Kate","runner_up_party":"Australian Labor Party - Victorian Branch","runner_up_pct":45.58,"margin_pct_points":8.84,"margin_basis":"preference_distribution","first_preference":[{"candidate":"MAXFIELD, Kate","party":"Australian Labor Party - Victorian Branch","pct":31.44,"rank":1},{"candidate":"CAMERON, Martin","party":"The Nationals","pct":22.89,"rank":2},{"candidate":"HARRIMAN, Dale","party":"Liberal","pct":15.51,"rank":3},{"candidate":"HICKEN, Allan","party":"Pauline Hanson's One Nation","pct":6.12,"rank":4},{"candidate":"GIBSON, Sharon","party":"Independent","pct":5.81,"rank":5},{"candidate":"SNELLING, David","party":"Shooters, Fishers & Farmers Vic","pct":4.72,"rank":6},{"candidate":"HINE, Rochelle","party":"Australian Greens","pct":4.23,"rank":7},{"candidate":"LUND, Tracie","party":"Independent","pct":2.79,"rank":8},{"candidate":"MAIDANA, Alex","party":"Freedom Party of Victoria","pct":2.08,"rank":9},{"candidate":"CLARKE, Brendan","party":"Family First Victoria","pct":1.73,"rank":10},{"candidate":"McAULIFFE, Jessica","party":"Animal Justice Party","pct":1.59,"rank":11},{"candidate":"PROCTOR, Lisa","party":"Independent","pct":1.08,"rank":12}]},"type":"Polygon","arcs":[[-1052,118,-1050,119,-1048,120,-1046,121,-154]],"id":14},{"properties":{"district_name":"MULGRAVE","district_label":"Mulgrave District","region_label":"South-Eastern Metropolitan Region","member":"ANDREWS, Daniel","party":"Australian Labor Party - Victorian Branch","party_colour":"#E4002B","winner_pct":51.0,"runner_up":"COOK, Ian","runner_up_party":"Independent","runner_up_pct":18.01,"margin_pct_points":32.99,"margin_basis":"primary_vote_outright_majority","first_preference":[{"candidate":"ANDREWS, Daniel","party":"Australian Labor Party - Victorian Branch","pct":51.0,"rank":1},{"candidate":"COOK, Ian","party":"Independent","pct":18.01,"rank":2},{"candidate":"PIASTRINO, Michael","party":"Liberal","pct":17.19,"rank":3},{"candidate":"LIM, Robert","party":"Australian Greens","pct":5.08,"rank":4},{"candidate":"McLINDON, Aidan","party":"Freedom Party of Victoria","pct":2.17,"rank":5},{"candidate":"FOREMAN, Jane","party":"Family First Victoria","pct":1.97,"rank":6},{"candidate":"MOULD, David","party":"Animal Justice Party","pct":1.1,"rank":7},{"candidate":"WOOD, Maree","party":"Labour DLP","pct":0.86,"rank":8},{"candidate":"THEODOSSOPOULOU, Fotini","party":"Independent","pct":0.8,"rank":9},{"candidate":"KING, Andrew","party":"Independent","pct":0.46,"rank":10},{"candidate":"TOSCANO, Joseph","party":"Independent","pct":0.41,"rank":11},{"candidate":"MOODY, Anne","party":"Independent","pct":0.38,"rank":12},{"candidate":"LEE, Howard","party":"Independent","pct":0.32,"rank":13},{"candidate":"ISMA, Ezra J. D.","party":"Independent","pct":0.24,"rank":14}]},"type":"Polygon","arcs":[[-718,122,-470,123,-1059,124,-734]],"id":15},{"properties":{"district_name":"MURRAY PLAINS","district_label":"Murray Plains District","region_label":"Northern Victoria Region","member":"WALSH, Peter","party":"The Nationals","party_colour":"#B8860B","winner_pct":61.78,"runner_up":"HURRELL, Damien","runner_up_party":"Australian Labor Party - Victorian Branch","runner_up_pct":18.77,"margin_pct_points":43.01,"margin_basis":"primary_vote_outright_majority","first_preference":[{"candidate":"WALSH, Peter","party":"The Nationals","pct":61.78,"rank":1},{"candidate":"HURRELL, Damien","party":"Australian Labor Party - Victorian Branch","pct":18.77,"rank":2},{"candidate":"MacPHERSON, Cameron","party":"Family First Victoria","pct":6.41,"rank":3},{"candidate":"BISH, Katia","party":"Freedom Party of Victoria","pct":4.36,"rank":4},{"candidate":"BROWNSTEIN, John","party":"Australian Greens","pct":3.88,"rank":5},{"candidate":"OTTO, Andrea","party":"Independent","pct":2.54,"rank":6},{"candidate":"LEUNG, Glenys","party":"Animal Justice Party","pct":2.26,"rank":7}]},"type":"Polygon","arcs":[[125,-444,126,-442,127,-615,128,-613,129,130,131,132,133,134,135,-240,136,-238,137,-236,138,-234,139,-232,140,-230,141,-228,142,-226,143,-224,144,-222,145,-220,146,-218,147,-216,148,-214,149,-212,150,-210,151,-208,152,-914]],"id":16},{"properties":{"district_name":"NARRACAN","district_label":"Narracan District","region_label":"Eastern Victoria Region","member":"FARNHAM, Wayne","party":"Liberal","party_colour":"#0047AB","winner_pct":51.69,"runner_up":"WOLFE, Tony","runner_up_party":"Independent","runner_up_pct":18.52,"margin_pct_points":33.17,"margin_basis":"special_case_supplementary_election_28jan2023","first_preference":[{"candidate":"FARNHAM, Wayne","party":"Liberal","pct":45.0,"rank":1},{"candidate":"WEAVER, Alyssa","party":"Australian Greens","pct":11.11,"rank":2},{"candidate":"WOLFE, Tony","party":"Independent","pct":11.05,"rank":3},{"candidate":"DE WIT, Sophia Camille","party":"Labour DLP","pct":7.1,"rank":4},{"candidate":"BLACKWELL, Leonie","party":"Freedom Party of Victoria","pct":6.06,"rank":5},{"candidate":"MURPHY, Casey","party":"Pauline Hanson's One Nation","pct":6.04,"rank":6},{"candidate":"McCABE, Annemarie","party":"Independent","pct":3.86,"rank":7},{"candidate":"ABELMAN, Michael","party":"Liberal Democrats","pct":3.56,"rank":8},{"candidate":"CLARKE, Brendan","party":"Family First Victoria","pct":2.93,"rank":9},{"candidate":"CRAM, Austin","party":"Animal Justice Party","pct":2.28,"rank":10},{"candidate":"HONEY, Ian","party":"Independent","pct":1.02,"rank":11}]},"type":"Polygon","arcs":[[153,154,-1044,155,-1042,156,-1040,157,-396,158,-493,159,160,161,162,163,-767,164,-765,165,-763,166,-761,167,-759,168,-757,169,-755,170,-753,171,-751,172,-749,173,-747,174,-991,175,-989,176,-987,177,-985,178,-983,179,-994]],"id":17},{"properties":{"district_name":"NARRE WARREN NORTH","district_label":"Narre Warren North District","region_label":"South-Eastern Metropolitan Region","member":"WILSON, Belinda","party":"Australian Labor Party - Victorian Branch","party_colour":"#E4002B","winner_pct":55.03,"runner_up":"DRAGAN, Timothy","runner_up_party":"Liberal","runner_up_pct":32.72,"margin_pct_points":22.31,"margin_basis":"preference_distribution_multirow_final_count","first_preference":[{"candidate":"WILSON, Belinda","party":"Australian Labor Party - Victorian Branch","pct":46.77,"rank":1},{"candidate":"DRAGAN, Timothy","party":"Liberal","pct":27.29,"rank":2},{"candidate":"McLEAN, Laura","party":"Australian Greens","pct":6.79,"rank":3},{"candidate":"ELKINS, Christine","party":"Family First Victoria","pct":3.7,"rank":4},{"candidate":"PARKER, Craig","party":"Freedom Party of Victoria","pct":2.94,"rank":5},{"candidate":"ZMEGAC, Andrew","party":"Labour DLP","pct":2.88,"rank":6},{"candidate":"GARDNER, Sheree","party":"Animal Justice Party","pct":2.36,"rank":7},{"candidate":"MATULEC, Stephen","party":"Liberal Democrats","pct":3.2,"rank":8},{"candidate":"CAPON, Stephen","party":"Independent","pct":2.19,"rank":9},{"candidate":"RUYTER, Monique","party":"Shooters, Fishers & Farmers Vic","pct":1.87,"rank":10}]},"type":"Polygon","arcs":[[-188,180,-186,181,-636,182,-643,183]],"id":18},{"properties":{"district_name":"NARRE WARREN SOUTH","district_label":"Narre Warren South District","region_label":"South-Eastern Metropolitan Region","member":"MAAS, Gary","party":"Australian Labor Party - Victorian Branch","party_colour":"#E4002B","winner_pct":54.24,"runner_up":"SAMUEL, Annette","runner_up_party":"Liberal","runner_up_pct":32.23,"margin_pct_points":22.01,"margin_basis":"preference_distribution_multirow_final_count","first_preference":[{"candidate":"MAAS, Gary","party":"Australian Labor Party - Victorian Branch","pct":47.98,"rank":1},{"candidate":"SAMUEL, Annette","party":"Liberal","pct":28.65,"rank":2},{"candidate":"MOORE, Susanna","party":"Australian Greens","pct":6.62,"rank":3},{"candidate":"HARVEY, Jacqueline","party":"Family First Victoria","pct":5.82,"rank":4},{"candidate":"HANSEN, Geoff","party":"Freedom Party of Victoria","pct":4.98,"rank":5},{"candidate":"SKROBO, Christine","party":"Liberal Democrats","pct":2.83,"rank":6},{"candidate":"GALLAGHER, Michael","party":"Animal Justice Party","pct":2.45,"rank":7},{"candidate":"BAKER-PEARCE, Tylere","party":"Independent","pct":0.68,"rank":8}]},"type":"Polygon","arcs":[[-702,184,185,186,187,188,-641,189]],"id":19},{"properties":{"district_name":"NEPEAN","district_label":"Nepean District","region_label":"Eastern Victoria Region","member":"GROTH, Sam","party":"Liberal","party_colour":"#0047AB","winner_pct":50.54,"runner_up":"BRAYNE, Chris","runner_up_party":"Australian Labor Party - Victorian Branch","runner_up_pct":34.14,"margin_pct_points":16.4,"margin_basis":"preference_distribution_multirow_final_count","first_preference":[{"candidate":"GROTH, Sam","party":"Liberal","pct":48.11,"rank":1},{"candidate":"BRAYNE, Chris","party":"Australian Labor Party - Victorian Branch","pct":32.64,"rank":2},{"candidate":"GLEIXNER, Esther","party":"Australian Greens","pct":8.77,"rank":3},{"candidate":"LEINE, Hank","party":"Freedom Party of Victoria","pct":2.4,"rank":4},{"candidate":"ENGELANDER, Pamela","party":"Animal Justice Party","pct":1.77,"rank":5},{"candidate":"DIJKMAN, Janny","party":"Family First Victoria","pct":1.57,"rank":6},{"candidate":"MILLER, Jay","party":"Companions and Pets Party","pct":1.29,"rank":7},{"candidate":"WOOLCOCK, Elizabeth","party":"Independent","pct":1.21,"rank":8},{"candidate":"AINSLIE, Charelle","party":"Independent","pct":1.1,"rank":9},{"candidate":"SKRUZNY, Cynthia","party":"Labour DLP","pct":0.91,"rank":10},{"candidate":"ANGER, Steve","party":"Independent","pct":0.22,"rank":11}]},"type":"Polygon","arcs":[[-1079,190]],"id":20},{"properties":{"district_name":"NIDDRIE","district_label":"Niddrie District","region_label":"Western Metropolitan Region","member":"CARROLL, Ben","party":"Australian Labor Party - Victorian Branch","party_colour":"#E4002B","winner_pct":56.69,"runner_up":"YOUHANA, Alan","runner_up_party":"Liberal","runner_up_pct":43.31,"margin_pct_points":13.38,"margin_basis":"preference_distribution","first_preference":[{"candidate":"CARROLL, Ben","party":"Australian Labor Party - Victorian Branch","pct":43.95,"rank":1},{"candidate":"YOUHANA, Alan","party":"Liberal","pct":33.96,"rank":2},{"candidate":"McGINNESS, Declan","party":"Australian Greens","pct":7.38,"rank":3},{"candidate":"MAUGERI, Frank","party":"Freedom Party of Victoria","pct":4.5,"rank":4},{"candidate":"KRUSE, Holly","party":"Labour DLP","pct":2.77,"rank":5},{"candidate":"GARCIA, Joanne","party":"Family First Victoria","pct":2.59,"rank":6},{"candidate":"REICH, Brad","party":"Victorian Socialists","pct":2.29,"rank":7},{"candidate":"MEILAK, Shannon","party":"Animal Justice Party","pct":1.92,"rank":8},{"candidate":"GRAMMENOS, Georgia","party":"New Democrats","pct":0.64,"rank":9}]},"type":"Polygon","arcs":[[191,-278,192,-276,193,-303,194,-285,195,-283,196,-820,197,-930]],"id":21},{"properties":{"district_name":"NORTHCOTE","district_label":"Northcote District","region_label":"Northern Metropolitan Region","member":"THEOPHANOUS, Kat","party":"Australian Labor Party - Victorian Branch","party_colour":"#E4002B","winner_pct":50.22,"runner_up":"GOME, Campbell","runner_up_party":"Australian Greens","runner_up_pct":49.78,"margin_pct_points":0.44,"margin_basis":"preference_distribution","first_preference":[{"candidate":"THEOPHANOUS, Kat","party":"Australian Labor Party - Victorian Branch","pct":40.58,"rank":1},{"candidate":"GOME, Campbell","party":"Australian Greens","pct":30.01,"rank":2},{"candidate":"TODHUNTER, Stewart","party":"Liberal","pct":12.21,"rank":3},{"candidate":"LARKIN, Kath","party":"Victorian Socialists","pct":6.51,"rank":4},{"candidate":"CLARKE, April","party":"Fiona Patten's Reason Party","pct":3.61,"rank":5},{"candidate":"OSECKAS, Tim","party":"Animal Justice Party","pct":1.78,"rank":6},{"candidate":"NTOUNI, Anastacia","party":"Freedom Party of Victoria","pct":1.71,"rank":7},{"candidate":"CAVE, Anthony","party":"Liberal Democrats","pct":1.24,"rank":8},{"candidate":"WHITEHEAD, Adrian","party":"Independent","pct":1.21,"rank":9},{"candidate":"ASHTON, Kathrine","party":"Family First Victoria","pct":0.96,"rank":10},{"candidate":"VERMA, Ashish","party":"Independent","pct":0.19,"rank":11}]},"type":"Polygon","arcs":[[198,-673,199,-1099,200,201,202,203]],"id":22},{"properties":{"district_name":"SANDRINGHAM","district_label":"Sandringham District","region_label":"Southern Metropolitan Region","member":"ROWSWELL, Brad","party":"Liberal","party_colour":"#0047AB","winner_pct":51.19,"runner_up":"PRESCOTT, Bettina","runner_up_party":"Australian Labor Party - Victorian Branch","runner_up_pct":29.19,"margin_pct_points":22.0,"margin_basis":"preference_distribution_multirow_final_count","first_preference":[{"candidate":"ROWSWELL, Brad","party":"Liberal","pct":46.36,"rank":1},{"candidate":"PRESCOTT, Bettina","party":"Australian Labor Party - Victorian Branch","pct":25.74,"rank":2},{"candidate":"REGAN, Alysia","party":"Australian Greens","pct":14.68,"rank":3},{"candidate":"MARTIN, Clarke","party":"Independent","pct":6.91,"rank":4},{"candidate":"EPPINGSTALL, Barbara","party":"Animal Justice Party","pct":2.41,"rank":5},{"candidate":"ZMEGAC, Karla","party":"Labour DLP","pct":1.85,"rank":6},{"candidate":"CHALMERS, Jill","party":"Family First Victoria","pct":1.76,"rank":7},{"candidate":"CAMPBELL, Rodney","party":"Independent","pct":0.28,"rank":8}]},"type":"Polygon","arcs":[[204,205,-659,206]],"id":23},{"properties":{"district_name":"SHEPPARTON","district_label":"Shepparton District","region_label":"Northern Victoria Region","member":"O'KEEFFE, Kim","party":"The Nationals","party_colour":"#B8860B","winner_pct":56.79,"runner_up":"SHEED, Suzanna","runner_up_party":"Independent","runner_up_pct":43.21,"margin_pct_points":13.58,"margin_basis":"preference_distribution","first_preference":[{"candidate":"O'KEEFFE, Kim","party":"The Nationals","pct":32.06,"rank":1},{"candidate":"SHEED, Suzanna","party":"Independent","pct":29.41,"rank":2},{"candidate":"HAMMER, Cheryl","party":"Liberal","pct":20.56,"rank":3},{"candidate":"COWAN, Liam","party":"Australian Labor Party - Victorian Branch","pct":7.95,"rank":4},{"candidate":"CHRISTOE, Ian","party":"Australian Greens","pct":2.56,"rank":5},{"candidate":"McGRATH, Sueie","party":"Labour DLP","pct":2.14,"rank":6},{"candidate":"WHITE, Alison","party":"Family First Victoria","pct":2.12,"rank":7},{"candidate":"TEASDALE, Diane M.","party":"Freedom Party of Victoria","pct":1.95,"rank":8},{"candidate":"TAYLOR, Katherine","party":"Animal Justice Party","pct":1.25,"rank":9}]},"type":"Polygon","arcs":[[207,208,209,210,211,212,213,214,215,216,217,218,219,220,221,222,223,224,225,226,227,228,229,230,231,232,233,234,235,236,237,238,239,240,-476,241,-866,242]],"id":24},{"properties":{"district_name":"SOUTH BARWON","district_label":"South Barwon District","region_label":"Western Victoria Region","member":"CHEESEMAN, Darren","party":"Australian Labor Party - Victorian Branch","party_colour":"#E4002B","winner_pct":59.8,"runner_up":"KATOS, Andrew","runner_up_party":"Liberal","runner_up_pct":40.2,"margin_pct_points":19.6,"margin_basis":"preference_distribution","first_preference":[{"candidate":"CHEESEMAN, Darren","party":"Australian Labor Party - Victorian Branch","pct":44.19,"rank":1},{"candidate":"KATOS, Andrew","party":"Liberal","pct":32.13,"rank":2},{"candidate":"DAWSON-SCOTT, Genevieve Frances","party":"Australian Greens","pct":12.66,"rank":3},{"candidate":"BARRON, Alan","party":"Family First Victoria","pct":2.96,"rank":4},{"candidate":"BATES, Leone","party":"Labour DLP","pct":2.43,"rank":5},{"candidate":"ADAMS, Naomi","party":"Animal Justice Party","pct":2.38,"rank":6},{"candidate":"DEAN, Jeynelle Marie","party":"Derryn Hinch's Justice Party","pct":1.97,"rank":7},{"candidate":"TOMLINSON, Simone","party":"Freedom Party of Victoria","pct":1.27,"rank":8}]},"type":"Polygon","arcs":[[-954,243,-952,244,-950,245,-948,246,-414,247,-521]],"id":25},{"properties":{"district_name":"SOUTH-WEST COAST","district_label":"South-West Coast District","region_label":"Western Victoria Region","member":"BRITNELL, Roma","party":"Liberal","party_colour":"#0047AB","winner_pct":58.05,"runner_up":"GASTON, Kylie","runner_up_party":"Australian Labor Party - Victorian Branch","runner_up_pct":41.95,"margin_pct_points":16.1,"margin_basis":"preference_distribution","first_preference":[{"candidate":"BRITNELL, Roma","party":"Liberal","pct":42.9,"rank":1},{"candidate":"GASTON, Kylie","party":"Australian Labor Party - Victorian Branch","pct":21.19,"rank":2},{"candidate":"ALTMANN, Carol","party":"Independent","pct":14.43,"rank":3},{"candidate":"PURCELL, James","party":"Independent","pct":6.02,"rank":4},{"candidate":"CAMPBELL, Thomas","party":"Australian Greens","pct":5.4,"rank":5},{"candidate":"DOUKAS, Jim","party":"Independent","pct":4.1,"rank":6},{"candidate":"BRUNT, Chris","party":"Family First Victoria","pct":2.03,"rank":7},{"candidate":"ANDERSON, Jacinta","party":"Animal Justice Party","pct":1.51,"rank":8},{"candidate":"McCLUSKEY, Michael","party":"Independent","pct":1.35,"rank":9},{"candidate":"GRIMLEY, James Brash","party":"Derryn Hinch's Justice Party","pct":1.07,"rank":10}]},"type":"Polygon","arcs":[[248,249,250,251,252,253,254,255,256,257,258,259,260,261,262,263,264,265,-535,266,-533,267,-531,268,-529,269,-527,270,-525,271,-523,272]],"id":26},{"properties":{"district_name":"ST ALBANS","district_label":"St Albans District","region_label":"Western Metropolitan Region","member":"SULEYMAN, Natalie","party":"Australian Labor Party - Victorian Branch","party_colour":"#E4002B","winner_pct":59.56,"runner_up":"KERR, Maria","runner_up_party":"Liberal","runner_up_pct":40.44,"margin_pct_points":19.12,"margin_basis":"preference_distribution","first_preference":[{"candidate":"SULEYMAN, Natalie","party":"Australian Labor Party - Victorian Branch","pct":42.26,"rank":1},{"candidate":"KERR, Maria","party":"Liberal","pct":25.38,"rank":2},{"candidate":"HOBART, Mark","party":"Labour DLP","pct":7.66,"rank":3},{"candidate":"BENTLEY, Joel","party":"Australian Greens","pct":6.76,"rank":4},{"candidate":"RUDD, Van Thanh","party":"Victorian Socialists","pct":6.63,"rank":5},{"candidate":"TACHOS, Virginia","party":"Independent","pct":3.23,"rank":6},{"candidate":"WALTON, Russell","party":"Family First Victoria","pct":2.91,"rank":7},{"candidate":"CULLEN, Kim J.","party":"Freedom Party of Victoria","pct":2.45,"rank":8},{"candidate":"CARACASSIS, Jason","party":"Animal Justice Party","pct":2.19,"rank":9},{"candidate":"MANNAN, Zaffer","party":"New Democrats","pct":0.54,"rank":10}]},"type":"Polygon","arcs":[[273,274,275,276,277,278,279,280]],"id":27},{"properties":{"district_name":"SUNBURY","district_label":"Sunbury District","region_label":"Western Metropolitan Region","member":"BULL, Josh","party":"Australian Labor Party - Victorian Branch","party_colour":"#E4002B","winner_pct":56.41,"runner_up":"COTTOM, Simmone","runner_up_party":"Liberal","runner_up_pct":43.59,"margin_pct_points":12.82,"margin_basis":"preference_distribution","first_preference":[{"candidate":"BULL, Josh","party":"Australian Labor Party - Victorian Branch","pct":43.1,"rank":1},{"candidate":"COTTOM, Simmone","party":"Liberal","pct":31.55,"rank":2},{"candidate":"BURKE, Richard","party":"Australian Greens","pct":6.52,"rank":3},{"candidate":"MOHR, Rohanna","party":"Animal Justice Party","pct":4.08,"rank":4},{"candidate":"PACE, Charles","party":"Family First Victoria","pct":3.83,"rank":5},{"candidate":"PINCINI, Laurence","party":"Independent","pct":3.8,"rank":6},{"candidate":"BAYLISS, Peter","party":"Labour DLP","pct":3.49,"rank":7},{"candidate":"GALLAGHER, James","party":"Victorian Socialists","pct":3.09,"rank":8},{"candidate":"PATEL, Rushi Vijaykumar","party":"New Democrats","pct":0.54,"rank":9}]},"type":"Polygon","arcs":[[281,282,283,284,285,-315,286,-313,287,288,289,290,291,292,293,294,295,296,297,-1114,298,-1112,299,-1110,300,-1064,301,-1062]],"id":28},{"properties":{"district_name":"SYDENHAM","district_label":"Sydenham District","region_label":"Western Metropolitan Region","member":"HUTCHINS, Natalie","party":"Australian Labor Party - Victorian Branch","party_colour":"#E4002B","winner_pct":51.87,"runner_up":"CULLIA, Joseph","runner_up_party":"Liberal","runner_up_pct":33.4,"margin_pct_points":18.47,"margin_basis":"preference_distribution_multirow_final_count","first_preference":[{"candidate":"HUTCHINS, Natalie","party":"Australian Labor Party - Victorian Branch","pct":43.46,"rank":1},{"candidate":"CULLIA, Joseph","party":"Liberal","pct":29.0,"rank":2},{"candidate":"TAWADROS, Marvet","party":"Family First Victoria","pct":6.45,"rank":3},{"candidate":"RALPH, Maggie","party":"Australian Greens","pct":5.83,"rank":4},{"candidate":"CHLIHI, Hajar","party":"Victorian Socialists","pct":4.53,"rank":5},{"candidate":"RADOVANI, Jakueline","party":"Labour DLP","pct":4.39,"rank":6},{"candidate":"RAMOS, Alejandro","party":"Freedom Party of Victoria","pct":3.83,"rank":7},{"candidate":"LEUNG, Karina","party":"Animal Justice Party","pct":2.51,"rank":8}]},"type":"Polygon","arcs":[[302,303,304,305,306,307,308,309,310,311,312,313,314,315]],"id":29},{"properties":{"district_name":"TARNEIT","district_label":"Tarneit District","region_label":"Western Metropolitan Region","member":"WIGHT, Dylan","party":"Australian Labor Party - Victorian Branch","party_colour":"#E4002B","winner_pct":50.41,"runner_up":"SINGH, Preet","runner_up_party":"Liberal","runner_up_pct":30.21,"margin_pct_points":20.2,"margin_basis":"preference_distribution_multirow_final_count","first_preference":[{"candidate":"WIGHT, Dylan","party":"Australian Labor Party - Victorian Branch","pct":46.62,"rank":1},{"candidate":"SINGH, Preet","party":"Liberal","pct":26.78,"rank":2},{"candidate":"MILLER, Clare","party":"Australian Greens","pct":7.4,"rank":3},{"candidate":"URIBE, Claudio","party":"Victorian Socialists","pct":5.32,"rank":4},{"candidate":"JEFFREY, Thomas","party":"Family First Victoria","pct":5.07,"rank":5},{"candidate":"PATEL, Jaydeep","party":"New Democrats","pct":3.02,"rank":6},{"candidate":"MAQSOOD, Erum","party":"Freedom Party of Victoria","pct":2.26,"rank":7},{"candidate":"RAHN, Maurita","party":"Animal Justice Party","pct":2.16,"rank":8},{"candidate":"MOINUDDIN, Aijaz","party":"Independent","pct":1.37,"rank":9}]},"type":"Polygon","arcs":[[316,-360,317,-358,318,-356,319,320,321,322,323,324,325,326,327]],"id":30},{"properties":{"district_name":"THOMASTOWN","district_label":"Thomastown District","region_label":"Northern Metropolitan Region","member":"HALFPENNY, Bronwyn","party":"Australian Labor Party - Victorian Branch","party_colour":"#E4002B","winner_pct":51.76,"runner_up":"SINGH, Gurdawar","runner_up_party":"Liberal","runner_up_pct":24.02,"margin_pct_points":27.74,"margin_basis":"primary_vote_outright_majority","first_preference":[{"candidate":"HALFPENNY, Bronwyn","party":"Australian Labor Party - Victorian Branch","pct":51.76,"rank":1},{"candidate":"SINGH, Gurdawar","party":"Liberal","pct":24.02,"rank":2},{"candidate":"CVETKOVA, Kelly","party":"Victorian Socialists","pct":7.67,"rank":3},{"candidate":"McNAMARA, Colleen","party":"Family First Victoria","pct":6.86,"rank":4},{"candidate":"SINAPI, Matt","party":"Australian Greens","pct":6.82,"rank":5},{"candidate":"LEVENS, Evie","party":"Animal Justice Party","pct":2.87,"rank":6}]},"type":"Polygon","arcs":[[328,-665,329,-663,330,-1070,331,-1068,332,-1128,333,-380,334,335,336,-687,337,-541]],"id":31},{"properties":{"district_name":"WARRANDYTE","district_label":"Warrandyte District","region_label":"North-Eastern Metropolitan Region","member":"SMITH, Ryan","party":"Liberal","party_colour":"#0047AB","winner_pct":51.27,"runner_up":"OAKLEY, Naomi","runner_up_party":"Australian Labor Party - Victorian Branch","runner_up_pct":34.38,"margin_pct_points":16.89,"margin_basis":"preference_distribution_multirow_final_count","first_preference":[{"candidate":"SMITH, Ryan","party":"Liberal","pct":47.35,"rank":1},{"candidate":"OAKLEY, Naomi","party":"Australian Labor Party - Victorian Branch","pct":33.16,"rank":2},{"candidate":"JOSHI, Deepak","party":"Australian Greens","pct":11.72,"rank":3},{"candidate":"VERNAY, Richard","party":"Family First Victoria","pct":4.04,"rank":4},{"candidate":"RAE, Nicola","party":"Animal Justice Party","pct":2.26,"rank":5},{"candidate":"PILLI, Cynthia","party":"Independent","pct":1.46,"rank":6}]},"type":"Polygon","arcs":[[-812,338,-789,339,-787,340,-785,341,-783,342,-919,343,-728,344,-556,345,-554,346,-653,347,-678]],"id":32},{"properties":{"district_name":"WENDOUREE","district_label":"Wendouree District","region_label":"Western Victoria Region","member":"ADDISON, Juliana","party":"Australian Labor Party - Victorian Branch","party_colour":"#E4002B","winner_pct":50.8,"runner_up":"McINTOSH, Samantha","runner_up_party":"Liberal","runner_up_pct":35.05,"margin_pct_points":15.75,"margin_basis":"preference_distribution_multirow_final_count","first_preference":[{"candidate":"ADDISON, Juliana","party":"Australian Labor Party - Victorian Branch","pct":47.56,"rank":1},{"candidate":"McINTOSH, Samantha","party":"Liberal","pct":29.75,"rank":2},{"candidate":"BURNS, Ellen","party":"Australian Greens","pct":10.4,"rank":3},{"candidate":"HARKNESS, Ian","party":"Family First Victoria","pct":3.83,"rank":4},{"candidate":"HILLS, Bryn","party":"Animal Justice Party","pct":3.8,"rank":5},{"candidate":"COLBERT, Dianne","party":"Labour DLP","pct":3.58,"rank":6},{"candidate":"ECKEL, Bren","party":"Independent","pct":1.08,"rank":7}]},"type":"Polygon","arcs":[[348,-850,349,-848,350,-584,351,-582]],"id":33},{"properties":{"district_name":"WERRIBEE","district_label":"Werribee District","region_label":"Western Metropolitan Region","member":"PALLAS, Tim","party":"Australian Labor Party - Victorian Branch","party_colour":"#E4002B","winner_pct":51.58,"runner_up":"SHAW, Mia","runner_up_party":"Liberal","runner_up_pct":34.93,"margin_pct_points":16.65,"margin_basis":"preference_distribution_multirow_final_count","first_preference":[{"candidate":"PALLAS, Tim","party":"Australian Labor Party - Victorian Branch","pct":45.36,"rank":1},{"candidate":"SHAW, Mia","party":"Liberal","pct":25.33,"rank":2},{"candidate":"BODDEKE, Jack","party":"Australian Greens","pct":6.77,"rank":3},{"candidate":"HOPPER, Paul","party":"Independent","pct":5.9,"rank":4},{"candidate":"MUNRO, Sue","party":"Victorian Socialists","pct":3.6,"rank":5},{"candidate":"EMERSON, Matthew","party":"Family First Victoria","pct":2.5,"rank":6},{"candidate":"BREAKWELL, Kathryn","party":"Labour DLP","pct":1.99,"rank":7},{"candidate":"SEGRAVE, Josh","party":"Animal Justice Party","pct":1.89,"rank":8},{"candidate":"WICKS, Patricia Anne","party":"Derryn Hinch's Justice Party","pct":1.84,"rank":9},{"candidate":"STROTHER, Mark","party":"Freedom Party of Victoria","pct":1.72,"rank":10},{"candidate":"COLLINS, Trevor Russell","party":"Transport Matters","pct":0.93,"rank":11},{"candidate":"TANDON, Prashant","party":"New Democrats","pct":0.83,"rank":12},{"candidate":"HOGAN, Karen","party":"Health Australia Party","pct":0.67,"rank":13},{"candidate":"BARCATTA, Patrizia","party":"Independent","pct":0.55,"rank":14},{"candidate":"KWAN, Heni Cazlynn","party":"Independent","pct":0.12,"rank":15}]},"type":"Polygon","arcs":[[-864,352,353,354,355,356,357,358,359,360,-501,361,362,363,364,365,366]],"id":34},{"properties":{"district_name":"WILLIAMSTOWN","district_label":"Williamstown District","region_label":"Western Metropolitan Region","member":"HORNE, Melissa","party":"Australian Labor Party - Victorian Branch","party_colour":"#E4002B","winner_pct":63.44,"runner_up":"KELLANDER, Daria","runner_up_party":"Liberal","runner_up_pct":36.56,"margin_pct_points":26.88,"margin_basis":"preference_distribution","first_preference":[{"candidate":"HORNE, Melissa","party":"Australian Labor Party - Victorian Branch","pct":41.5,"rank":1},{"candidate":"KELLANDER, Daria","party":"Liberal","pct":28.04,"rank":2},{"candidate":"RODOREDA, Suzette","party":"Australian Greens","pct":15.43,"rank":3},{"candidate":"FISHER, Rochelle","party":"Labour DLP","pct":4.19,"rank":4},{"candidate":"MACANDILI, Julien Q.","party":"Victorian Socialists","pct":3.92,"rank":5},{"candidate":"MACKEVICIUS, Patricia","party":"Animal Justice Party","pct":2.69,"rank":6},{"candidate":"ANSALONE, Alexander","party":"Freedom Party of Victoria","pct":2.5,"rank":7},{"candidate":"MOSELY, Joshua","party":"Family First Victoria","pct":1.73,"rank":8}]},"type":"Polygon","arcs":[[367,368,-934,369]],"id":35},{"properties":{"district_name":"YAN YEAN","district_label":"Yan Yean District","region_label":"Northern Victoria Region","member":"KATHAGE, Lauren","party":"Australian Labor Party - Victorian Branch","party_colour":"#E4002B","winner_pct":50.16,"runner_up":"WELCH, Richard","runner_up_party":"Liberal","runner_up_pct":38.2,"margin_pct_points":11.96,"margin_basis":"preference_distribution_multirow_final_count","first_preference":[{"candidate":"KATHAGE, Lauren","party":"Australian Labor Party - Victorian Branch","pct":41.42,"rank":1},{"candidate":"WELCH, Richard","party":"Liberal","pct":33.89,"rank":2},{"candidate":"MASON, Samantha","party":"Australian Greens","pct":6.44,"rank":3},{"candidate":"WOOLDRIDGE, Jack","party":"Labour DLP","pct":5.14,"rank":4},{"candidate":"HALL, James","party":"Family First Victoria","pct":3.26,"rank":5},{"candidate":"PARRAMORE, Ruth","party":"Animal Justice Party","pct":2.65,"rank":6},{"candidate":"KRSTIC, Alexandar","party":"Shooters, Fishers & Farmers Vic","pct":2.6,"rank":7},{"candidate":"BOUROUTZIS, Con","party":"Freedom Party of Victoria","pct":2.59,"rank":8},{"candidate":"GRIMLEY, Mandy Anne","party":"Derryn Hinch's Justice Party","pct":2.01,"rank":9}]},"type":"Polygon","arcs":[[-797,370,-795,371,-793,372,-806,373,-691,374,375,376,377,378,379,380,-1126,381,-892,382,-890,383,-888,384,-886,385,-884,386]],"id":36},{"properties":{"district_name":"ALBERT PARK","district_label":"Albert Park District","region_label":"Southern Metropolitan Region","member":"TAYLOR, Nina","party":"Australian Labor Party - Victorian Branch","party_colour":"#E4002B","winner_pct":61.15,"runner_up":"SHERSON, Lauren","runner_up_party":"Liberal","runner_up_pct":38.85,"margin_pct_points":22.3,"margin_basis":"preference_distribution","first_preference":[{"candidate":"TAYLOR, Nina","party":"Australian Labor Party - Victorian Branch","pct":36.45,"rank":1},{"candidate":"SHERSON, Lauren","party":"Liberal","pct":29.81,"rank":2},{"candidate":"SAMIOTIS, Kim","party":"Australian Greens","pct":20.91,"rank":3},{"candidate":"DRAGWIDGE, Georgie","party":"Independent","pct":5.87,"rank":4},{"candidate":"WESTWOOD, Cassandra","party":"Animal Justice Party","pct":3.09,"rank":5},{"candidate":"SMART, Lance","party":"Liberal Democrats","pct":1.37,"rank":6},{"candidate":"ANTUNOVIC, Elizabeth","party":"Freedom Party of Victoria","pct":1.32,"rank":7},{"candidate":"BRADEA, Viorel","party":"Family First Victoria","pct":1.19,"rank":8}]},"type":"Polygon","arcs":[[387,-538,-661]],"id":37},{"properties":{"district_name":"ASHWOOD","district_label":"Ashwood District","region_label":"Southern Metropolitan Region","member":"FREGON, Matt","party":"Australian Labor Party - Victorian Branch","party_colour":"#E4002B","winner_pct":56.15,"runner_up":"JUDAH, Asher","runner_up_party":"Liberal","runner_up_pct":43.85,"margin_pct_points":12.3,"margin_basis":"preference_distribution","first_preference":[{"candidate":"FREGON, Matt","party":"Australian Labor Party - Victorian Branch","pct":40.29,"rank":1},{"candidate":"JUDAH, Asher","party":"Liberal","pct":37.17,"rank":2},{"candidate":"MORGAN, Peter","party":"Australian Greens","pct":14.79,"rank":3},{"candidate":"GRIFFITHS, Milton","party":"Animal Justice Party","pct":1.97,"rank":4},{"candidate":"GEYER, Keith","party":"Family First Victoria","pct":1.89,"rank":5},{"candidate":"SALOUMI, Lynnette","party":"Independent","pct":1.57,"rank":6},{"candidate":"BAKER, Norman F.","party":"Freedom Party of Victoria","pct":1.27,"rank":7},{"candidate":"DOYLE, Michael","party":"Independent","pct":1.04,"rank":8}]},"type":"Polygon","arcs":[[-1087,388,-468,389,390,391,392,393]],"id":38},{"properties":{"district_name":"BASS","district_label":"Bass District","region_label":"Eastern Victoria Region","member":"CRUGNALE, Jordan","party":"Australian Labor Party - Victorian Branch","party_colour":"#E4002B","winner_pct":50.24,"runner_up":"BROWN, Aaron","runner_up_party":"Liberal","runner_up_pct":49.76,"margin_pct_points":0.48,"margin_basis":"preference_distribution","first_preference":[{"candidate":"CRUGNALE, Jordan","party":"Australian Labor Party - Victorian Branch","pct":32.55,"rank":1},{"candidate":"BROWN, Aaron","party":"Liberal","pct":30.15,"rank":2},{"candidate":"TESSARI, Brett","party":"The Nationals","pct":13.3,"rank":3},{"candidate":"BUGBIRD, Callum","party":"Australian Greens","pct":8.14,"rank":4},{"candidate":"O'NEILL, Mark","party":"Labour DLP","pct":3.54,"rank":5},{"candidate":"VERHAGEN, Martin","party":"Family First Victoria","pct":2.81,"rank":6},{"candidate":"MOUSELLIS, Elly","party":"Animal Justice Party","pct":2.62,"rank":7},{"candidate":"MUNDAY, Marcus","party":"Freedom Party of Victoria","pct":2.45,"rank":8},{"candidate":"JOBE, Jeni","party":"Independent","pct":2.34,"rank":9},{"candidate":"EDWARDS, Meg","party":"Independent","pct":2.11,"rank":10}]},"type":"MultiPolygon","arcs":[[[-495,394,395,396,-1038,397,-1036,398,-1034,399,-1032,400,-1077,401,-720,402,-639]],[[403]],[[404]]],"id":39},{"properties":{"district_name":"BAYSWATER","district_label":"Bayswater District","region_label":"North-Eastern Metropolitan Region","member":"TAYLOR, Jackson","party":"Australian Labor Party - Victorian Branch","party_colour":"#E4002B","winner_pct":54.23,"runner_up":"WAKELING, Nick","runner_up_party":"Liberal","runner_up_pct":45.77,"margin_pct_points":8.46,"margin_basis":"preference_distribution","first_preference":[{"candidate":"TAYLOR, Jackson","party":"Australian Labor Party - Victorian Branch","pct":41.34,"rank":1},{"candidate":"WAKELING, Nick","party":"Liberal","pct":35.62,"rank":2},{"candidate":"SIRNINGER RANKIN, Nadia","party":"Australian Greens","pct":7.4,"rank":3},{"candidate":"HEAP, Ashley","party":"Legalise Cannabis Victoria","pct":3.88,"rank":4},{"candidate":"COOMBES, Gary","party":"Family First Victoria","pct":3.28,"rank":5},{"candidate":"DOLAN, Thomas","party":"Labour DLP","pct":2.23,"rank":6},{"candidate":"FIELD, Chris","party":"Freedom Party of Victoria","pct":2.2,"rank":7},{"candidate":"MACKALLAH, Chloe","party":"Independent","pct":2.09,"rank":8},{"candidate":"WORMALD, Alyssa","party":"Animal Justice Party","pct":1.97,"rank":9}]},"type":"Polygon","arcs":[[405,-724,406,407,408,409,410,-630,411,-1053]],"id":40},{"properties":{"district_name":"BELLARINE","district_label":"Bellarine District","region_label":"Western Victoria Region","member":"MARCHANT, Alison","party":"Australian Labor Party - Victorian Branch","party_colour":"#E4002B","winner_pct":58.46,"runner_up":"GRIGAU, Donnie","runner_up_party":"Liberal","runner_up_pct":41.54,"margin_pct_points":16.92,"margin_basis":"preference_distribution","first_preference":[{"candidate":"MARCHANT, Alison","party":"Australian Labor Party - Victorian Branch","pct":42.63,"rank":1},{"candidate":"GRIGAU, Donnie","party":"Liberal","pct":33.12,"rank":2},{"candidate":"SEMMENS, Rachel","party":"Australian Greens","pct":11.74,"rank":3},{"candidate":"FENTON, Sarah","party":"Independent","pct":4.58,"rank":4},{"candidate":"CARDILINI, Adam","party":"Animal Justice Party","pct":2.31,"rank":5},{"candidate":"MANUELL, Guy","party":"Family First Victoria","pct":2.19,"rank":6},{"candidate":"RITCHIE, Brett Anthony","party":"Derryn Hinch's Justice Party","pct":1.63,"rank":7},{"candidate":"MUSE, Kylee","party":"Freedom Party of Victoria","pct":0.97,"rank":8},{"candidate":"TAYLOR, Brendan","party":"Angry Victorians Party","pct":0.82,"rank":9}]},"type":"Polygon","arcs":[[412,413,414,-946]],"id":41},{"properties":{"district_name":"BENAMBRA","district_label":"Benambra District","region_label":"Northern Victoria Region","member":"TILLEY, Bill","party":"Liberal","party_colour":"#0047AB","winner_pct":50.94,"runner_up":"HAWKINS, Jacqui","runner_up_party":"Independent","runner_up_pct":49.06,"margin_pct_points":1.88,"margin_basis":"preference_distribution","first_preference":[{"candidate":"TILLEY, Bill","party":"Liberal","pct":42.93,"rank":1},{"candidate":"HAWKINS, Jacqui","party":"Independent","pct":31.7,"rank":2},{"candidate":"TAIT, Mark","party":"Australian Labor Party - Victorian Branch","pct":13.07,"rank":3},{"candidate":"BRADY, Luke","party":"Australian Greens","pct":3.87,"rank":4},{"candidate":"FUERY, Mike","party":"Animal Justice Party","pct":2.84,"rank":5},{"candidate":"STRATTON, Janelle","party":"Family First Victoria","pct":1.98,"rank":6},{"candidate":"ROSSITER, Dean","party":"Liberal Democrats","pct":1.95,"rank":7},{"candidate":"O'BRIEN, Adrian James","party":"Freedom Party of Victoria","pct":1.66,"rank":8}]},"type":"Polygon","arcs":[[-484,415,-482,416,-480,417,-478,418,-963,419,-961,420]],"id":42},{"properties":{"district_name":"BENDIGO EAST","district_label":"Bendigo East District","region_label":"Northern Victoria Region","member":"ALLAN, Jacinta","party":"Australian Labor Party - Victorian Branch","party_colour":"#E4002B","winner_pct":50.04,"runner_up":"SCHADE, Darin","runner_up_party":"Liberal","runner_up_pct":29.52,"margin_pct_points":20.52,"margin_basis":"preference_distribution_multirow_final_count","first_preference":[{"candidate":"ALLAN, Jacinta","party":"Australian Labor Party - Victorian Branch","pct":48.3,"rank":1},{"candidate":"SCHADE, Darin","party":"Liberal","pct":27.38,"rank":2},{"candidate":"TOLHURST, Michael James","party":"Australian Greens","pct":8.66,"rank":3},{"candidate":"MIHAIL, Ben","party":"Pauline Hanson's One Nation","pct":5.7,"rank":4},{"candidate":"LAURIE, James","party":"Independent","pct":3.52,"rank":5},{"candidate":"McLELLAND-HOWE, Vyonne","party":"Animal Justice Party","pct":3.45,"rank":6},{"candidate":"KEETELAAR, Evelyn","party":"Family First Victoria","pct":2.99,"rank":7}]},"type":"Polygon","arcs":[[421,-912,422,-910,423,-908,424,425,426,427,428,429,-466,430,-464,431,-462,432,-460,433,-458,434,-456,435,-625,436,-623,437,-621,438,-619,439,-617,440,441,442,443]],"id":43},{"properties":{"district_name":"BENDIGO WEST","district_label":"Bendigo West District","region_label":"Northern Victoria Region","member":"EDWARDS, Maree","party":"Australian Labor Party - Victorian Branch","party_colour":"#E4002B","winner_pct":50.68,"runner_up":"PRICE, Ken","runner_up_party":"Liberal","runner_up_pct":32.88,"margin_pct_points":17.8,"margin_basis":"preference_distribution_multirow_final_count","first_preference":[{"candidate":"EDWARDS, Maree","party":"Australian Labor Party - Victorian Branch","pct":46.47,"rank":1},{"candidate":"PRICE, Ken","party":"Liberal","pct":24.99,"rank":2},{"candidate":"SEARLE, James","party":"Australian Greens","pct":11.51,"rank":3},{"candidate":"TAYLOR, Wayne","party":"Legalise Cannabis Victoria","pct":5.4,"rank":4},{"candidate":"SERPELL, Steve","party":"Family First Victoria","pct":4.23,"rank":5},{"candidate":"MAXWELL, Victoria","party":"Animal Justice Party","pct":2.58,"rank":6},{"candidate":"BANSEMER, Matt","party":"Independent","pct":2.43,"rank":7},{"candidate":"WOOLLEY, Richard James","party":"Freedom Party of Victoria","pct":1.51,"rank":8},{"candidate":"NUSKE, Marilyn","party":"Independent","pct":0.87,"rank":9}]},"type":"Polygon","arcs":[[444,445,-576,446,-574,447,-572,448,-570,449,-568,450,-566,451,-564,452,-562,453,-560,454,455,456,457,458,459,460,461,462,463,464,465]],"id":44},{"properties":{"district_name":"OAKLEIGH","district_label":"Oakleigh District","region_label":"Southern Metropolitan Region","member":"DIMOPOULOS, Steve","party":"Australian Labor Party - Victorian Branch","party_colour":"#E4002B","winner_pct":63.48,"runner_up":"GRIVOKOSTOPOULOS, Jim","runner_up_party":"Liberal","runner_up_pct":36.52,"margin_pct_points":26.96,"margin_basis":"preference_distribution","first_preference":[{"candidate":"DIMOPOULOS, Steve","party":"Australian Labor Party - Victorian Branch","pct":45.04,"rank":1},{"candidate":"GRIVOKOSTOPOULOS, Jim","party":"Liberal","pct":29.26,"rank":2},{"candidate":"HSIEH, Hsiang-Han","party":"Australian Greens","pct":16.57,"rank":3},{"candidate":"MURPHY, Dominique","party":"Independent","pct":2.47,"rank":4},{"candidate":"FABB, Loraine","party":"Animal Justice Party","pct":2.31,"rank":5},{"candidate":"SOK, Edward","party":"Family First Victoria","pct":2.06,"rank":6},{"candidate":"JACOBS, Anthony Charles","party":"Freedom Party of Victoria","pct":1.75,"rank":7},{"candidate":"KIOUPELIS, Parashos","party":"Independent","pct":0.53,"rank":8}]},"type":"Polygon","arcs":[[466,467,468,469,470,-716,471,-709]],"id":45},{"properties":{"district_name":"OVENS VALLEY","district_label":"Ovens Valley District","region_label":"Northern Victoria Region","member":"McCURDY, Tim","party":"The Nationals","party_colour":"#B8860B","winner_pct":52.13,"runner_up":"LESCHEN, Zuvele","runner_up_party":"Australian Labor Party - Victorian Branch","runner_up_pct":20.72,"margin_pct_points":31.41,"margin_basis":"primary_vote_outright_majority","first_preference":[{"candidate":"McCURDY, Tim","party":"The Nationals","pct":52.13,"rank":1},{"candidate":"LESCHEN, Zuvele","party":"Australian Labor Party - Victorian Branch","pct":20.72,"rank":2},{"candidate":"KROMAR, Zoe","party":"Australian Greens","pct":8.97,"rank":3},{"candidate":"FIDGE, Julian","party":"Liberal Democrats","pct":7.42,"rank":4},{"candidate":"BUGGE, Mark","party":"Freedom Party of Victoria","pct":4.78,"rank":5},{"candidate":"WISE, Anna","party":"Family First Victoria","pct":3.47,"rank":6},{"candidate":"SLATER, Aisha","party":"Animal Justice Party","pct":2.5,"rank":7}]},"type":"Polygon","arcs":[[-745,472,-870,473,-868,474,475,476,477,478,479,480,481,482,483,484,-959,485,-957,486,-955]],"id":46},{"properties":{"district_name":"PAKENHAM","district_label":"Pakenham District","region_label":"Eastern Victoria Region","member":"VULIN, Emma","party":"Australian Labor Party - Victorian Branch","party_colour":"#E4002B","winner_pct":50.39,"runner_up":"FARRELLY, David","runner_up_party":"Liberal","runner_up_pct":49.61,"margin_pct_points":0.78,"margin_basis":"preference_distribution","first_preference":[{"candidate":"VULIN, Emma","party":"Australian Labor Party - Victorian Branch","pct":33.84,"rank":1},{"candidate":"FARRELLY, David","party":"Liberal","pct":32.43,"rank":2},{"candidate":"OWEN, Brett","party":"Independent","pct":8.12,"rank":3},{"candidate":"MAIBAUM, Michelle","party":"Australian Greens","pct":6.61,"rank":4},{"candidate":"SMITH, Elissa","party":"Legalise Cannabis Victoria","pct":5.17,"rank":5},{"candidate":"SILADJI, Angela","party":"Pauline Hanson's One Nation","pct":3.4,"rank":6},{"candidate":"GORE, Christopher","party":"Family First Victoria","pct":3.13,"rank":7},{"candidate":"PLEDGER-FIRTH, Hannah","party":"Animal Justice Party","pct":2.52,"rank":8},{"candidate":"CLARKE, Sammi","party":"Freedom Party of Victoria","pct":2.46,"rank":9},{"candidate":"SARKESHIK, Sarasadat","party":"Labour DLP","pct":1.71,"rank":10},{"candidate":"SAGOO, Rajvir Singh","party":"Independent","pct":0.6,"rank":11}]},"type":"Polygon","arcs":[[-651,487,-649,488,-647,489,490,491,492,493,494]],"id":47},{"properties":{"district_name":"PASCOE VALE","district_label":"Pascoe Vale District","region_label":"Northern Metropolitan Region","member":"CIANFLONE, Anthony","party":"Australian Labor Party - Victorian Branch","party_colour":"#E4002B","winner_pct":52.02,"runner_up":"PANOPOULOS, Angelica","runner_up_party":"Australian Greens","runner_up_pct":47.98,"margin_pct_points":4.04,"margin_basis":"preference_distribution","first_preference":[{"candidate":"CIANFLONE, Anthony","party":"Australian Labor Party - Victorian Branch","pct":38.76,"rank":1},{"candidate":"PANOPOULOS, Angelica","party":"Australian Greens","pct":22.43,"rank":2},{"candidate":"WRIGHT, Tom","party":"Liberal","pct":21.01,"rank":3},{"candidate":"HAH, Madaleine","party":"Victorian Socialists","pct":5.53,"rank":4},{"candidate":"BOLTON, Sue","party":"Independent","pct":4.19,"rank":5},{"candidate":"GLOVER, Margee","party":"Fiona Patten's Reason Party","pct":3.18,"rank":6},{"candidate":"CIMBARO, Richard","party":"Family First Victoria","pct":2.68,"rank":7},{"candidate":"ADAMS, Elizabeth","party":"Animal Justice Party","pct":2.21,"rank":8}]},"type":"Polygon","arcs":[[495,-677,496,-816,497,-669,498,-544]],"id":48},{"properties":{"district_name":"POINT COOK","district_label":"Point Cook District","region_label":"Western Metropolitan Region","member":"HILAKARI, Mathew","party":"Australian Labor Party - Victorian Branch","party_colour":"#E4002B","winner_pct":58.34,"runner_up":"NEWHOUSE, Angela","runner_up_party":"Liberal","runner_up_pct":41.66,"margin_pct_points":16.68,"margin_basis":"preference_distribution","first_preference":[{"candidate":"HILAKARI, Mathew","party":"Australian Labor Party - Victorian Branch","pct":40.04,"rank":1},{"candidate":"NEWHOUSE, Angela","party":"Liberal","pct":24.68,"rank":2},{"candidate":"GARRA, Joe","party":"Independent","pct":6.94,"rank":3},{"candidate":"KHAN, Shamsher","party":"Australian Greens","pct":6.8,"rank":4},{"candidate":"CRONKWRIGHT, Carolyn","party":"Family First Victoria","pct":3.83,"rank":5},{"candidate":"McAULAY, Alex","party":"Victorian Socialists","pct":3.58,"rank":6},{"candidate":"HAMMAN, Daniel","party":"Labour DLP","pct":3.5,"rank":7},{"candidate":"ZHAO, Larry","party":"Independent","pct":2.08,"rank":8},{"candidate":"BEECH, Terri","party":"Animal Justice Party","pct":2.06,"rank":9},{"candidate":"ABDULOVSKI, Adrian","party":"Freedom Party of Victoria","pct":1.46,"rank":10},{"candidate":"GRIMLEY, Scott","party":"Derryn Hinch's Justice Party","pct":1.31,"rank":11},{"candidate":"SAWANT, Shwetali","party":"Independent","pct":1.2,"rank":12},{"candidate":"LAW, Emma","party":"Health Australia Party","pct":0.98,"rank":13},{"candidate":"CHAUDHARY, Rakhi P.","party":"New Democrats","pct":0.92,"rank":14},{"candidate":"GATTI, Lisa Jane","party":"Transport Matters","pct":0.63,"rank":15}]},"type":"Polygon","arcs":[[499,500]],"id":49},{"properties":{"district_name":"POLWARTH","district_label":"Polwarth District","region_label":"Western Victoria Region","member":"RIORDAN, Richard","party":"Liberal","party_colour":"#0047AB","winner_pct":51.79,"runner_up":"HUSSEIN, Hutch","runner_up_party":"Australian Labor Party - Victorian Branch","runner_up_pct":48.21,"margin_pct_points":3.58,"margin_basis":"preference_distribution","first_preference":[{"candidate":"RIORDAN, Richard","party":"Liberal","pct":42.48,"rank":1},{"candidate":"HUSSEIN, Hutch","party":"Australian Labor Party - Victorian Branch","pct":29.31,"rank":2},{"candidate":"McALLISTER, Hilary","party":"Australian Greens","pct":16.65,"rank":3},{"candidate":"BORSOS, Denes C.","party":"Independent","pct":4.38,"rank":4},{"candidate":"HUNTER, Hollie","party":"Family First Victoria","pct":2.53,"rank":5},{"candidate":"ATCHISON, Elisha","party":"Animal Justice Party","pct":2.39,"rank":6},{"candidate":"REMENYI, Joseph Vincent","party":"Derryn Hinch's Justice Party","pct":2.25,"rank":7}]},"type":"Polygon","arcs":[[501,502,503,504,505,506,507,508,509,510,511,-593,512,-591,513,-589,514,-840,515,-838,516,-836,517,-834,518,-832,519,520,521,522,523,524,525,526,527,528,529,530,531,532,533,534,535]],"id":50},{"properties":{"district_name":"PRAHRAN","district_label":"Prahran District","region_label":"Southern Metropolitan Region","member":"HIBBINS, Sam","party":"Australian Greens","party_colour":"#1C8A43","winner_pct":62.01,"runner_up":"LUCAS, Matthew","runner_up_party":"Liberal","runner_up_pct":37.99,"margin_pct_points":24.02,"margin_basis":"preference_distribution","first_preference":[{"candidate":"HIBBINS, Sam","party":"Australian Greens","pct":36.4,"rank":1},{"candidate":"LUCAS, Matthew","party":"Liberal","pct":31.08,"rank":2},{"candidate":"CHAU, Wesa","party":"Australian Labor Party - Victorian Branch","pct":26.56,"rank":3},{"candidate":"LE HURAY, Alice","party":"Animal Justice Party","pct":3.22,"rank":4},{"candidate":"EMILSEN, Ronald","party":"Family First Victoria","pct":1.6,"rank":5},{"candidate":"MENADUE, Alan","party":"Independent","pct":1.14,"rank":6}]},"type":"Polygon","arcs":[[536,-705,537,538,539]],"id":51},{"properties":{"district_name":"PRESTON","district_label":"Preston District","region_label":"Northern Metropolitan Region","member":"LAMBERT, Nathan","party":"Australian Labor Party - Victorian Branch","party_colour":"#E4002B","winner_pct":52.09,"runner_up":"PATERSON, Patchouli","runner_up_party":"Australian Greens","runner_up_pct":47.91,"margin_pct_points":4.18,"margin_basis":"preference_distribution","first_preference":[{"candidate":"LAMBERT, Nathan","party":"Australian Labor Party - Victorian Branch","pct":37.63,"rank":1},{"candidate":"PALIOURAS, Amanda","party":"Liberal","pct":17.27,"rank":2},{"candidate":"PATERSON, Patchouli","party":"Australian Greens","pct":15.12,"rank":3},{"candidate":"GRECO, Gaetano","party":"Independent","pct":13.73,"rank":4},{"candidate":"PRICE, Steph","party":"Victorian Socialists","pct":6.17,"rank":5},{"candidate":"MATIAS, Angelique","party":"Freedom Party of Victoria","pct":2.89,"rank":6},{"candidate":"LAHIFF-JENKINS, Carmen","party":"Fiona Patten's Reason Party","pct":2.23,"rank":7},{"candidate":"SOLIMAN, Raouf","party":"Family First Victoria","pct":2.22,"rank":8},{"candidate":"UNICOMB, Rachel","party":"Animal Justice Party","pct":2.06,"rank":9},{"candidate":"SANAGHAN, Brian","party":"Independent","pct":0.68,"rank":10}]},"type":"Polygon","arcs":[[540,541,-696,542,543,544,-667,545]],"id":52},{"properties":{"district_name":"RICHMOND","district_label":"Richmond District","region_label":"Northern Metropolitan Region","member":"DE VIETRI, Gabrielle","party":"Australian Greens","party_colour":"#1C8A43","winner_pct":57.32,"runner_up":"O'DWYER, Lauren","runner_up_party":"Australian Labor Party - Victorian Branch","runner_up_pct":42.68,"margin_pct_points":14.64,"margin_basis":"preference_distribution","first_preference":[{"candidate":"DE VIETRI, Gabrielle","party":"Australian Greens","pct":34.66,"rank":1},{"candidate":"O'DWYER, Lauren","party":"Australian Labor Party - Victorian Branch","pct":32.81,"rank":2},{"candidate":"MOON, Lucas","party":"Liberal","pct":18.77,"rank":3},{"candidate":"COWEN, Jeremy","party":"Fiona Patten's Reason Party","pct":4.61,"rank":4},{"candidate":"WARD, Roz","party":"Victorian Socialists","pct":4.6,"rank":5},{"candidate":"VIGGERS, Lis","party":"Animal Justice Party","pct":2.35,"rank":6},{"candidate":"FREIVERTS, Markus","party":"Family First Victoria","pct":1.15,"rank":7},{"candidate":"HO, Meca","party":"Independent","pct":1.05,"rank":8}]},"type":"Polygon","arcs":[[546,547,548,549,550,551]],"id":53},{"properties":{"district_name":"RINGWOOD","district_label":"Ringwood District","region_label":"North-Eastern Metropolitan Region","member":"FOWLES, Will","party":"Australian Labor Party - Victorian Branch","party_colour":"#E4002B","winner_pct":57.53,"runner_up":"WATSON, Cynthia","runner_up_party":"Liberal","runner_up_pct":42.47,"margin_pct_points":15.06,"margin_basis":"preference_distribution","first_preference":[{"candidate":"FOWLES, Will","party":"Australian Labor Party - Victorian Branch","pct":39.02,"rank":1},{"candidate":"WATSON, Cynthia","party":"Liberal","pct":33.81,"rank":2},{"candidate":"STEEN, Reuben","party":"Australian Greens","pct":15.53,"rank":3},{"candidate":"RYAN, Gary","party":"Labour DLP","pct":3.68,"rank":4},{"candidate":"GRIFFITH-JONES, Richard","party":"Family First Victoria","pct":3.05,"rank":5},{"candidate":"ROWE, Nick","party":"Animal Justice Party","pct":2.65,"rank":6},{"candidate":"SIEMER, Robyn M.","party":"Freedom Party of Victoria","pct":2.27,"rank":7}]},"type":"Polygon","arcs":[[552,553,554,555,556,-726,557,-1061,558,-655]],"id":54},{"properties":{"district_name":"RIPON","district_label":"Ripon District","region_label":"Western Victoria Region","member":"HAYLETT, Martha","party":"Australian Labor Party - Victorian Branch","party_colour":"#E4002B","winner_pct":52.99,"runner_up":"STALEY, Louise","runner_up_party":"Liberal","runner_up_pct":47.01,"margin_pct_points":5.98,"margin_basis":"preference_distribution","first_preference":[{"candidate":"HAYLETT, Martha","party":"Australian Labor Party - Victorian Branch","pct":38.55,"rank":1},{"candidate":"STALEY, Louise","party":"Liberal","pct":36.15,"rank":2},{"candidate":"SMITH, Luke","party":"Shooters, Fishers & Farmers Vic","pct":8.52,"rank":3},{"candidate":"JAMES, Earl","party":"Australian Greens","pct":5.96,"rank":4},{"candidate":"GEORGE, Craig","party":"Family First Victoria","pct":3.11,"rank":5},{"candidate":"SITTERS, Holly","party":"Animal Justice Party","pct":2.7,"rank":6},{"candidate":"WILSON, Wren Louise","party":"Derryn Hinch's Justice Party","pct":2.22,"rank":7},{"candidate":"RIGG, Wayne","party":"Independent","pct":2.06,"rank":8},{"candidate":"QUINCE, Bernard","party":"Independent","pct":0.74,"rank":9}]},"type":"Polygon","arcs":[[559,560,561,562,563,564,565,566,567,568,569,570,571,572,573,574,575,576,577,578,-854,579,-852,580,581,582,583,584,-846,585,-844,586,-842,587,588,589,590,591,592,593,594,595,596,597,598,599,600,601,602,603,604,605,606,607,608,609,610,611,612,613,614,615,616,617,618,619,620,621,622,623,624,625]],"id":55},{"properties":{"district_name":"ROWVILLE","district_label":"Rowville District","region_label":"South-Eastern Metropolitan Region","member":"WELLS, Kim","party":"Liberal","party_colour":"#0047AB","winner_pct":53.67,"runner_up":"VERMA, Mannie Kaur","runner_up_party":"Australian Labor Party - Victorian Branch","runner_up_pct":46.33,"margin_pct_points":7.34,"margin_basis":"preference_distribution","first_preference":[{"candidate":"WELLS, Kim","party":"Liberal","pct":40.58,"rank":1},{"candidate":"VERMA, Mannie Kaur","party":"Australian Labor Party - Victorian Branch","pct":32.93,"rank":2},{"candidate":"SEYMOUR, Nicole","party":"Independent","pct":12.06,"rank":3},{"candidate":"DI CAMILLO, Angelica","party":"Australian Greens","pct":7.04,"rank":4},{"candidate":"BURGESS, Stephen","party":"Family First Victoria","pct":3.3,"rank":5},{"candidate":"SMULDERS, Peterine Elizabeth","party":"Freedom Party of Victoria","pct":2.09,"rank":6},{"candidate":"GLENANE, Diane","party":"Animal Justice Party","pct":1.98,"rank":7}]},"type":"Polygon","arcs":[[626,-1057,627,-1055,628,629,630,631,632,633,634,635]],"id":56},{"properties":{"district_name":"BENTLEIGH","district_label":"Bentleigh District","region_label":"Southern Metropolitan Region","member":"STAIKOS, Nick","party":"Australian Labor Party - Victorian Branch","party_colour":"#E4002B","winner_pct":58.04,"runner_up":"TAYLOR-HAYNES, Debbie","runner_up_party":"Liberal","runner_up_pct":41.96,"margin_pct_points":16.08,"margin_basis":"preference_distribution","first_preference":[{"candidate":"STAIKOS, Nick","party":"Australian Labor Party - Victorian Branch","pct":45.78,"rank":1},{"candidate":"TAYLOR-HAYNES, Debbie","party":"Liberal","pct":36.35,"rank":2},{"candidate":"GALLI-MCROSTIE, Alana","party":"Australian Greens","pct":10.74,"rank":3},{"candidate":"RYAN, Paul","party":"Family First Victoria","pct":2.95,"rank":4},{"candidate":"HARRIS, David","party":"Animal Justice Party","pct":2.43,"rank":5},{"candidate":"GNIESLAW, Simon","party":"Independent","pct":1.75,"rank":6}]},"type":"Polygon","arcs":[[636,-714,637,-657]],"id":57},{"properties":{"district_name":"BERWICK","district_label":"Berwick District","region_label":"South-Eastern Metropolitan Region","member":"BATTIN, Brad","party":"Liberal","party_colour":"#0047AB","winner_pct":50.11,"runner_up":"ZAVEER, Malik","runner_up_party":"Australian Labor Party - Victorian Branch","runner_up_pct":37.26,"margin_pct_points":12.85,"margin_basis":"preference_distribution_multirow_final_count","first_preference":[{"candidate":"BATTIN, Brad","party":"Liberal","pct":45.23,"rank":1},{"candidate":"ZAVEER, Malik","party":"Australian Labor Party - Victorian Branch","pct":35.84,"rank":2},{"candidate":"PERRY, Hayley","party":"Australian Greens","pct":9.7,"rank":3},{"candidate":"HAUPT, Kerry","party":"Freedom Party of Victoria","pct":3.54,"rank":4},{"candidate":"van der HORST, Joel","party":"Family First Victoria","pct":3.36,"rank":5},{"candidate":"DOLHEGUY, Katherine","party":"Animal Justice Party","pct":2.32,"rank":6}]},"type":"Polygon","arcs":[[638,639,640,641,642,643,644,645,646,647,648,649,650]],"id":58},{"properties":{"district_name":"BOX HILL","district_label":"Box Hill District","region_label":"North-Eastern Metropolitan Region","member":"HAMER, Paul","party":"Australian Labor Party - Victorian Branch","party_colour":"#E4002B","winner_pct":57.23,"runner_up":"WERNER, Nicole Ta-Ei","runner_up_party":"Liberal","runner_up_pct":42.77,"margin_pct_points":14.46,"margin_basis":"preference_distribution","first_preference":[{"candidate":"HAMER, Paul","party":"Australian Labor Party - Victorian Branch","pct":41.35,"rank":1},{"candidate":"WERNER, Nicole Ta-Ei","party":"Liberal","pct":35.15,"rank":2},{"candidate":"SHAN, Joanne","party":"Australian Greens","pct":14.13,"rank":3},{"candidate":"DEAN, Paul","party":"Labour DLP","pct":2.44,"rank":4},{"candidate":"FOLLONI, Sebastian","party":"Animal Justice Party","pct":1.86,"rank":5},{"candidate":"ONG, Gary","party":"Family First Victoria","pct":1.82,"rank":6},{"candidate":"RIERA, Alicia","party":"Freedom Party of Victoria","pct":1.22,"rank":7},{"candidate":"TSENG, Wayne","party":"Independent","pct":1.05,"rank":8},{"candidate":"LISTON, Cameron","party":"Independent","pct":0.98,"rank":9}]},"type":"Polygon","arcs":[[-680,651,652,653,654,655]],"id":59},{"properties":{"district_name":"BRIGHTON","district_label":"Brighton District","region_label":"Southern Metropolitan Region","member":"NEWBURY, James","party":"Liberal","party_colour":"#0047AB","winner_pct":50.32,"runner_up":"CRAWFORD, Louise","runner_up_party":"Australian Labor Party - Victorian Branch","runner_up_pct":28.76,"margin_pct_points":21.56,"margin_basis":"preference_distribution_multirow_final_count","first_preference":[{"candidate":"NEWBURY, James","party":"Liberal","pct":45.61,"rank":1},{"candidate":"CRAWFORD, Louise","party":"Australian Labor Party - Victorian Branch","pct":24.67,"rank":2},{"candidate":"DEKIERE, Sarah","party":"Australian Greens","pct":13.79,"rank":3},{"candidate":"FREDERICO, Felicity","party":"Independent","pct":9.1,"rank":4},{"candidate":"GIBSON, Sally","party":"Independent","pct":2.28,"rank":5},{"candidate":"WALKER, Alicia","party":"Animal Justice Party","pct":2.07,"rank":6},{"candidate":"SCIOLA, Nick","party":"Family First Victoria","pct":1.35,"rank":7},{"candidate":"CASLEY, John Tiger","party":"Independent","pct":0.61,"rank":8},{"candidate":"TIMMS, Allan L.","party":"Independent","pct":0.51,"rank":9}]},"type":"Polygon","arcs":[[656,657,658,659,660,-704]],"id":60},{"properties":{"district_name":"BROADMEADOWS","district_label":"Broadmeadows District","region_label":"Northern Metropolitan Region","member":"MATTHEWS-WARD, Kathleen","party":"Australian Labor Party - Victorian Branch","party_colour":"#E4002B","winner_pct":51.94,"runner_up":"DUZOVA, Baris","runner_up_party":"Liberal","runner_up_pct":29.95,"margin_pct_points":21.99,"margin_basis":"preference_distribution_multirow_final_count","first_preference":[{"candidate":"MATTHEWS-WARD, Kathleen","party":"Australian Labor Party - Victorian Branch","pct":45.71,"rank":1},{"candidate":"DUZOVA, Baris","party":"Liberal","pct":23.13,"rank":2},{"candidate":"AGUILUS, Joe","party":"Australian Greens","pct":8.36,"rank":3},{"candidate":"HASSAN, Omar","party":"Victorian Socialists","pct":8.04,"rank":4},{"candidate":"TAM, Bienne","party":"Family First Victoria","pct":4.63,"rank":5},{"candidate":"ELMUSTAPHA, Mohamad","party":"Independent","pct":3.78,"rank":6},{"candidate":"FEILD, Candace","party":"Animal Justice Party","pct":2.96,"rank":7},{"candidate":"SUTTER, Ben","party":"Fiona Patten's Reason Party","pct":2.34,"rank":8},{"candidate":"HUYBREGTS, Arie","party":"Independent","pct":1.04,"rank":9}]},"type":"Polygon","arcs":[[-1072,661,662,663,664,665,666,667,668,669,-814,670]],"id":61},{"properties":{"district_name":"BRUNSWICK","district_label":"Brunswick District","region_label":"Northern Metropolitan Region","member":"READ, Tim","party":"Australian Greens","party_colour":"#1C8A43","winner_pct":55.15,"runner_up":"WILLIAMS, Mike","runner_up_party":"Australian Labor Party - Victorian Branch","runner_up_pct":31.89,"margin_pct_points":23.26,"margin_basis":"preference_distribution_multirow_final_count","first_preference":[{"candidate":"READ, Tim","party":"Australian Greens","pct":43.64,"rank":1},{"candidate":"WILLIAMS, Mike","party":"Australian Labor Party - Victorian Branch","pct":28.52,"rank":2},{"candidate":"NGUYEN, Minh Quan","party":"Liberal","pct":10.87,"rank":3},{"candidate":"JIMENEZ, Nahui","party":"Victorian Socialists","pct":8.07,"rank":4},{"candidate":"EVANS, Shea","party":"Fiona Patten's Reason Party","pct":4.45,"rank":5},{"candidate":"LAMARCHE-BEAUCHESNE, Rachel","party":"Animal Justice Party","pct":1.61,"rank":6},{"candidate":"HELOU, Anthony","party":"Independent","pct":1.27,"rank":7},{"candidate":"SHAKER, Lilian Sabry","party":"Family First Victoria","pct":1.22,"rank":8},{"candidate":"TAYLOR, Kenneth Charles","party":"Independent","pct":0.35,"rank":9}]},"type":"Polygon","arcs":[[671,672,673,674,675,676]],"id":62},{"properties":{"district_name":"BULLEEN","district_label":"Bulleen District","region_label":"North-Eastern Metropolitan Region","member":"GUY, Matthew","party":"Liberal","party_colour":"#0047AB","winner_pct":52.08,"runner_up":"ROGERS, Ian","runner_up_party":"Australian Labor Party - Victorian Branch","runner_up_pct":34.52,"margin_pct_points":17.56,"margin_basis":"preference_distribution_multirow_final_count","first_preference":[{"candidate":"GUY, Matthew","party":"Liberal","pct":48.06,"rank":1},{"candidate":"ROGERS, Ian","party":"Australian Labor Party - Victorian Branch","pct":32.71,"rank":2},{"candidate":"STAFFORD, Kellie","party":"Australian Greens","pct":10.65,"rank":3},{"candidate":"PATRIKIOS, Voula","party":"Freedom Party of Victoria","pct":2.73,"rank":4},{"candidate":"STOKES, Jason","party":"Family First Victoria","pct":2.36,"rank":5},{"candidate":"JAFARI, Elnaz","party":"Animal Justice Party","pct":2.02,"rank":6},{"candidate":"SABHLOK, Sanjeev","party":"Independent","pct":0.98,"rank":7},{"candidate":"VINCENT, David","party":"Independent","pct":0.5,"rank":8}]},"type":"Polygon","arcs":[[677,678,679,680,681,682,-1095,683,-1093,684,-1091,685,-798]],"id":63},{"properties":{"district_name":"BUNDOORA","district_label":"Bundoora District","region_label":"North-Eastern Metropolitan Region","member":"BROOKS, Colin","party":"Australian Labor Party - Victorian Branch","party_colour":"#E4002B","winner_pct":50.37,"runner_up":"TOMAR, Sahil","runner_up_party":"Liberal","runner_up_pct":32.96,"margin_pct_points":17.41,"margin_basis":"preference_distribution_multirow_final_count","first_preference":[{"candidate":"BROOKS, Colin","party":"Australian Labor Party - Victorian Branch","pct":47.82,"rank":1},{"candidate":"TOMAR, Sahil","party":"Liberal","pct":27.68,"rank":2},{"candidate":"O'BRIEN, Julie","party":"Australian Greens","pct":13.17,"rank":3},{"candidate":"LU, Andrew","party":"Freedom Party of Victoria","pct":4.06,"rank":4},{"candidate":"JONES, Ethan","party":"Family First Victoria","pct":3.21,"rank":5},{"candidate":"HOLGATE, Bella","party":"Animal Justice Party","pct":3.05,"rank":6},{"candidate":"KOELMEYER, Eric","party":"Independent","pct":1.01,"rank":7}]},"type":"Polygon","arcs":[[686,687,688,689,690,691,-804,692,-802,693,-1101,694,695,696]],"id":64},{"properties":{"district_name":"CARRUM","district_label":"Carrum District","region_label":"South-Eastern Metropolitan Region","member":"KILKENNY, Sonya","party":"Australian Labor Party - Victorian Branch","party_colour":"#E4002B","winner_pct":50.04,"runner_up":"BUCHANAN, Bec","runner_up_party":"Liberal","runner_up_pct":30.59,"margin_pct_points":19.45,"margin_basis":"preference_distribution_multirow_final_count","first_preference":[{"candidate":"KILKENNY, Sonya","party":"Australian Labor Party - Victorian Branch","pct":49.85,"rank":1},{"candidate":"BUCHANAN, Bec","party":"Liberal","pct":30.35,"rank":2},{"candidate":"LILLICO, Jayde","party":"Australian Greens","pct":7.58,"rank":3},{"candidate":"EREVNIDIS, Georgia","party":"Freedom Party of Victoria","pct":4.04,"rank":4},{"candidate":"CAMERON, Jeremy","party":"Family First Victoria","pct":3.13,"rank":5},{"candidate":"MACGREGOR OWEN, Taylor","party":"Animal Justice Party","pct":2.77,"rank":6},{"candidate":"WILLIS, Damian","party":"Independent","pct":2.28,"rank":7}]},"type":"Polygon","arcs":[[-940,697,698,699,-736,700,701,702,-1075]],"id":65},{"properties":{"district_name":"CAULFIELD","district_label":"Caulfield District","region_label":"Southern Metropolitan Region","member":"SOUTHWICK, David","party":"Liberal","party_colour":"#0047AB","winner_pct":52.07,"runner_up":"HAREL, Lior","runner_up_party":"Australian Labor Party - Victorian Branch","runner_up_pct":47.93,"margin_pct_points":4.14,"margin_basis":"preference_distribution","first_preference":[{"candidate":"SOUTHWICK, David","party":"Liberal","pct":44.46,"rank":1},{"candidate":"HAREL, Lior","party":"Australian Labor Party - Victorian Branch","pct":27.78,"rank":2},{"candidate":"IAMPOLSKI, Rachel","party":"Australian Greens","pct":15.85,"rank":3},{"candidate":"KALTMANN, Nomi","party":"Independent","pct":6.5,"rank":4},{"candidate":"MYERSON, Asher","party":"Animal Justice Party","pct":2.23,"rank":5},{"candidate":"ABELMAN, Michael","party":"Liberal Democrats","pct":1.82,"rank":6},{"candidate":"EDWELL, Lynne","party":"Family First Victoria","pct":1.37,"rank":7}]},"type":"Polygon","arcs":[[703,704,705,706,707,708,709]],"id":66},{"properties":{"district_name":"CLARINDA","district_label":"Clarinda District","region_label":"South-Eastern Metropolitan Region","member":"TAK, Meng Heang","party":"Australian Labor Party - Victorian Branch","party_colour":"#E4002B","winner_pct":54.12,"runner_up":"RICHARDSON, Anthony","runner_up_party":"Liberal","runner_up_pct":31.85,"margin_pct_points":22.27,"margin_basis":"preference_distribution_multirow_final_count","first_preference":[{"candidate":"TAK, Meng Heang","party":"Australian Labor Party - Victorian Branch","pct":45.46,"rank":1},{"candidate":"RICHARDSON, Anthony","party":"Liberal","pct":28.58,"rank":2},{"candidate":"MOFFETT, Jessamine","party":"Australian Greens","pct":7.96,"rank":3},{"candidate":"WHITE, Caroline","party":"Independent","pct":7.81,"rank":4},{"candidate":"HASTINGS, Karen","party":"Family First Victoria","pct":3.0,"rank":5},{"candidate":"VO, Hung","party":"Independent","pct":2.77,"rank":6},{"candidate":"LITCHFIELD, Sue","party":"Animal Justice Party","pct":2.48,"rank":7},{"candidate":"WOLFE, Steve","party":"Freedom Party of Victoria","pct":1.96,"rank":8}]},"type":"Polygon","arcs":[[-733,710,711,712,713,714,715,716,717]],"id":67},{"properties":{"district_name":"CRANBOURNE","district_label":"Cranbourne District","region_label":"South-Eastern Metropolitan Region","member":"RICHARDS, Pauline","party":"Australian Labor Party - Victorian Branch","party_colour":"#E4002B","winner_pct":53.72,"runner_up":"SINGH, Jagdeep","runner_up_party":"Liberal","runner_up_pct":31.78,"margin_pct_points":21.94,"margin_basis":"preference_distribution_multirow_final_count","first_preference":[{"candidate":"RICHARDS, Pauline","party":"Australian Labor Party - Victorian Branch","pct":46.18,"rank":1},{"candidate":"SINGH, Jagdeep","party":"Liberal","pct":27.51,"rank":2},{"candidate":"VEMPATI, Kiran","party":"Australian Greens","pct":5.59,"rank":3},{"candidate":"HARVEY, Bradley","party":"Family First Victoria","pct":5.51,"rank":4},{"candidate":"NORTON, Chris","party":"Labour DLP","pct":5.01,"rank":5},{"candidate":"HANSEN, Gerardine Frances","party":"Freedom Party of Victoria","pct":4.38,"rank":6},{"candidate":"PHILPOTT, Peter Bernard","party":"Derryn Hinch's Justice Party","pct":2.76,"rank":7},{"candidate":"BRENNAN, Gwynne","party":"Animal Justice Party","pct":2.46,"rank":8},{"candidate":"RAGUPATHY, Ravi","party":"Independent","pct":0.59,"rank":9}]},"type":"Polygon","arcs":[[718,719,720]],"id":68},{"properties":{"district_name":"CROYDON","district_label":"Croydon District","region_label":"North-Eastern Metropolitan Region","member":"HODGETT, David","party":"Liberal","party_colour":"#0047AB","winner_pct":51.37,"runner_up":"GRASSO, Sorina","runner_up_party":"Australian Labor Party - Victorian Branch","runner_up_pct":48.63,"margin_pct_points":2.74,"margin_basis":"preference_distribution","first_preference":[{"candidate":"HODGETT, David","party":"Liberal","pct":42.96,"rank":1},{"candidate":"GRASSO, Sorina","party":"Australian Labor Party - Victorian Branch","pct":34.1,"rank":2},{"candidate":"POWELL, Brendan","party":"Australian Greens","pct":10.82,"rank":3},{"candidate":"NEBAUER, Dan","party":"Family First Victoria","pct":4.49,"rank":4},{"candidate":"de WIT, Sophia","party":"Labour DLP","pct":4.33,"rank":5},{"candidate":"McDONALD-ECKERSALL, Harley","party":"Animal Justice Party","pct":3.29,"rank":6}]},"type":"Polygon","arcs":[[721,722,723,724,725,726,727,728,-917,729,-915]],"id":69},{"properties":{"district_name":"DANDENONG","district_label":"Dandenong District","region_label":"South-Eastern Metropolitan Region","member":"WILLIAMS, Gabrielle","party":"Australian Labor Party - Victorian Branch","party_colour":"#E4002B","winner_pct":54.87,"runner_up":"BROADLEY, Karen","runner_up_party":"Liberal","runner_up_pct":21.45,"margin_pct_points":33.42,"margin_basis":"primary_vote_outright_majority","first_preference":[{"candidate":"WILLIAMS, Gabrielle","party":"Australian Labor Party - Victorian Branch","pct":54.87,"rank":1},{"candidate":"BROADLEY, Karen","party":"Liberal","pct":21.45,"rank":2},{"candidate":"KIRWAN, Matthew","party":"Australian Greens","pct":8.14,"rank":3},{"candidate":"HARMSE, Audrey","party":"Family First Victoria","pct":6.88,"rank":4},{"candidate":"LEVCHENKO, Anthony","party":"Freedom Party of Victoria","pct":3.74,"rank":5},{"candidate":"KLOP, Andrew","party":"Animal Justice Party","pct":2.49,"rank":6},{"candidate":"TURNER, Tham","party":"Liberal Democrats","pct":2.43,"rank":7}]},"type":"Polygon","arcs":[[730,731,732,733,734,735,736]],"id":70},{"properties":{"district_name":"EILDON","district_label":"Eildon District","region_label":"Northern Victoria Region","member":"McLEISH, Cindy","party":"Liberal","party_colour":"#0047AB","winner_pct":53.34,"runner_up":"JUDD, Jane","runner_up_party":"Australian Labor Party - Victorian Branch","runner_up_pct":31.11,"margin_pct_points":22.23,"margin_basis":"preference_distribution_multirow_final_count","first_preference":[{"candidate":"McLEISH, Cindy","party":"Liberal","pct":47.45,"rank":1},{"candidate":"JUDD, Jane","party":"Australian Labor Party - Victorian Branch","pct":28.97,"rank":2},{"candidate":"MIKELSONS, Wil","party":"Australian Greens","pct":11.21,"rank":3},{"candidate":"LACEY, Tim","party":"Family First Victoria","pct":3.39,"rank":4},{"candidate":"RUSIC, Joshua","party":"Freedom Party of Victoria","pct":3.36,"rank":5},{"candidate":"BOND, Chloe","party":"Animal Justice Party","pct":3.16,"rank":6},{"candidate":"CORDNER HUNT, Kammy","party":"Independent","pct":1.37,"rank":7},{"candidate":"THORNTON, Robert","party":"Independent","pct":1.08,"rank":8}]},"type":"Polygon","arcs":[[737,-882,738,-880,739,-878,740,-876,741,-874,742,-872,743,744,-993,745,746,747,748,749,750,751,752,753,754,755,756,757,758,759,760,761,762,763,764,765,766,767,768,769,770,771,772,773,774,775,776,777,-927,778,-925,779,-923,780,-921,781,782,783,784,785,786,787,788,789,-810,790,-808,791,792,793,794,795,796]],"id":71},{"properties":{"district_name":"ELTHAM","district_label":"Eltham District","region_label":"North-Eastern Metropolitan Region","member":"WARD, Vicki","party":"Australian Labor Party - Victorian Branch","party_colour":"#E4002B","winner_pct":59.0,"runner_up":"McCLINTOCK, Jason","runner_up_party":"Liberal","runner_up_pct":41.0,"margin_pct_points":18.0,"margin_basis":"preference_distribution","first_preference":[{"candidate":"WARD, Vicki","party":"Australian Labor Party - Victorian Branch","pct":44.5,"rank":1},{"candidate":"McCLINTOCK, Jason","party":"Liberal","pct":35.61,"rank":2},{"candidate":"GRIMES, Alex","party":"Australian Greens","pct":13.45,"rank":3},{"candidate":"STUBLEY, Hugh","party":"Family First Victoria","pct":2.55,"rank":4},{"candidate":"MARSHALL, Catriona","party":"Animal Justice Party","pct":2.27,"rank":5},{"candidate":"KARIMI, Leila","party":"Labour DLP","pct":1.62,"rank":6}]},"type":"Polygon","arcs":[[797,798,-1105,799,-1103,800,801,802,803,804,805,806,807,808,809,810,811]],"id":72},{"properties":{"district_name":"ESSENDON","district_label":"Essendon District","region_label":"Northern Metropolitan Region","member":"PEARSON, Danny","party":"Australian Labor Party - Victorian Branch","party_colour":"#E4002B","winner_pct":62.45,"runner_up":"BARONESSA, Angelo","runner_up_party":"Liberal","runner_up_pct":37.55,"margin_pct_points":24.9,"margin_basis":"preference_distribution","first_preference":[{"candidate":"PEARSON, Danny","party":"Australian Labor Party - Victorian Branch","pct":41.07,"rank":1},{"candidate":"BARONESSA, Angelo","party":"Liberal","pct":29.45,"rank":2},{"candidate":"PRENTIS, Jared","party":"Australian Greens","pct":15.15,"rank":3},{"candidate":"DADICH, Daniel Nair","party":"Victorian Socialists","pct":4.66,"rank":4},{"candidate":"WILLIAMS, Gayle","party":"Animal Justice Party","pct":2.8,"rank":5},{"candidate":"HOPE, Nicholas","party":"Fiona Patten's Reason Party","pct":2.43,"rank":6},{"candidate":"WRIGHT, David","party":"Freedom Party of Victoria","pct":2.4,"rank":7},{"candidate":"MUIR, Margaret","party":"Family First Victoria","pct":2.03,"rank":8}]},"type":"Polygon","arcs":[[812,813,814,815,816,817,818,819]],"id":73},{"properties":{"district_name":"EUREKA","district_label":"Eureka District","region_label":"Western Victoria Region","member":"SETTLE, Michaela","party":"Australian Labor Party - Victorian Branch","party_colour":"#E4002B","winner_pct":57.17,"runner_up":"TATCHELL, Paul","runner_up_party":"Liberal","runner_up_pct":42.83,"margin_pct_points":14.34,"margin_basis":"preference_distribution","first_preference":[{"candidate":"SETTLE, Michaela","party":"Australian Labor Party - Victorian Branch","pct":40.96,"rank":1},{"candidate":"TATCHELL, Paul","party":"Liberal","pct":31.65,"rank":2},{"candidate":"McCOLL, Sam","party":"Australian Greens","pct":10.8,"rank":3},{"candidate":"RICKARD, Tabitha","party":"Labour DLP","pct":4.02,"rank":4},{"candidate":"MORRISON, Wendy","party":"Animal Justice Party","pct":3.36,"rank":5},{"candidate":"GARCIA, Adrian","party":"Family First Victoria","pct":2.73,"rank":6},{"candidate":"REID, Nicola","party":"Independent","pct":2.39,"rank":7},{"candidate":"GIAMPAOLO, Anthony Joseph","party":"Freedom Party of Victoria","pct":2.14,"rank":8},{"candidate":"RAY, Michael","party":"Independent","pct":1.47,"rank":9},{"candidate":"BANWELL, Mark William","party":"Independent","pct":0.49,"rank":10}]},"type":"Polygon","arcs":[[820,821,822,823,824,825,826,827,828,829,-942,830,831,832,833,834,835,836,837,838,839,840,841,842,843,844,845,846,847,848,849,850,851,852,853,854,855,856,857,858,859,860,861,862,863]],"id":74},{"properties":{"district_name":"EUROA","district_label":"Euroa District","region_label":"Northern Victoria Region","member":"CLEELAND, Annabelle","party":"The Nationals","party_colour":"#B8860B","winner_pct":59.93,"runner_up":"TOUGH, Angela","runner_up_party":"Australian Labor Party - Victorian Branch","runner_up_pct":40.07,"margin_pct_points":19.86,"margin_basis":"preference_distribution","first_preference":[{"candidate":"CLEELAND, Annabelle","party":"The Nationals","pct":31.95,"rank":1},{"candidate":"TOUGH, Angela","party":"Australian Labor Party - Victorian Branch","pct":30.4,"rank":2},{"candidate":"HEARN, Brad","party":"Liberal","pct":21.84,"rank":3},{"candidate":"BENNETT, James","party":"Australian Greens","pct":5.31,"rank":4},{"candidate":"ROWBOTHAM, Raymond Mark","party":"Freedom Party of Victoria","pct":4.19,"rank":5},{"candidate":"BACHELOR, Paul","party":"Family First Victoria","pct":3.54,"rank":6},{"candidate":"HADDOCK, Elaine","party":"Animal Justice Party","pct":2.77,"rank":7}]},"type":"Polygon","arcs":[[864,865,866,867,868,869,870,871,872,873,874,875,876,877,878,879,880,881,882,883,884,885,886,887,888,889,890,891,892,-1124,893,-1122,894,895,896,897,898,899,900,901,902,903,904,905,906,907,908,909,910,911,912,913]],"id":75},{"properties":{"district_name":"EVELYN","district_label":"Evelyn District","region_label":"Eastern Victoria Region","member":"VALLENCE, Bridget","party":"Liberal","party_colour":"#0047AB","winner_pct":51.95,"runner_up":"DENT, Lorna","runner_up_party":"Australian Labor Party - Victorian Branch","runner_up_pct":35.2,"margin_pct_points":16.75,"margin_basis":"preference_distribution_multirow_final_count","first_preference":[{"candidate":"VALLENCE, Bridget","party":"Liberal","pct":46.68,"rank":1},{"candidate":"DENT, Lorna","party":"Australian Labor Party - Victorian Branch","pct":32.7,"rank":2},{"candidate":"HENLEY, Andrew","party":"Australian Greens","pct":9.28,"rank":3},{"candidate":"DOBSON, Jeanette","party":"Family First Victoria","pct":5.31,"rank":4},{"candidate":"HEALD, Jan","party":"Animal Justice Party","pct":4.17,"rank":5},{"candidate":"DE FRANCESCO, Nat","party":"Independent","pct":1.03,"rank":6},{"candidate":"DE FRANCESCO, Rosalie","party":"Independent","pct":0.84,"rank":7}]},"type":"Polygon","arcs":[[914,915,916,917,918,919,920,921,922,923,924,925,926,927,928]],"id":76},{"properties":{"district_name":"FOOTSCRAY","district_label":"Footscray District","region_label":"Western Metropolitan Region","member":"HALL, Katie","party":"Australian Labor Party - Victorian Branch","party_colour":"#E4002B","winner_pct":54.24,"runner_up":"PEREYRA, Elena","runner_up_party":"Australian Greens","runner_up_pct":45.76,"margin_pct_points":8.48,"margin_basis":"preference_distribution","first_preference":[{"candidate":"HALL, Katie","party":"Australian Labor Party - Victorian Branch","pct":43.1,"rank":1},{"candidate":"PEREYRA, Elena","party":"Australian Greens","pct":22.42,"rank":2},{"candidate":"JOESIKA, Emete","party":"Liberal","pct":17.88,"rank":3},{"candidate":"JORQUERA, Jorge","party":"Victorian Socialists","pct":9.34,"rank":4},{"candidate":"WILLIAMS, Alan","party":"Labour DLP","pct":2.72,"rank":5},{"candidate":"MANSOURI JAJAEE, Shohre","party":"Animal Justice Party","pct":2.45,"rank":6},{"candidate":"MUIR, Russell","party":"Family First Victoria","pct":2.08,"rank":7}]},"type":"Polygon","arcs":[[929,930,931,932,933,934,935,936,937]],"id":77},{"properties":{"district_name":"FRANKSTON","district_label":"Frankston District","region_label":"South-Eastern Metropolitan Region","member":"EDBROOKE, Paul","party":"Australian Labor Party - Victorian Branch","party_colour":"#E4002B","winner_pct":58.66,"runner_up":"O'REILLY, Michael","runner_up_party":"Liberal","runner_up_pct":41.34,"margin_pct_points":17.32,"margin_basis":"preference_distribution","first_preference":[{"candidate":"EDBROOKE, Paul","party":"Australian Labor Party - Victorian Branch","pct":41.55,"rank":1},{"candidate":"O'REILLY, Michael","party":"Liberal","pct":29.45,"rank":2},{"candidate":"GREEN, Emily","party":"Australian Greens","pct":12.67,"rank":3},{"candidate":"SURIC, Dragan","party":"Freedom Party of Victoria","pct":3.61,"rank":4},{"candidate":"ABRAHAM, Chrysten","party":"Liberal Democrats","pct":3.56,"rank":5},{"candidate":"JOHNSTON, Elizabeth","party":"Animal Justice Party","pct":3.42,"rank":6},{"candidate":"BROWN, Richard","party":"Family First Victoria","pct":2.71,"rank":7},{"candidate":"BERGWERF, Darren Paul","party":"Independent","pct":2.11,"rank":8},{"candidate":"KELSALL, Henry","party":"Independent","pct":0.92,"rank":9}]},"type":"Polygon","arcs":[[-1083,938,939]],"id":78},{"properties":{"district_name":"GEELONG","district_label":"Geelong District","region_label":"Western Victoria Region","member":"COUZENS, Christine","party":"Australian Labor Party - Victorian Branch","party_colour":"#E4002B","winner_pct":64.71,"runner_up":"BENNETT-HULLIN, James","runner_up_party":"Liberal","runner_up_pct":35.29,"margin_pct_points":29.42,"margin_basis":"preference_distribution","first_preference":[{"candidate":"COUZENS, Christine","party":"Australian Labor Party - Victorian Branch","pct":46.37,"rank":1},{"candidate":"BENNETT-HULLIN, James","party":"Liberal","pct":27.24,"rank":2},{"candidate":"SMITH, Aleisha","party":"Australian Greens","pct":15.3,"rank":3},{"candidate":"PARKER-HILL, Madeleine","party":"Family First Victoria","pct":4.58,"rank":4},{"candidate":"MOTTA, Bob","party":"Animal Justice Party","pct":3.27,"rank":5},{"candidate":"CARR, Angela","party":"Independent","pct":2.22,"rank":6},{"candidate":"JUHASZ, Stephen","party":"Independent","pct":1.02,"rank":7}]},"type":"Polygon","arcs":[[940,941,942,943,944,945,946,947,948,949,950,951,952,953]],"id":79},{"properties":{"district_name":"GIPPSLAND EAST","district_label":"Gippsland East District","region_label":"Eastern Victoria Region","member":"BULL, Tim","party":"The Nationals","party_colour":"#B8860B","winner_pct":63.34,"runner_up":"RICHARDSON, Stephen","runner_up_party":"Australian Labor Party - Victorian Branch","runner_up_pct":17.04,"margin_pct_points":46.3,"margin_basis":"primary_vote_outright_majority","first_preference":[{"candidate":"BULL, Tim","party":"The Nationals","pct":63.34,"rank":1},{"candidate":"RICHARDSON, Stephen","party":"Australian Labor Party - Victorian Branch","pct":17.04,"rank":2},{"candidate":"LING, Nissa","party":"Australian Greens","pct":6.37,"rank":3},{"candidate":"MUIR, Ricky","party":"Shooters, Fishers & Farmers Vic","pct":5.83,"rank":4},{"candidate":"BARNES, Ed","party":"Freedom Party of Victoria","pct":3.17,"rank":5},{"candidate":"FECHNER, Carl John","party":"Family First Victoria","pct":2.53,"rank":6},{"candidate":"COURT, Sally","party":"Animal Justice Party","pct":1.72,"rank":7}]},"type":"Polygon","arcs":[[954,955,956,957,958,959,960,961,962,963,-1030,964,-1028,965,-1026,966,-1024,967,-1022,968,-1020,969,-1018,970,-1016,971,-1014,972,-1012,973,-1010,974,-1008,975,-1006,976,-1004,977,-1002,978,-1000,979,-998,980,-996,981,982,983,984,985,986,987,988,989,990,991,992]],"id":80},{"properties":{"district_name":"GIPPSLAND SOUTH","district_label":"Gippsland South District","region_label":"Eastern Victoria Region","member":"O'BRIEN, Danny","party":"The Nationals","party_colour":"#B8860B","winner_pct":53.27,"runner_up":"RYAN, Denise","runner_up_party":"Australian Labor Party - Victorian Branch","runner_up_pct":23.42,"margin_pct_points":29.85,"margin_basis":"primary_vote_outright_majority","first_preference":[{"candidate":"O'BRIEN, Danny","party":"The Nationals","pct":53.27,"rank":1},{"candidate":"RYAN, Denise","party":"Australian Labor Party - Victorian Branch","pct":23.42,"rank":2},{"candidate":"TIZIANI-SIMPSON, Jay","party":"Australian Greens","pct":8.35,"rank":3},{"candidate":"ESLER, Clay","party":"Independent","pct":5.7,"rank":4},{"candidate":"NEWNHAM, Angela","party":"Freedom Party of Victoria","pct":3.2,"rank":5},{"candidate":"JEGES, Helen","party":"Animal Justice Party","pct":3.19,"rank":6},{"candidate":"FURLONG, Paul","party":"Family First Victoria","pct":2.88,"rank":7}]},"type":"Polygon","arcs":[[993,994,995,996,997,998,999,1000,1001,1002,1003,1004,1005,1006,1007,1008,1009,1010,1011,1012,1013,1014,1015,1016,1017,1018,1019,1020,1021,1022,1023,1024,1025,1026,1027,1028,1029,1030,1031,1032,1033,1034,1035,1036,1037,1038,1039,1040,1041,1042,1043,1044,1045,1046,1047,1048,1049,1050,1051]],"id":81},{"properties":{"district_name":"GLEN WAVERLEY","district_label":"Glen Waverley District","region_label":"North-Eastern Metropolitan Region","member":"MULLAHY, John","party":"Australian Labor Party - Victorian Branch","party_colour":"#E4002B","winner_pct":53.3,"runner_up":"ANGUS, Neil","runner_up_party":"Liberal","runner_up_pct":46.7,"margin_pct_points":6.6,"margin_basis":"preference_distribution","first_preference":[{"candidate":"MULLAHY, John","party":"Australian Labor Party - Victorian Branch","pct":40.64,"rank":1},{"candidate":"ANGUS, Neil","party":"Liberal","pct":40.17,"rank":2},{"candidate":"PARTRIDGE, Steph","party":"Australian Greens","pct":9.58,"rank":3},{"candidate":"MARSH, Scott","party":"Labour DLP","pct":4.16,"rank":4},{"candidate":"HUISMAN, Kristeen","party":"Family First Victoria","pct":2.18,"rank":5},{"candidate":"HANCE, Maddy","party":"Animal Justice Party","pct":1.8,"rank":6},{"candidate":"HARRIS, Joyce Maree","party":"Freedom Party of Victoria","pct":1.49,"rank":7}]},"type":"Polygon","arcs":[[1052,1053,1054,1055,1056,1057,1058,1059,1060]],"id":82},{"properties":{"district_name":"GREENVALE","district_label":"Greenvale District","region_label":"Northern Metropolitan Region","member":"WALTERS, Iwan","party":"Australian Labor Party - Victorian Branch","party_colour":"#E4002B","winner_pct":51.24,"runner_up":"GHANI, Usman","runner_up_party":"Liberal","runner_up_pct":33.72,"margin_pct_points":17.52,"margin_basis":"preference_distribution_multirow_final_count","first_preference":[{"candidate":"WALTERS, Iwan","party":"Australian Labor Party - Victorian Branch","pct":41.47,"rank":1},{"candidate":"GHANI, Usman","party":"Liberal","pct":25.39,"rank":2},{"candidate":"BENGTSSON, Maria","party":"Family First Victoria","pct":7.37,"rank":3},{"candidate":"YOLBULAN, Mutullah Can","party":"Victorian Socialists","pct":6.85,"rank":4},{"candidate":"ERCIYAS, Fatma","party":"Independent","pct":6.41,"rank":5},{"candidate":"SANTA-ISABEL, Cristina","party":"Australian Greens","pct":5.82,"rank":6},{"candidate":"FURINA, Rosanna","party":"Animal Justice Party","pct":3.44,"rank":7},{"candidate":"STYLES, Lauren","party":"Freedom Party of Victoria","pct":3.25,"rank":8}]},"type":"Polygon","arcs":[[1061,1062,1063,1064,-1108,1065,-1106,1066,1067,1068,1069,1070,1071]],"id":83},{"properties":{"district_name":"HASTINGS","district_label":"Hastings District","region_label":"Eastern Victoria Region","member":"MERCURIO, Paul","party":"Australian Labor Party - Victorian Branch","party_colour":"#E4002B","winner_pct":51.35,"runner_up":"HUTTON, Briony","runner_up_party":"Liberal","runner_up_pct":48.65,"margin_pct_points":2.7,"margin_basis":"preference_distribution","first_preference":[{"candidate":"HUTTON, Briony","party":"Liberal","pct":39.81,"rank":1},{"candidate":"MERCURIO, Paul","party":"Australian Labor Party - Victorian Branch","pct":37.26,"rank":2},{"candidate":"SAUNDERS, Paul","party":"Australian Greens","pct":9.99,"rank":3},{"candidate":"JACK, Tyson","party":"Animal Justice Party","pct":4.21,"rank":4},{"candidate":"BENSON, Janet Felicity","party":"Freedom Party of Victoria","pct":3.0,"rank":5},{"candidate":"SABO, Tom","party":"Family First Victoria","pct":2.43,"rank":6},{"candidate":"de WIT, Camille","party":"Labour DLP","pct":2.02,"rank":7},{"candidate":"WHITEHILL, Robert","party":"Independent","pct":1.29,"rank":8}]},"type":"MultiPolygon","arcs":[[[1072]],[[1073]],[[1074,1075,1076,1077,1078,1079,1080,1081,1082]]],"id":84},{"properties":{"district_name":"HAWTHORN","district_label":"Hawthorn District","region_label":"Southern Metropolitan Region","member":"PESUTTO, John","party":"Liberal","party_colour":"#0047AB","winner_pct":51.74,"runner_up":"KENNEDY, John","runner_up_party":"Australian Labor Party - Victorian Branch","runner_up_pct":48.26,"margin_pct_points":3.48,"margin_basis":"preference_distribution","first_preference":[{"candidate":"PESUTTO, John","party":"Liberal","pct":42.27,"rank":1},{"candidate":"KENNEDY, John","party":"Australian Labor Party - Victorian Branch","pct":22.11,"rank":2},{"candidate":"LOWE, Melissa","party":"Independent","pct":19.98,"rank":3},{"candidate":"SAVAGE, Nick","party":"Australian Greens","pct":11.12,"rank":4},{"candidate":"FUHRER, Faith","party":"Animal Justice Party","pct":1.49,"rank":5},{"candidate":"PEPPARD, Richard","party":"Liberal Democrats","pct":1.32,"rank":6},{"candidate":"TRIANTAFILLIS, Ken","party":"Family First Victoria","pct":0.92,"rank":7},{"candidate":"BELL, Stratton","party":"Labour DLP","pct":0.8,"rank":8}]},"type":"Polygon","arcs":[[1083,1084,1085,1086,1087,1088]],"id":85},{"properties":{"district_name":"IVANHOE","district_label":"Ivanhoe District","region_label":"North-Eastern Metropolitan Region","member":"CARBINES, Anthony","party":"Australian Labor Party - Victorian Branch","party_colour":"#E4002B","winner_pct":62.75,"runner_up":"KHOURY, Bernadette","runner_up_party":"Liberal","runner_up_pct":37.25,"margin_pct_points":25.5,"margin_basis":"preference_distribution","first_preference":[{"candidate":"CARBINES, Anthony","party":"Australian Labor Party - Victorian Branch","pct":42.69,"rank":1},{"candidate":"KHOURY, Bernadette","party":"Liberal","pct":30.95,"rank":2},{"candidate":"BIEBER, Emily","party":"Australian Greens","pct":19.23,"rank":3},{"candidate":"HAYWARD, Sarah","party":"Family First Victoria","pct":3.0,"rank":4},{"candidate":"RISTEVSKI, Sonja","party":"Animal Justice Party","pct":2.31,"rank":5},{"candidate":"LANGDON, Craig","party":"Independent","pct":1.82,"rank":6}]},"type":"Polygon","arcs":[[1089,1090,1091,1092,1093,1094,1095,1096,1097,1098,1099,1100,1101,1102,1103,1104]],"id":86},{"properties":{"district_name":"KALKALLO","district_label":"Kalkallo District","region_label":"Northern Metropolitan Region","member":"SPENCE, Ros","party":"Australian Labor Party - Victorian Branch","party_colour":"#E4002B","winner_pct":53.85,"runner_up":"SINGH, Bikram","runner_up_party":"Liberal","runner_up_pct":22.9,"margin_pct_points":30.95,"margin_basis":"primary_vote_outright_majority","first_preference":[{"candidate":"SPENCE, Ros","party":"Australian Labor Party - Victorian Branch","pct":53.85,"rank":1},{"candidate":"SINGH, Bikram","party":"Liberal","pct":22.9,"rank":2},{"candidate":"SAYER, Das","party":"Family First Victoria","pct":6.15,"rank":3},{"candidate":"UL MURTAZA, Muhammad Nisar","party":"Australian Greens","pct":5.29,"rank":4},{"candidate":"MONSALVE TOBON, Sergio","party":"Victorian Socialists","pct":4.85,"rank":5},{"candidate":"LOWE, Frances","party":"Animal Justice Party","pct":3.67,"rank":6},{"candidate":"PAREL, Jimmy George","party":"Independent","pct":1.53,"rank":7},{"candidate":"SANDHU, Smiley","party":"New Democrats","pct":1.02,"rank":8},{"candidate":"FRENCH, Callum John","party":"Independent","pct":0.75,"rank":9}]},"type":"Polygon","arcs":[[1105,1106,1107,1108,1109,1110,1111,1112,1113,1114,1115,1116,1117,1118,1119,1120,1121,1122,1123,1124,1125,1126,1127,1128]],"id":87}],"type":"GeometryCollection"}},"bbox":[140.961908970106,-39.136360945670724,149.976296002863,-33.9814105930265],"transform":{"scale":[9.014396047153034e-06,5.154955507599728e-06],"translate":[140.961908970106,-39.136360945670724]},"arcs":[[[451523,261182],[935,45],[75,716]],[[452743,261755],[238,520],[-574,-133],[408,932],[435,52],[800,-993]],[[453879,262369],[130,530],[126,-259],[572,494],[643,-740],[57,546],[814,238]],[[456993,263283],[1781,-198],[807,-2150],[422,-281],[-552,-922],[145,-1107],[-477,-3406],[-2250,468]],[[454545,255871],[-5526,1341]],[[448053,257839],[-156,291],[92,285]],[[425164,264796],[-89,-1277]],[[420319,257218],[-14178,2650]],[[408158,277483],[83,902],[290,-163],[918,631],[821,-678]],[[412379,275483],[720,-1143],[-236,-910],[107,-541],[981,1117],[297,-1609],[591,4],[366,-495],[1068,173]],[[417911,274527],[5838,-1240],[-776,-8267]],[[391907,226642],[126,-1211],[641,-250],[598,347]],[[398017,224563],[524,-1148],[678,11]],[[399769,223032],[158,517],[709,-2016],[-178,-438],[209,-509],[784,-628],[1187,-382],[160,-392],[-1279,-1498],[-120,-1219],[220,-7],[-164,-333],[151,-309],[-866,274],[-383,-288],[-1018,-2103],[-3,-733],[-837,-42],[-809,-468],[-2721,-2247],[-1025,-4172],[-50,-2136],[-483,-1248],[-1590,1185],[-887,1287],[-1029,221],[-425,-764],[-65,-802],[-1047,1600],[-363,-302],[-201,-989],[-535,97],[-875,-1771],[-712,-666],[-120,542],[199,586],[-314,714],[-735,218],[-1682,-477],[-1561,2364],[1059,133],[705,2766],[-267,146],[-959,-1480],[221,-643],[-1680,-764],[-660,-819],[-375,-889],[169,-249],[-222,-125],[80,-1171],[-253,-1138],[-573,-652],[-508,-33],[-421,-655],[-666,-11],[-48,-370],[612,-493],[-744,-1185],[118,-444],[-198,-413],[160,-11],[-273,-574],[-215,-1950]],[[363647,224090],[290,169],[-317,749],[231,503],[-246,181],[106,428],[-563,1197]],[[362642,252528],[-1676,1222],[-568,642],[54,527],[684,617]],[[372615,250960],[327,-416],[337,224]],[[375075,250899],[-5,-394],[234,-39],[224,646]],[[381303,256286],[465,1952],[354,811]],[[433088,263512],[-636,-4793]],[[432649,258640],[-195,-2061],[-3942,-1936]],[[423895,250357],[-306,-624],[-438,-2899],[-422,-652],[-2414,-478],[-3164,-1398],[-29,1390],[-604,459],[477,1075],[-671,831],[-309,909]],[[416198,250198],[-891,590],[151,548]],[[414973,252481],[252,1255],[-857,1210]],[[414231,258267],[6088,-1049]],[[420319,257218],[234,2930],[616,-385],[3538,-354],[-299,534],[-28,1124],[695,2452]],[[425075,263519],[93,1280],[152,-1405],[1297,808]],[[431384,264399],[74,684],[149,-637],[629,-543],[633,334]],[[580,221604],[714,53534],[-161,90],[195,49563],[-1195,332410]],[[205774,519263],[-2017,7],[1,-2657]],[[205742,497414],[-14,-4059],[-570,-2293],[-381,-326],[-333,-1177]],[[194469,468794],[-280,-3172],[2082,-4907]],[[241099,306688],[1455,-1867],[540,-1602]],[[232813,275113],[13301,-2584],[-174,-887],[-535,-1431],[-697,-145]],[[240045,263151],[-1010,1140],[-925,-883],[-181,-706],[-77,-1871],[478,-280],[-294,-744]],[[236875,256345],[-229,-750],[87,-575]],[[237327,243154],[-1371,721],[-686,-1056],[-853,-71],[17,-1023],[236,45]],[[234980,241143],[-889,-452],[861,-489],[453,-1827],[948,801]],[[227277,195365],[272,-6],[76,-619],[624,-678],[-197,-244]],[[200425,182291],[-1968,453],[-2613,3372]],[[173917,220266],[-289,642],[63,1904]],[[174488,222471],[-15,936],[294,802],[-76,1932],[-217,214],[-510,-229],[-274,479]],[[173287,226684],[-102,787],[-625,15]],[[170911,227764],[-455,431],[-194,-310]],[[166934,229022],[-41,1144],[-285,407],[-455,-60],[-37,677],[-802,672],[-853,-87],[-611,1109],[-565,-384]],[[162936,232813],[-357,-191],[-169,794]],[[127874,230744],[-9154,-260],[-1669,-2010]],[[343537,365643],[418,-111]],[[381416,426092],[-236,976],[796,2062],[753,170],[262,-732],[-100,-528],[674,-562],[234,-1125],[453,-198],[250,262],[191,-1184],[429,234]],[[387404,425773],[205,618],[217,-756]],[[391269,421081],[78,-1123],[513,902],[-497,914],[175,103],[730,-1817],[824,-990],[-1386,-14444]],[[397410,401330],[-585,-2],[-244,-421],[345,-1214]],[[396535,398191],[691,-909],[-477,57]],[[396318,394958],[-460,-44],[408,-484]],[[396377,392875],[438,-289],[274,-726],[75,544]],[[436001,347468],[2849,-564],[-297,-2780]],[[439222,343958],[-211,-337],[-74,-1404]],[[437351,335535],[-642,-130],[401,-375]],[[437134,333340],[218,-485],[-189,-619]],[[433462,315568],[-296,-403],[589,-279],[-129,-469]],[[413910,319545],[-158,482],[-410,-681]],[[412880,318885],[-575,-306],[-91,-445],[423,-346],[-714,-123],[-146,-316],[-669,428]],[[410854,317207],[-279,473],[-831,-239]],[[411536,304300],[-5041,934],[60,561]],[[388873,292370],[-398,-1038]],[[368946,308999],[77,-1071],[-62,-194]],[[346678,326996],[-429,-499],[1003,11915]],[[452279,251701],[372,-1634],[1940,-1449],[-35,-493]],[[454858,246854],[765,-2039],[642,-316]],[[458184,245308],[-433,-4080],[-1840,1577],[-2174,374],[-622,1166]],[[451600,245986],[-2470,1596]],[[448675,253114],[352,-385],[369,600],[1292,-772]],[[446619,253471],[-877,712],[-891,1348],[-1111,-229],[-975,-664],[-943,70],[-2464,959],[-1570,-557],[-183,193],[-122,1451],[321,1685]],[[438533,259212],[166,346],[-392,620]],[[441332,261794],[-418,2531]],[[443386,261204],[722,-637],[1159,22]],[[396120,261710],[-6098,1176],[1430,14671]],[[389187,282068],[-346,688],[-288,1704],[-473,475],[-909,209],[-329,941],[137,1314],[294,823]],[[387985,288989],[888,3381]],[[388873,292370],[1873,-433],[732,-515],[1190,309],[380,440],[1682,-380],[-14,559],[181,35],[-267,269],[907,1876],[55,770],[-441,884],[184,273],[-233,109],[-87,910],[522,303],[215,1205],[367,252],[62,709],[317,100],[-218,247],[500,868],[56,1877],[365,10],[960,2447],[559,393],[-8,639],[367,134],[192,638],[7284,-1503]],[[406555,305795],[-340,-1616],[301,-1273],[562,-864],[-85,-1519],[433,-600],[175,-982],[492,-247],[-21,-348],[470,-478],[75,-592],[757,-374],[266,-1522]],[[410025,294904],[335,-2019],[-7,-681],[-640,-855],[-74,-686],[341,-80],[-180,-600]],[[408836,288926],[-562,-323],[139,-1092]],[[408407,282917],[-751,-312],[469,-1508],[-505,-1753],[650,-904],[-112,-957]],[[408158,277483],[-296,90],[-1721,-17705]],[[406141,259868],[-3795,704]],[[401631,258988],[-537,-1041],[4,491]],[[205774,519263],[-6,4270],[-2017,-4],[26,5703],[-4070,18],[6,552],[-3359,-2],[-4,1492],[1242,826],[-906,3375],[-360,141],[5,14898],[-1383,-1708],[290,3119],[414,-78],[183,1968],[1430,-267],[326,3491],[-2326,444],[1,4470],[658,0],[1,2906],[-316,0],[-5,2865],[775,-1],[-5,5153],[396,25],[103,3377],[565,-116],[54,558],[426,-87],[202,2019],[-589,120],[96,958],[-1724,1],[113,5308],[333,3322],[-3166,633],[-2489,25],[-4,696],[-5465,-5616],[-1,933],[-3028,-3],[9,23792],[-40532,-10],[5,25134],[-26831,152],[-134,8332],[357,1910],[35,3276],[984,4585],[198,3685],[-240,4165],[-1016,3421],[-743,1053],[587,-7],[-21,11026],[-254,-1],[-3,1943],[285,835],[-1,27379],[-55248,-15],[33,-48511],[-59533,10]],[[133,657201],[338,72288],[-200,181813],[-271,66470],[157,22227],[603,-555],[-140,-2340],[353,-389],[676,89],[357,-449],[11,-879],[-535,-436],[-75,-445],[195,-285],[1114,56],[-738,-1077],[574,-954],[-32,-1119],[427,-947],[633,45],[123,1599],[342,562],[1547,-862],[-886,-433],[-269,-2406],[887,-1150],[790,-397],[156,-1699],[536,-714],[431,121],[-412,1444],[989,881],[-140,1124],[361,1079],[780,-731],[230,-621],[-443,-1688],[335,-1881],[743,-6],[420,696],[972,498],[438,977],[316,-1858],[382,-658],[522,-144],[551,485],[383,-252],[129,-425],[-318,-1370],[554,-890],[771,328],[217,641],[-149,1974],[-970,873],[841,1193],[697,-141],[651,-1911],[1489,-740],[876,278],[1009,1140],[34,-790],[592,-369],[186,1355],[931,391],[-206,-1084],[277,-754],[-1085,-723],[260,-369],[775,124],[48,-2545],[578,-479],[774,266],[353,498],[208,1163],[409,257],[43,-1574],[402,-1381],[845,-663],[665,204],[246,644],[-165,843],[-609,746],[531,178],[68,745],[773,490],[232,1290],[442,729],[556,100],[506,-812],[726,602],[32,-1287],[669,-926],[901,616],[86,1244],[538,460],[582,-2215],[-626,-1711],[94,-1041],[544,-143],[515,1781],[830,148],[1012,-2715],[739,-1169],[499,-176],[427,-933],[1647,-598],[-66,-897],[315,-414],[1848,253],[108,-756],[-543,-1659],[425,-481],[584,361],[340,-193],[51,-650],[-336,-647],[202,-1091],[719,542],[169,1035],[942,505],[552,718],[232,2335],[1161,309],[409,-432],[193,-1584],[484,-1164],[334,136],[-249,837],[150,461],[1188,-470],[329,-549],[107,-1348],[289,-545],[471,77],[1220,1383],[542,-126],[229,-840],[-471,-1896],[148,-862],[501,-691],[581,-158],[1443,1008],[414,-62],[-121,-2723],[1302,-1567],[475,107],[-30,970],[232,283],[1479,-938],[552,308],[248,980],[1288,-819],[364,410],[144,1250],[842,50],[613,-811],[469,-2010],[679,-1659],[876,-622],[-158,-573],[-733,-369],[-437,-847],[98,-785],[774,-781],[438,-961],[-153,-706],[-964,-308],[-262,-410],[-7,-647],[442,-513],[2640,1122],[285,1118],[-625,1818],[305,801],[499,-247],[712,-1454],[363,-124],[971,688],[194,1039],[247,201],[747,-118],[656,-875],[1199,-543],[465,548],[185,1722],[671,-906],[827,109],[295,628],[-111,787],[-438,348],[-906,41],[-382,887],[419,889],[1043,771],[44,1269],[-402,1197],[-333,149],[-945,-436],[-381,415],[-53,671],[379,236],[885,-787],[1030,1104],[408,-332],[475,-1154],[665,95],[275,392],[-6,966],[-1014,1991],[391,-6],[662,-1189],[740,-46],[459,1024],[-229,2026],[288,1593],[2442,930],[2527,3000],[1234,-212],[683,745],[1129,542],[375,-130],[255,-440],[243,-2651],[278,-442],[414,-64],[502,432],[703,1376],[-489,2241],[203,488],[462,107],[1651,-2415],[695,193],[626,1091],[398,-146],[-44,-588],[-978,-1101],[76,-739],[403,-396],[642,145],[918,1287],[764,570],[155,-489],[-512,-1854],[245,-587],[395,52],[676,947],[464,-668],[1175,-67],[581,-921],[970,-204],[1167,-1277],[1727,-883],[1125,1543],[-3,-1051],[195,-255],[1610,501],[525,-547],[435,-1147],[494,1313],[878,1202],[-449,1830],[2082,743],[1088,-851],[1029,188],[798,-2176],[-461,-1710],[934,-709],[523,630],[110,2473],[582,540],[338,-204],[660,-1647],[930,-1354],[894,-21],[210,579],[-367,1431],[79,1134],[324,946],[554,450],[804,-46],[899,-1621],[607,533],[1599,-1320],[1038,24],[286,655],[-910,944],[-387,2190],[352,270],[1149,-473],[1211,1397],[547,-1085],[-916,-1158],[-616,-1485],[98,-1431],[824,-710],[1449,846],[1389,-83],[1447,-1077],[171,-1415],[-367,-696],[-806,-464],[-140,-1148],[250,-579],[1103,-728],[580,-3143],[1142,317],[1370,-1089],[770,479],[805,29],[219,487],[-348,2114],[185,894],[449,57],[948,-777],[587,91],[614,1745],[573,462],[1049,-560],[654,7],[290,-481],[-822,-3315],[830,-139],[-370,-874],[304,-1266],[1350,-159],[339,1421],[281,139],[706,-936],[922,-576],[869,-43],[1392,524],[999,-1639],[-118,-1091],[285,-2515],[226,-187],[783,483],[-431,240],[217,291],[749,-1046],[90,-515],[-47,-908],[-937,-1402],[965,-1690],[-54,-2647],[-253,-413],[-731,-278],[-281,-1158],[1228,-645],[707,-1511],[-533,-2070],[442,-1228],[-49,-683],[-514,-903],[-1037,-614],[-238,-472],[29,-1083],[437,-830],[1923,253],[1509,2094],[703,-1694],[383,138],[1003,1305],[462,-879],[958,-901],[-238,-321],[-919,206],[-500,-856],[-447,-1672],[459,-1434],[469,32],[668,612],[770,-1096],[1656,-197],[633,-1357],[994,-439],[1801,419],[1633,1770],[651,230],[609,-895],[709,121],[1884,-1303],[63,-1251],[-984,196],[-427,-749],[207,-1618],[574,-942],[-194,-521],[-656,-126],[-434,592],[-902,490],[-871,-664],[-15,-475],[252,-254],[738,501],[620,-376],[-130,-560],[-988,-643],[244,-875],[-7,-1448],[380,-681],[-15,-483],[-669,660],[-351,-18],[-1515,-2183],[88,-513],[539,-212],[-488,-842],[22,-562],[929,-802],[-929,-1466],[-64,-522],[344,-400],[1095,246],[-85,-927],[-439,-791],[880,-790],[-780,-860],[10,-506],[414,-592],[-17,-618],[-423,-2064],[-756,-949],[-61,-1002],[334,-527],[894,576],[880,-459],[720,992],[584,-2212],[-116,-233],[-536,511],[-391,-49],[-402,-896],[-747,-607],[-592,-1663],[90,-1174],[1126,-892],[270,1567],[567,817],[1872,-336],[-23,-340],[-785,-732],[-264,-1332],[-949,-1291],[-119,-585],[623,-809],[1430,644],[786,-1144],[-165,-369],[-1616,13],[-1632,-520],[-236,-758],[501,-871],[623,613],[-118,-1824],[1037,-695],[482,-835],[969,374],[668,1139],[598,-2367],[-465,-1832],[187,-1062],[783,46],[1173,1165],[367,-706],[118,-1733],[490,-261],[1131,144],[757,-1734],[534,32],[256,505],[-792,1688],[-306,2582],[659,367],[1462,-1300],[526,-2406],[-717,-1218],[-818,-531],[-56,-361],[181,-361],[855,35],[467,-640],[-321,-797],[42,-937],[-666,-412],[-209,-481],[76,-528],[672,-799],[-988,-572],[-107,-615],[516,-803],[106,-676],[-622,-667],[-509,-59],[-158,-597],[462,-547],[971,406],[205,-759],[437,-387],[1018,917],[376,-200],[21,-381],[-870,-886],[-469,-1649],[-42,-2781],[466,-1322],[1466,-137],[620,341],[183,771],[-941,140],[-67,665],[330,168],[1072,-441],[739,1615],[443,-80],[682,-1214],[-135,-402],[-1253,-415],[-715,-1400],[225,-1402],[919,-40],[657,-1971],[-361,-830],[-1147,-437],[-37,-851],[496,-221],[934,772],[753,-504],[-1091,-2181],[383,-1743],[-1240,-1872],[-248,-1185],[324,-382],[1093,-135],[53,-361],[-589,-680],[56,-533],[1785,-1897],[515,49],[522,1176],[580,-1903],[1290,20],[6,-1227],[717,-1243],[424,237],[261,1010],[427,422],[986,-867],[948,212],[1156,-420],[1299,-1623],[1142,-909],[1448,138],[1044,871],[580,984],[205,2310],[-753,1127],[-1451,-639],[-665,712],[-107,2458],[-353,1512],[224,1546],[574,239],[951,-1211],[584,-249],[581,656],[1066,428],[1094,1516],[604,-2761],[1272,-645],[855,1023],[-1154,931],[223,1305],[396,115],[1009,-953],[940,436],[-188,735],[-987,616],[-481,671],[99,873],[569,931],[64,652],[-982,2056],[-369,1929],[182,1545],[400,388],[2416,-1673],[536,725],[16,1525],[-254,1114],[-736,524],[-725,-98],[-691,1440],[906,2243],[-268,984],[454,901],[193,1310],[887,359],[-150,740],[-1668,-150],[-321,257],[109,497],[1116,-4],[379,436],[-490,2008],[48,733],[479,351],[1167,-558],[334,318],[215,950],[427,315],[763,-1276],[740,-504],[1048,-307],[1393,564],[482,659],[-12,1223],[-337,388],[-1139,-121],[-355,248],[-172,686],[326,1452],[1131,-588],[1108,308],[1665,-253],[-221,1073],[-978,342],[-297,719],[185,500],[697,-292],[501,489],[37,672],[653,776],[-63,1326],[348,823],[352,-980],[1259,-535],[480,-1292],[-807,-753],[-710,-1426],[515,-1405],[-1670,-884],[149,-1185],[1178,-1516],[216,154],[292,1501],[811,85],[158,-476],[-183,-754],[-743,-1262],[2,-886],[226,-419],[1499,-768],[182,470],[-182,1319],[511,559],[228,-322],[-15,-1332],[1465,-827],[313,-2555],[491,-23],[202,1146],[522,243],[377,-213],[598,-1477],[836,83],[-1468,-2274],[390,-1124],[221,234],[-86,776],[383,141],[100,-955],[832,-1264],[-236,-1296],[-937,-1011],[-85,-531],[425,-388],[829,638],[350,-2054],[1309,432],[-175,-968],[197,-526],[790,262],[-355,833],[50,471],[559,-278],[397,283],[-25,511],[-720,680],[826,629],[90,1451],[953,748],[1002,128],[547,494],[67,-349],[-388,-908],[120,-409],[1147,188],[287,-1020],[903,-171],[614,-1556],[403,62],[750,848],[-128,-1188],[540,-887],[535,-3142],[545,-646],[509,377],[569,2042],[-102,1000],[-687,1288],[1192,494],[381,1122],[583,-2191],[728,816],[1350,-282],[441,-493],[-7,-490],[-1012,-1902],[-6,-929],[238,-558],[584,-228],[703,382],[267,1928],[262,221],[660,-222],[-342,-1731],[1114,-2087],[546,642],[-762,1479],[322,1123],[354,-216],[40,-1049],[331,-907],[442,-421],[431,78],[1113,1831],[236,1929],[419,212],[120,-2139],[486,-1271],[1813,-1032],[478,924],[1067,812],[649,2216],[970,-1277],[-579,345],[-493,-291],[-484,-2782],[302,-12],[1342,1538],[636,182],[-12,-361],[-1025,-709],[-27,-918],[1713,469],[165,-1400],[1381,-1351],[61,1156],[635,670],[300,1166],[589,275],[456,-790],[-236,-2584],[187,-549],[870,-305],[269,1263],[595,721],[33,-425],[-374,-650],[154,-449],[1381,883],[924,-829],[-354,-796],[63,-1456],[383,-927],[522,-182],[812,763],[656,191],[401,-597],[-856,-584],[-100,-476],[824,-948],[-240,-1890],[586,-1180],[502,189],[-173,1374],[157,558],[1012,89],[314,374],[294,-479],[86,-1359],[528,-586],[1511,1227],[266,574],[1013,-790],[-571,-56],[-164,-350],[460,-913],[-758,-950],[-1178,-440],[-233,-1133],[631,-1190],[401,203],[189,778],[1107,-568],[-97,-621],[446,-507],[-288,-1313],[352,-617],[1083,-589],[-200,2013],[397,-110],[615,-1026],[351,1045],[1286,1040],[499,-239],[-8,-1117],[488,-717],[480,-44],[816,889],[433,-1328],[1385,456],[649,-670],[-458,-2383],[389,-672],[686,-409],[296,-918],[-883,-1235],[289,-1354],[-401,-790],[83,-866],[-1116,-1431],[262,-404],[1216,475],[47,-330],[-732,-111],[-363,-995],[242,-608],[573,-408],[-468,-574],[41,-661],[-589,-217],[-571,-890],[-60,-1020],[580,-31],[-239,-430],[277,-196],[-119,-428],[-362,-73],[-269,419],[-61,-789],[-238,-226],[226,-301],[-310,-459],[-157,67],[267,469],[-675,647],[-136,-363],[-329,70],[-285,-858],[146,-668],[664,-646],[-297,-540],[767,-1339],[-317,-284],[350,-910],[379,-555],[249,247],[196,-259],[196,-1007],[-329,-1679],[393,-957],[-183,-554],[-366,-171],[-76,-604],[450,-229],[-453,-883],[-437,1307],[-144,-490],[-371,234],[-442,-700],[-312,236],[61,-763],[-294,-331],[328,-561],[-501,-170],[-94,-324],[258,-425],[2,-2513],[391,-322],[-184,-741],[266,-978],[-643,-1402],[61,-1267],[503,-291],[379,264],[343,-498],[666,-1403],[276,-1551],[-457,-821],[-90,-584],[205,-469],[-373,-610],[340,-518],[-232,-286],[287,-317],[82,-1524],[-581,-29],[-340,697],[-633,-540],[648,-256],[-394,-764],[586,79],[-89,-856],[869,536],[-361,-522],[-326,-1585],[452,-64],[-14,988],[288,174],[326,-1428],[-326,-911],[496,-377],[91,696],[940,-1093],[8,-777],[-187,-281],[-251,813],[-507,203],[-237,-219],[-135,-874],[746,-722],[-283,-952],[-624,-326],[678,-350],[-211,-509],[385,-416],[-1367,-249]],[[262661,670865],[1311,-612],[253,-759]],[[263450,668240],[-168,-1282],[123,-2100],[575,-1242],[792,-662]],[[289185,565306],[-893,-564],[-2562,-4092],[-554,-476]],[[261058,515898],[-551,1275],[128,1143],[-246,1730]],[[258298,528477],[305,209],[-331,61]],[[257866,529199],[-166,378],[-3563,-75],[-1594,283]],[[252545,528997],[-10099,-70],[-925,-641]],[[206456,518700],[-682,563]],[[452650,283215],[277,230],[26,718],[-892,283]],[[450880,289383],[556,7003]],[[459432,286974],[41,-811],[-676,-259],[-85,-412],[-213,551],[-171,-447],[-454,36],[292,-653],[-905,-366],[580,-1013]],[[457567,282989],[-349,159],[145,-468],[-1664,178]],[[502896,258191],[1292,-1304],[-603,-949]],[[503740,255457],[-147,-1286],[-278,-238]],[[503400,253326],[-778,-2429],[681,-1254],[1872,-914]],[[507540,246248],[467,-918],[1161,-146]],[[511064,241138],[-143,-717],[156,-181],[181,391]],[[517292,236319],[363,178],[387,-340],[1425,343],[1255,-443],[176,-469]],[[521442,234435],[-350,-751],[30,-539],[-834,-1751],[-1296,20],[96,-545],[-552,-2536],[-598,-121]],[[510735,218946],[-901,-390],[-357,942]],[[496051,224573],[-1695,-376]],[[491018,226078],[-430,60],[-83,-782],[-404,177],[-75,-246],[-9522,2144]],[[481662,233363],[-45,1332],[-522,2878]],[[480640,239746],[-1502,7],[-2,1396],[164,683]],[[482143,247350],[696,765],[124,395]],[[482019,249544],[1206,1123],[-120,5062]],[[460835,208774],[-1192,4597],[-1118,3153],[-2929,4891]],[[465207,221988],[697,-1009],[3288,-760]],[[458161,157575],[-780,2522],[-10386,2087],[-944,614],[1910,3883],[145,1216],[566,1],[434,485],[1689,2897],[300,1318],[-331,3811],[332,52],[351,588],[106,2149],[307,232],[-13,-694],[648,497],[375,-282],[686,1240],[1137,1165],[1037,2337],[906,3055],[618,480],[497,1485],[327,187],[242,-327],[502,330],[278,-740],[184,93],[2955,-6614],[-200,-170]],[[616058,146293],[292,1218],[-551,1671]],[[614682,154526],[278,-668],[-284,-272],[-611,-293],[-404,856]],[[613595,153617],[-889,208],[111,-763]],[[585394,160715],[1487,1818],[422,3745]],[[463112,228106],[683,6736],[75,248]],[[464330,234587],[559,4752]],[[470721,238188],[7,-1004],[-281,-824],[344,-1146],[69,-1422],[528,-877],[790,-203],[202,-413],[-107,-245],[-1308,251]],[[416219,522672],[-4648,-228]],[[353333,551712],[-1700,-2152],[-1363,-1580]],[[340593,550452],[-17374,-113],[9,402],[638,202],[-150,629],[864,307]],[[312179,561012],[-2917,708],[-595,117]],[[290631,565824],[-1446,-518]],[[289185,565306],[-2401,465],[289,2845],[-1992,379],[545,5650],[-2563,142],[24,4137],[-897,1793],[-197,973],[206,678],[682,101],[174,456],[-221,665],[38,5147],[-3276,30],[-46,22844],[-5470,128],[-5,-1103],[-540,-477],[80,-333],[-516,-909],[119,-304],[-775,-914],[-78,-825],[-549,-402],[76,-296],[-598,-53],[211,-365],[-301,-159],[163,-332],[-245,-406],[-588,876],[-382,-317],[-219,272],[-1814,8],[-165,4261],[-1295,-10],[-52,11328],[804,-5],[1042,10376],[-346,76],[670,7121],[-2926,623],[143,1443],[-249,84],[222,442],[-550,1362],[108,1059],[-231,592],[455,607],[-183,651],[-341,199],[25,1913],[-312,686],[316,432],[-25,613],[426,484],[85,901],[415,-49],[80,669],[443,665],[-66,972],[374,491],[-182,502],[530,1032],[70,992],[-448,1515],[-1489,1735],[-159,1268],[-486,683],[-50,1541]],[[264772,662954],[-1117,1121],[-295,962],[90,3203]],[[263450,668240],[775,1254]],[[264225,669494],[-99,592],[-1465,779]],[[262661,670865],[-1294,1644],[15,979],[527,1606],[-3849,1771],[-15,-1475],[-9716,30],[-394,2663],[246,1033],[-125,829],[-638,1327],[-570,3294],[428,890],[138,3246],[740,1082],[-25,1700],[336,1503],[-405,2533],[-1416,1209],[-736,-2],[-396,354],[-1306,-451],[-1281,201],[-1334,-400],[-313,237],[-330,1071],[204,1521],[-437,230],[-774,1245],[-133,1826],[444,890],[329,1610],[79,2110],[-14867,-7],[1,22713],[1508,78],[-406,11784],[385,1042],[-73,961],[-458,643],[-356,9646],[7576,43],[-399,1234],[7905,-31],[-11,10986],[2081,7],[0,260],[16809,-107],[-2,13943],[658,5318],[923,-181],[1179,-1570],[-103,1323]],[[263010,785256],[897,-17],[572,-866],[-589,-477],[430,-171],[213,-1511],[395,-99],[-113,824],[464,-474],[-37,613],[878,-644],[-344,-353],[481,-2325],[402,-641],[386,54],[507,-500],[329,-1260],[1174,-1713],[-69,-1011],[421,-309],[103,-457],[-987,-1748],[497,-697],[-477,-665],[536,126],[-604,-2101],[192,-233],[101,545],[316,-219],[240,289],[259,-309],[215,-1022],[-761,-1104],[202,-530],[233,306],[238,-139],[-241,-656],[503,-783],[568,591],[410,-740],[1449,-236],[934,1072],[330,-906],[320,-195],[242,287],[-16,563],[1752,313],[129,-1027],[602,-382],[336,-1347],[622,143],[160,-2295],[584,-960],[1371,157],[1169,-289],[717,382],[468,826],[1473,449],[613,-1501],[590,-121],[2143,1171],[138,449],[-341,999],[1448,730],[445,22],[1809,-2266],[121,-1133],[-580,-1262],[250,-1024],[-575,-666],[-963,-195],[269,-766],[-336,-627],[674,-535],[39,-862],[441,-1155],[-259,-2256],[375,-93],[2,621],[440,-379],[493,467],[-306,-806],[183,-714],[822,107],[102,-307],[-618,-588],[-84,-419],[705,-491],[-452,-919],[-491,-196],[-288,-1608],[286,-479],[-577,-64],[82,-946],[-742,382],[-234,-218],[410,-622],[-579,-524],[-118,-1091],[-393,-786],[104,-821],[-263,-509],[296,-466],[-7,-911],[-218,-1026],[566,-1238],[362,220],[232,1002],[221,-641],[584,186],[516,-1223],[550,-222],[103,-621],[655,-20],[240,-318],[-110,-526],[698,-1407],[-77,-650],[603,-230],[152,-668],[420,460],[274,-248],[56,-606],[-361,-919],[635,-1033],[63,-953],[563,-167],[-60,932],[263,449],[376,-772],[358,247],[166,-599],[-588,-1003],[211,-730],[735,-135],[282,-943],[635,316],[322,790],[537,95],[-164,668],[358,107],[168,1142],[1222,-173],[-264,718],[112,591],[-292,285],[297,241],[101,1018],[970,118],[313,-597],[392,-92],[21,1024],[179,133],[473,-616],[64,-1175],[373,-92],[23,-1161],[439,2],[610,1168],[169,-450],[-295,-1337],[201,-437],[260,30],[373,968],[319,-114],[-357,-1256],[104,-292],[1917,476],[405,-49],[178,-685],[831,97],[559,637],[106,767],[37,-464],[620,146],[16,-877],[666,-414],[690,457],[-109,-1576],[656,-239],[-195,-586],[205,-645],[-807,-454],[-275,-809],[81,-570],[702,253],[-363,-1354],[670,246],[341,-418],[523,-21],[1473,337],[419,-1404],[343,-25],[361,-733],[345,-203],[612,245],[1082,-884],[80,-359],[-682,-732],[-1,-549],[1046,41],[-72,-638],[566,-1112],[1450,-511],[682,-1099],[1033,298],[-168,-1383],[721,-1083],[-172,-1077],[554,556],[644,-884],[190,769],[577,-1617],[443,-217],[767,384],[1320,-1942],[627,350],[298,-126],[-419,-168],[207,-948],[333,282],[368,-204],[-7,895],[582,-423],[91,-724],[400,240],[243,-397],[667,-9],[535,459],[90,-334],[-379,-190],[142,-906],[249,121],[104,603],[520,220],[798,191],[501,-592],[667,-116],[237,266],[-19,797],[652,-756],[74,467],[283,78],[-150,-1064],[420,-779],[-379,-229],[-492,436],[-249,-1061],[943,-1171],[-185,-596],[598,-1836],[353,-307],[1267,-237],[308,257],[504,-318],[-106,-1265],[403,-567],[-323,-805],[-750,-717],[59,-355],[337,-323],[397,104],[782,-1029],[849,-370],[76,477],[-303,506],[366,774],[718,238],[1137,-679],[266,513],[233,-418],[612,1267],[-87,-764],[238,-435],[236,-41],[104,610],[262,22],[203,-753],[-143,-1286],[1880,-1371],[-145,-1309],[685,-668],[387,381],[65,-455],[791,-746],[705,-4],[655,-601],[474,101],[470,-343],[148,-533],[362,136],[114,-870],[-325,-469],[844,-207],[-168,-586],[475,-83],[75,-559],[-368,-443],[553,-1106],[-274,-738],[143,-537],[563,-245],[-266,-982],[996,-1062],[107,-541],[418,196],[30,-1449],[644,85],[594,-1319],[514,20],[-79,487],[661,389],[-334,-629],[447,-53],[387,-926],[-342,148],[-277,-644],[338,-798],[438,-90],[457,-2653],[1057,-50],[263,-518],[256,415],[431,-200],[692,601],[-6,-481],[351,-199],[-380,-233],[340,-310],[-147,-746],[368,-64],[352,-943],[555,-155],[328,391],[128,-650],[296,364],[265,-339],[469,220],[186,-1076],[699,-189],[35,-289],[-591,-405],[393,-462],[-408,-358],[-22,-1082],[1098,-758],[515,-984],[1971,-1090],[-41,-1671],[607,-26],[-181,-565],[342,-472],[-73,-668],[871,-1402],[-36,-684],[673,-838],[367,-38],[389,1427],[413,308],[-31,795],[490,120],[353,629],[415,-340],[750,326],[596,-1127],[-738,-1489],[50,-742],[478,494],[571,-1034],[248,-23],[557,1517],[220,-199],[-103,-958],[172,-322],[229,99],[132,839],[1129,-91],[2,-587],[-690,-425],[102,-1109],[-375,-171],[-66,-404],[619,-414],[379,623],[394,78],[568,-1024],[596,1256],[-134,-1132],[261,-348],[663,884],[83,-865],[-307,-612],[729,-293],[-162,-1892],[313,-250],[618,461],[-534,-707],[686,-689],[61,-722],[360,-21],[581,1042],[427,-61],[272,-469],[-16,-483],[-419,-447],[304,-746],[-384,-1237],[-626,-597],[209,-219],[974,253],[23,-616],[-943,219],[-482,-1288],[105,-667],[321,-311],[379,330],[-118,834],[169,421],[344,-780],[690,407],[287,-213],[-56,-370],[-583,-52],[-420,-654],[31,-554],[464,-251],[-584,-56],[-201,-451],[244,-494],[619,410],[193,-56],[547,-611],[-154,-390],[-385,814],[-17,-654],[-623,357],[-322,-418],[290,-711],[963,-198],[-425,-263],[438,-582],[-352,-1167],[639,-531],[358,876],[-150,-1554],[583,-401],[320,261],[171,-657],[988,853],[436,-159],[-106,-257],[-590,57],[330,-1035],[-707,-503],[277,-558],[512,226],[233,-265],[-778,-595],[20,-405],[503,204],[-567,-1063],[188,-304],[697,215],[-513,-550],[541,-413],[196,-1207],[523,-155],[-413,-326],[239,-616],[-463,278],[-449,-449],[-62,-966],[753,-189],[478,914],[604,-2],[65,-420],[-477,-97],[-436,-583],[-34,-823],[460,-149],[-25,897],[342,48],[-62,-1127],[421,-323],[-35,-1001],[731,-305],[259,-876],[473,-10],[-111,-1002],[166,-433],[307,-132],[271,303],[109,-737],[676,-390],[601,244],[234,-735],[187,989],[510,211],[129,-403],[-427,-528],[40,-480],[278,-173],[445,406],[191,-279],[-592,-547],[17,-496],[489,114],[441,-424],[137,471],[341,20],[167,-382],[-391,-807],[230,-377],[398,794],[506,-71],[-12,-318],[-601,-108],[144,-635],[-281,-668],[251,-249],[597,548],[-153,-1350],[430,-189],[257,-695],[439,31],[441,2015],[100,-967],[-362,-954],[200,-509],[723,-81],[635,1139],[184,-298],[-482,-547],[-48,-859],[376,-145],[355,920],[422,-35],[73,-643],[-555,-1120],[47,-1361],[-517,-551],[421,-1191],[336,-186],[1096,406],[1159,-1343],[947,74],[-13,-854],[701,385],[444,-2147],[398,254],[-5,939],[189,82],[254,-588],[-130,-1213],[264,-279],[455,225],[69,-1354],[224,-104],[686,696],[789,-1194],[-44,-313],[-527,-223],[216,-1761],[618,130],[346,-974],[811,1157],[383,-858],[445,-135],[386,590],[-508,537],[1099,1000],[-31,-784],[399,-674],[-629,-660],[477,-847],[-423,-805],[-590,-2485],[326,-484],[492,-32],[-595,-916],[731,-1086],[553,113],[-126,1009],[824,1107],[-259,334],[-682,78],[-158,672],[887,-406],[126,656],[-276,1235],[836,755],[541,119],[436,-1570],[266,-191],[303,98],[40,994],[672,-393],[-19,-3970],[209,-362],[356,966],[303,-1062],[445,-148],[368,1550],[228,-591],[442,705],[505,-220],[19,1288],[1117,245],[-68,-1116],[470,-508],[-90,-657],[-623,-524],[7,-1025],[-414,-589],[275,-1210],[-54,-1034],[475,-23],[472,889],[543,-536],[109,1295],[917,-1105],[565,351],[318,921],[460,97],[59,-907],[609,235],[93,-257],[-311,-699],[252,-884],[-730,-446],[-50,-2434],[439,-142],[333,403],[131,-1113],[842,225],[124,270],[-441,708],[1016,840],[347,-268],[480,-2501],[705,-107],[290,687],[828,-150],[450,722],[399,-51],[158,-1726],[454,-943],[1100,497],[79,443],[-300,531],[743,-61],[519,1661],[212,166],[212,-364],[-586,-464],[140,-432],[572,-64],[403,-733],[365,107],[537,1812],[-135,242],[-556,-147],[-81,1157],[855,-644],[247,243],[-682,1408],[714,-472],[343,-642],[466,1049],[657,-48]],[[429625,588521],[777,150],[55,-752]],[[436784,593012],[221,-866],[55,862],[253,317],[177,-1308],[442,204]],[[438504,591266],[466,14],[-284,-599]],[[438971,590580],[104,-472],[615,380]],[[447418,584891],[-224,-479],[401,-163],[329,-813],[480,-12],[-559,-1035],[357,-164],[-97,-884],[287,78],[-7,540],[910,-532],[-295,-363]],[[449144,578374],[580,-1314],[265,255],[-296,401],[63,602],[317,12],[233,-747],[256,-88],[-257,949]],[[461790,574122],[360,-1231],[569,771]],[[462986,574943],[323,236],[-356,586]],[[462889,577113],[-194,1065],[206,65],[121,-360],[27,460],[266,150],[222,-966],[439,701],[268,-595]],[[467805,573493],[434,-953],[149,495]],[[469324,576655],[134,874],[732,369]],[[470917,576532],[587,1079],[271,-103]],[[471560,577072],[416,-778],[304,236],[167,703],[742,410],[293,-520],[-447,131],[-552,-450],[278,-393],[-59,-1077],[781,1156],[110,-178],[-362,-659],[243,-362],[349,1146],[441,71],[70,-372],[-642,-343],[347,-349],[54,-1315],[212,-132]],[[476355,572675],[-421,-620],[156,-469],[-215,-426],[394,-315],[330,216],[-131,-612],[354,-242],[27,-485],[924,-365],[-42,-424],[-434,56]],[[477744,567628],[-316,-1234],[1020,-214],[-51,-329],[-392,213],[-200,-275]],[[478051,564705],[518,-108],[-310,-1237],[680,-1242],[-145,-312],[-725,242]],[[478708,560325],[19,-18450],[-27220,10]],[[619986,209027],[-1767,365],[-761,-5293],[-1257,648],[-1108,150],[-23,-232],[-2520,1137],[-882,32],[195,-610],[-89,-1701],[283,-565],[-195,-1646],[276,-204],[-109,-801],[-6055,1406],[-300,-2488],[136,169],[105,-369],[-103,-2195],[240,-150],[-53,-397],[572,163],[-143,665],[-325,51],[270,343],[637,-703],[-1206,-1645],[-1373,-451],[-1733,-1190],[-1133,1056],[-320,-24],[-965,2848],[143,969],[-287,601],[-1156,703],[-1360,-808],[-1550,-1480],[-723,-181],[-1187,154],[-1192,892],[-1859,759],[-310,-889],[-1574,-1990],[220,-1485],[-515,-960],[-1044,-420],[-601,-621],[21,-769],[-404,-765],[459,-2390],[-687,-821],[-220,-871],[-408,-305],[-551,155],[-374,-491],[-854,39],[-596,-505],[290,-1914],[-227,-128],[-35,-2324],[435,-387],[-571,-1406],[-526,-535],[-176,-1298],[2008,-508],[-204,-1698],[1592,-404],[113,922],[2199,-888],[620,1467],[2030,-446],[-617,-967],[338,-811],[-197,-636],[-893,-1210],[-506,-1469],[-647,-308],[-1166,-1937],[435,-1474],[-663,-1280]],[[587303,166278],[-448,-3819],[-1374,-1489],[-1062,-2935]],[[539702,162620],[187,82],[-820,848]],[[539172,164215],[-634,868],[6,852]],[[529537,167174],[127,1123]],[[506411,188779],[886,7665]],[[509974,217895],[-123,685],[884,366]],[[510735,218946],[365,588],[1601,-36],[371,3944],[1100,-230],[1305,617],[1005,-156],[621,473],[-325,800],[-396,-103],[-1474,1437],[57,486],[366,433],[410,-72],[656,906],[407,-156],[-41,620],[925,-668],[250,383]],[[517938,228212],[517,37],[305,600],[-58,946],[408,1221],[-118,398],[1333,17],[1117,3004]],[[521442,234435],[-911,992],[367,161]],[[520898,235588],[-136,429],[-1295,483],[898,138]],[[524096,242011],[-63,1464],[903,-919]],[[529209,239574],[1536,-223],[222,-386],[1364,594],[496,558]],[[537982,247398],[680,640],[-212,686]],[[537973,248453],[-761,778],[-34,439],[795,1883],[-22,678],[-256,127],[-71,1163],[-436,17],[-53,648],[-1119,-46],[270,1296]],[[537169,256522],[605,1254],[606,61],[543,-565],[1029,-381],[198,652]],[[540970,258399],[-57,586],[323,651],[1804,-557]],[[578435,300973],[1178,945],[164,-1140]],[[581404,298936],[229,-791],[1922,-793]],[[584668,296365],[948,384],[473,-595],[549,-134],[708,33]],[[588161,296797],[1378,295],[2502,2678]],[[604208,296409],[2397,-2153],[470,-16],[1036,1447],[1164,-821],[588,-1325]],[[610016,292507],[1403,-2268],[445,92],[1328,-619],[763,-1395]],[[614043,222595],[266,441],[274,-361],[255,570],[1140,378],[-155,771]],[[616509,225213],[520,2284],[922,-26],[370,-1112],[298,874],[600,-524],[368,49],[-40,-1290],[-194,-229],[812,-264]],[[620039,226006],[322,36],[382,-889],[594,-567],[126,-1018],[428,287]],[[623426,225101],[615,-410]],[[481207,214340],[-929,1254],[-1569,-479]],[[475533,216817],[570,5148],[-1631,3084],[-628,2040],[35,2113],[-145,434],[-345,113]],[[480024,227636],[1287,-550],[1715,-378],[349,266],[4627,-1108]],[[483780,212940],[-98,-865],[-404,-525],[-1093,45]],[[476127,207563],[-1000,3356],[406,5898]],[[475533,216817],[1056,-504],[1046,-26],[1074,-1172]],[[478709,215115],[1599,452],[899,-1227]],[[481207,214340],[-170,-1199],[433,-1065],[715,-481]],[[482185,211595],[1116,-70],[271,-2046],[450,-282]],[[485238,206418],[-421,-3315],[-7477,1666]],[[459033,142357],[-591,-266],[-1726,-2599],[-218,-730],[396,-525],[-363,-309],[-36,-519],[-258,-63],[66,445],[-620,119],[-1200,-689],[-40,-876],[-562,683],[-280,-122],[-232,-877],[-157,286],[-210,202],[-91,22],[289,-239],[-168,-675],[176,-468],[-829,-973],[129,-611],[-881,-1623],[111,-1505],[-926,-2118],[429,-42],[-437,-101],[30,-827],[802,-924],[-207,-478],[-515,754],[-920,-109],[-727,750],[-2002,-1273],[-527,364],[-151,-379],[-448,103],[-878,-998],[-512,282],[-67,375],[-650,186],[-650,-80],[-632,-533],[-425,156],[-741,-306],[35,-904],[-608,25],[-69,-434],[-978,279],[-449,-681],[-30,394],[-608,84],[136,492],[-595,122],[-67,771],[-547,43],[-236,-331],[-376,227],[-1213,-547],[-386,-649],[239,-343],[-304,-333],[-229,656],[113,433],[-356,628],[335,2732],[-1093,1749],[-539,1626],[-1560,2307],[-210,-41],[-2054,3542],[-4311,5626],[-1164,1722],[39,323],[-447,145],[-1135,1739],[-241,-1],[-39,366],[-468,376],[-18,450],[-346,-98],[-612,1020],[-610,344],[-58,721],[-1034,917],[-158,1055],[-605,-64],[-645,1203],[-4309,3491],[-1186,1655],[-397,388],[-324,-113],[-957,1504],[-450,71],[-1192,1871],[169,138],[275,-706],[1344,-574],[1385,600],[3128,-2490],[583,-214],[-1,237],[96,5],[-69,-242],[566,244],[512,-534],[1212,-402],[555,-408],[109,-1534],[617,-653],[-104,-527],[2078,-1859],[-95,-780],[535,-802],[1047,-689],[4561,-1808],[457,-58],[66,685],[63,-13],[-104,-711],[676,-139],[1383,49],[2267,700],[5209,2635],[-117,692],[149,-663],[1641,722],[3357,2376],[1210,1038],[-85,193],[522,79],[882,853],[1379,1856],[582,1919],[-740,1270],[3998,-782],[6815,-1411],[1357,-5389]],[[432869,264237],[-627,-336],[-680,624],[-132,688],[336,691],[-15,617],[-618,516]],[[431281,268029],[-315,1300],[-198,276]],[[427870,274553],[74,1019],[-2924,685],[161,1372],[-462,858],[778,1519]],[[426556,278844],[1284,-220],[693,337],[360,-444]],[[432360,276232],[108,-1268],[584,-748],[4065,5485]],[[437650,279855],[-428,-645],[61,-1442],[-263,-488],[-359,-428]],[[437505,266007],[-1351,-116],[-457,703],[-534,129],[115,966]],[[448185,259924],[-74,376],[722,904],[59,465],[-631,867],[-556,-509],[-621,590],[-387,1466],[-463,749]],[[446365,265780],[-444,605],[172,310],[-437,1414],[288,421],[-178,1126],[194,164],[-326,537],[6018,-1200],[-294,-1110],[182,-418],[-353,-213],[99,-467],[-237,-710],[334,-249]],[[452065,262689],[382,-606],[512,125],[-216,-453]],[[452743,261755],[-210,188]],[[452533,261943],[-121,-722],[-889,-39]],[[451523,261182],[-434,603],[-1654,237],[702,-1279],[-597,30],[-44,-294],[782,-927],[-268,-352],[294,-476],[-160,-190],[-418,180],[-375,688],[-625,-330],[271,875],[-512,-345],[-95,421],[-205,-99]],[[455876,223901],[-280,-2486]],[[455596,221415],[-1921,1597],[-935,-841],[-523,-1036],[-864,220],[-397,1371],[-629,1026],[-398,195],[-935,2410],[227,536],[-176,1169],[-1829,3175],[-126,841],[773,-320],[-62,492],[396,-73],[25,229],[2314,-505]],[[450604,232538],[740,-146],[-35,-299],[1092,-126],[3475,-8066]],[[478708,560325],[-342,746],[-506,290],[209,687]],[[478069,562048],[868,-53],[-678,1365],[319,1205],[-527,140]],[[478051,564705],[-246,1084]],[[477805,565789],[668,304],[-389,354],[-483,-262],[-171,198],[314,1245]],[[477744,567628],[-649,1023],[202,338]],[[477297,568989],[453,-35],[4,443],[-900,318],[-32,492],[-351,231],[96,652],[-298,-245],[-381,270],[202,471],[-159,458],[424,631]],[[476355,572675],[-410,-57],[-407,-603],[3,1495],[-293,181],[-128,651],[-188,-264],[107,-595],[-407,235],[-67,1417],[-365,-410],[105,-728]],[[474305,573997],[-279,276],[13,1171],[-346,357],[630,323],[39,298],[-539,15],[-415,-1174],[-169,468],[361,643],[-187,99],[-539,-1178],[-197,90],[87,998],[-257,522],[537,351],[378,-193],[-25,496],[-704,-80],[-720,-1185],[-413,778]],[[471560,577072],[215,436]],[[471775,577508],[-263,111],[-595,-1087]],[[470917,576532],[320,-421],[-118,-286],[-527,257],[-85,1055],[-878,-205],[561,966]],[[470190,577898],[-718,-355],[-148,-888]],[[469324,576655],[536,42],[106,-351],[-1035,24],[213,-1192],[-371,-647],[350,-173],[424,379],[155,-224],[-436,-933],[-1243,314],[365,-859]],[[468388,573035],[-158,-495],[-425,953]],[[467805,573493],[-293,-335],[-440,1039],[60,1098],[-763,625],[89,494],[-282,305],[143,551],[-760,82],[49,346],[-329,173],[-608,-653],[-380,40],[-136,-429],[89,804]],[[464244,577633],[-317,690],[-390,-796],[-155,924],[-221,51],[-139,-619],[-179,408],[-218,-358],[264,-820]],[[462889,577113],[-357,99],[-139,-263],[606,-261],[355,-564],[-401,-359]],[[462953,575765],[358,-574],[-325,-248]],[[462986,574943],[90,-524],[-403,396],[-18,530],[-291,-66],[293,-752],[-402,-49],[-129,-394],[593,-422]],[[462719,573662],[-587,-770],[-342,1230]],[[461790,574122],[-359,-579],[-394,653],[-426,72],[-167,635],[167,512],[-250,645],[-652,-464],[-506,363],[-80,663],[-579,-233],[-386,713],[-967,-150],[-275,-644],[-417,764],[23,-608],[-789,-175],[-378,-766],[-390,429],[60,-623],[-179,-137],[-98,1333],[-404,28],[-99,453],[-228,-481],[-930,574],[34,968],[-411,-241],[-47,501],[-343,192],[-1012,-267],[122,662],[-264,786],[-208,-276],[51,-951],[-496,212],[-208,-241]],[[450305,578444],[282,-912],[-770,824],[-131,-599],[293,-560],[-377,-45],[-458,1222]],[[449144,578374],[435,496],[-461,454],[270,905],[-388,835]],[[449000,581064],[302,338],[-917,557],[-5,-564],[-318,25],[151,758],[-368,211],[579,938],[-500,109],[-373,871],[-354,93],[221,491]],[[447418,584891],[-312,817],[364,455],[-681,13],[-363,-689],[85,-393],[-385,-287],[157,-671],[-602,256],[230,-635],[-519,431],[-499,-159],[283,1286],[-682,-244],[-252,667],[-308,83],[347,563],[-448,243],[484,324],[-635,254],[-165,506],[-364,-292],[-392,-1039],[-460,67],[-654,701],[-449,-804],[-307,897],[-570,6],[155,857],[-640,-143],[424,1011],[-725,278],[155,1238]],[[439690,590488],[-555,-435],[-164,527]],[[438971,590580],[-285,101]],[[438686,590681],[277,607],[-459,-22]],[[438504,591266],[-572,955]],[[437932,592221],[-400,-269],[-196,1364],[-226,-125],[-112,-1048],[-214,869]],[[436784,593012],[-265,-1],[-36,-1791],[-267,117],[-127,577],[-243,-160],[40,-521],[456,-483],[-239,-465],[-978,101],[-234,724],[-700,-1018],[-202,259],[74,556],[-512,347],[-196,-833],[-490,973],[-390,0],[1,-359],[-276,-187],[-600,79],[233,-523],[-541,-96],[231,-460],[-273,-662],[896,102],[86,-598],[-119,-348],[-528,11],[-22,-686],[-354,877],[-247,-778],[326,-178],[-171,-393],[-660,724]],[[430457,587919],[-45,747],[-787,-145]],[[429625,588521],[-266,-454],[-260,399]],[[429099,588466],[606,842],[539,-413],[274,185],[44,754],[-379,250],[463,413],[-219,1816],[348,1],[173,401],[441,-102],[-375,1659],[227,325],[355,-546],[422,40],[-275,787],[277,808],[485,-197],[-354,-339],[412,-686],[-71,493],[321,137],[90,600],[-136,1221],[1317,299],[1566,-1155],[986,233],[410,-229],[275,538],[468,-648],[567,223],[2094,-762],[158,-411],[432,-132],[-126,-1169],[1443,-1386],[515,726],[1244,4],[970,603],[231,465],[469,73],[695,1695],[-77,1542],[-384,1559],[-1623,1260],[-245,909],[107,1508],[-464,538],[-60,1705],[-441,-304],[-366,180],[-43,477],[-954,797],[183,818],[-126,615],[-1190,1153],[-671,1647],[-634,262],[262,2829],[546,1132],[681,475],[452,-163],[419,706],[1152,148],[247,327],[135,1413],[-272,-437],[-220,546],[111,1265],[-526,884],[89,1385],[-279,611],[430,2889],[638,1005],[386,13],[336,1146],[234,118],[-261,1745],[1144,2365],[-592,968],[312,965],[-378,478],[-116,1084],[325,471],[-2,488],[454,-2],[463,495],[310,-311],[304,462],[693,-307],[-156,880],[371,-290],[92,388],[-206,300],[159,65],[687,-525],[99,1089],[718,-1365],[665,-246],[711,213],[399,628],[169,1208],[620,-484],[812,680],[149,1511],[258,-645],[976,1551],[189,-116],[-257,-632],[247,-278],[314,169],[-86,527],[769,-400],[881,385],[475,590],[174,1100],[251,-1008],[104,863],[734,-139],[446,497],[405,-82],[181,-489],[-456,-549],[292,-901],[847,1992],[508,-553],[1117,1576],[139,-1083],[668,1060],[160,-1484],[338,-319],[178,253],[-189,701],[194,847],[131,-1303],[576,-19],[218,-1302],[287,148],[123,959],[890,-1007],[769,656],[480,-118],[-200,-1547],[-495,-494],[-84,189],[-97,-12],[272,-471],[1635,54],[408,742],[1037,-635],[164,1353],[787,166],[391,-681],[493,556],[947,-606],[949,344],[261,-241],[-137,-787],[766,-189],[178,552],[-496,529],[334,188],[225,731],[473,-232],[652,737],[177,-563],[422,-239],[629,647],[745,-918],[873,-75],[-120,-775],[491,-522],[-691,-1163],[28,-488],[412,164],[584,-513],[601,1409],[506,-775],[175,-821],[690,526],[-221,-841],[134,-318],[905,567],[285,-1256],[740,320],[863,-512],[296,1048],[694,175],[674,821],[311,-543],[670,-286],[924,-1448],[918,412],[285,-1068],[373,-241],[319,259],[218,879],[987,559],[877,-94],[1037,1636],[1367,135],[660,-256],[589,413],[171,471],[-247,1857],[344,499],[-4,710],[440,-155],[370,626],[566,-110],[482,-1119],[734,967],[308,-996],[363,-208],[650,950],[-7,839],[378,1029],[253,-82],[319,-810],[677,-211],[147,963],[579,733],[-140,881],[1095,1714],[23,-615],[-584,-333],[196,-539],[406,307],[497,-528],[504,227],[580,-520],[237,220],[112,937],[686,-45],[474,-477],[579,10],[271,-859],[869,-512],[275,185],[-66,726],[520,458],[-134,968],[973,929],[-203,-726],[117,-420],[785,-219],[-610,-1806]],[[518026,550410],[18527,2]],[[470669,541870],[8058,5],[-13,6212],[-6,12238]],[[368755,192096],[271,-307],[47,-1593],[217,-205],[343,192],[59,855],[664,132],[70,620]],[[371922,192445],[736,-20],[341,-985],[-467,-1067]],[[376990,184345],[392,85],[442,-1371]],[[382070,178730],[685,178],[639,-1164],[387,91],[237,-345],[-169,-1980],[664,-523]],[[384599,174427],[-1027,-9425],[-693,-922],[-823,-236],[-855,-986],[-1792,-609],[-583,-501],[111,-149],[-326,420],[-22,168],[-108,38]],[[580,221604],[747,91],[1465,1306],[365,-1022],[564,468],[2289,-858],[388,641],[2032,-337],[272,-634],[654,-33],[107,-751],[534,-175],[330,382],[542,-808],[713,205],[991,-916],[972,-396],[204,-443],[552,-117],[835,-1685],[723,188],[7,-943],[635,-52],[420,-438],[942,42],[-29,-652],[413,-184],[200,703],[301,133],[509,-1296],[392,619],[930,-974],[225,423],[624,-130],[-92,-921],[677,-479],[-409,-699],[861,-744],[260,320],[626,-255],[-153,940],[365,496],[275,-1049],[1094,-1043],[992,-288],[573,-895],[306,666],[724,-18],[40,898],[192,117],[652,-467],[-451,-744],[691,-149],[74,-715],[600,-548],[1201,1568],[280,-314],[-241,-1521],[820,-507],[530,350],[-606,296],[-143,654],[348,663],[-649,631],[509,2912],[599,-178],[1197,-2072],[848,-903],[1010,1280],[-531,1293],[424,1131],[-501,306],[39,850],[-852,175],[517,1555],[-1485,279],[-202,665],[468,786],[648,30],[386,952],[-340,344],[-339,-296],[-470,559],[264,1023],[-245,800],[-551,-119],[-72,2012],[-281,-23],[-418,-1104],[-481,926],[1276,780],[-783,279],[-348,1279],[426,372],[572,-737],[780,1585],[358,64],[452,1816],[440,-561],[436,193],[-52,963],[-850,1766],[259,400],[635,-651],[117,472],[712,142],[79,1769],[-461,850],[294,268],[-50,453],[836,-485],[357,163],[218,-497],[664,537],[1565,-1959],[876,558],[1471,-358],[713,175],[265,236],[-99,463],[504,357],[719,-676],[619,8],[-136,-508],[200,-258],[634,239],[867,-361],[427,390],[131,691],[577,32],[476,-616],[593,577],[37,429],[1095,-78],[477,428],[460,-231],[123,1533],[441,969],[1085,-522],[208,-536],[606,254],[18,-631],[779,-1121],[346,-1531],[342,-201],[749,-1691],[-163,-779],[257,-192],[59,-880],[-191,-203],[-63,-1369],[256,-2946],[475,-330],[404,-948],[382,-98],[928,1101],[-140,657],[-512,42],[-295,767],[211,397],[516,90],[-406,1539],[665,1158],[-644,756],[-765,-31],[-516,937],[235,197],[-96,585],[1116,816],[-203,618],[227,901],[688,252],[1413,-139],[842,-729],[2605,760],[512,-358],[662,291],[267,667],[806,-376],[626,559],[379,-44],[804,1234],[356,-140],[570,-1058],[1342,338],[403,-186],[1185,-1420],[1003,123],[1324,704],[1445,-464],[517,-916],[632,643],[804,1644],[906,386],[628,1298],[72,2427],[1315,1153],[939,-15],[700,640],[222,464],[-197,610],[568,372],[-22,823],[1076,38],[252,494],[1179,385],[2042,1688],[315,-4859],[5197,-967],[1222,2257],[4566,-761],[-17,1197],[-459,1573],[161,1958],[2968,-1625],[2693,-397],[626,-843],[1904,-628],[1859,9],[-447,-5001],[-2274,0],[1,-2157],[-2814,-814],[-276,-489],[885,-2157],[1116,-280],[3410,-4152],[1844,340],[3015,-2072],[704,334],[642,-343],[1336,496],[271,-178],[361,648],[-55,421],[571,295],[280,950],[1162,-143],[112,681],[288,111],[741,-531]],[[117051,228474],[1629,2002],[9194,268]],[[127874,230744],[-209,-1953],[2330,70],[304,476],[-75,859],[517,20],[487,-412],[352,234],[302,-466],[429,180],[18,1028],[770,492],[47,830],[469,-891],[494,69],[357,-473],[507,323],[-3,757],[1118,745],[508,-360],[1089,268],[206,315],[1014,-252],[3,559],[22854,443],[349,-339],[299,150]],[[162410,233416],[167,-793],[359,190]],[[162936,232813],[349,-313]],[[163285,232500],[561,385],[615,-1110],[847,91],[806,-673],[31,-672],[463,52],[290,-418],[36,-1133]],[[166934,229022],[515,-717],[-61,-650],[505,-768],[196,-1020],[522,-63],[178,341],[446,-257],[892,1173],[309,-228],[229,419],[-403,633]],[[170262,227885],[179,307],[470,-428]],[[170911,227764],[593,226],[88,-379],[730,208],[238,-333]],[[172560,227486],[632,-19],[95,-783]],[[173287,226684],[403,-79]],[[173690,226605],[277,-480],[512,229],[275,-478],[-266,-3405]],[[174488,222471],[-797,341]],[[173691,222812],[-58,-1917],[284,-629]],[[173917,220266],[469,692],[509,-170],[606,-607],[203,-907],[431,-170],[-145,-610],[908,-239],[122,-746],[635,-385],[-444,-1431],[824,-597],[401,-906],[-544,-1057],[-258,222],[-57,-594],[742,-1482],[-307,-347],[64,-351],[223,278],[456,-266],[-609,-5634],[-1411,-16],[16,-1234],[657,-1375],[449,-38],[992,827],[1469,1838],[1059,-304],[292,2667],[2289,-1039],[-207,2091],[2114,-215],[-246,-1162],[-441,167],[49,-903],[331,-567],[-485,-569],[216,-273],[-125,-207],[417,-780],[145,266],[462,-252],[-255,-470],[211,-214],[269,470],[342,6],[291,-1217],[488,-41],[238,-651],[480,-176],[-676,-1460],[316,-830],[572,533],[1020,-518],[-375,-325],[463,-805],[-505,-564],[296,-340],[71,-736],[-504,-737],[1033,-325],[484,-682],[949,1146],[317,-314],[-413,-1929],[524,-342],[-574,-839],[-10,-736],[-427,-277],[34,-704],[408,-333],[98,-714],[308,-369],[170,307],[909,-698],[879,-212],[532,-2055],[1693,-614]],[[195844,186116],[2715,-3436],[1866,-389]],[[200425,182291],[102,-282],[648,316],[645,1069],[1309,451],[1006,-768],[6125,-1050],[2934,868],[802,-144],[565,3106],[141,2543],[-377,1874],[-410,544],[614,5708],[13523,-2708]],[[228052,193818],[250,-542],[-207,-242],[285,-239],[-18,-693],[-414,-310],[50,-1532],[314,-951]],[[228121,188686],[615,266]],[[213933,162508],[-806,-401],[190,-738],[-443,17],[112,-278]],[[212759,161032],[-170,-760],[-3428,-33088]],[[208698,121023],[-364,-1153],[-626,-68],[394,-1242]],[[207777,117772],[95,-1145],[-341,-505],[1557,-2325]],[[211331,110990],[353,-704],[-118,-946]],[[213290,103910],[-465,-1469],[-798,-357],[-153,1003],[-338,255],[-359,-406],[-577,14],[29,282],[-324,-210],[179,1253],[-664,814],[-106,560],[-523,-143],[-824,993],[-842,-173],[-800,570],[305,855],[-383,200],[-164,664],[-479,-55],[-305,-544],[-116,611],[-798,916],[-474,-55],[-325,-477],[-568,404],[76,509],[-583,-268],[-54,418],[-703,489],[19,258],[-715,408],[129,436],[-328,-148],[-969,1456],[-786,834],[-361,14],[-1025,1753],[-3115,3946],[-1573,1616],[-613,-50],[66,541],[-626,624],[147,565],[-614,-56],[-106,722],[-1058,1262],[-554,-112],[141,681],[-269,-268],[-122,509],[-302,-246],[-257,239],[-614,1117],[-2122,2497],[-1893,2061],[-898,588],[-345,809],[-1317,843],[-153,544],[-387,60],[-1212,1710],[-355,17],[-2272,2786],[-3590,2913],[-2190,699],[-29,1246],[-196,43],[-134,-1079],[-1453,1464],[-1456,158],[-657,-889],[-26,-611],[538,51],[-650,-496],[2,282],[-341,-23],[-25,1157],[-499,307],[380,-455],[-71,-715],[-166,489],[-1059,369],[-1463,2037],[-2762,2952],[-5400,4153],[-3175,-365],[-771,-459],[-248,-895],[-589,222],[-1269,-510],[-964,664],[-1002,-727],[-850,-39],[-691,-799],[36,-341],[-221,530],[-444,213],[-1882,-313],[-1017,-834],[-991,-1747],[-198,-906],[110,-1037],[330,-360],[412,159],[-52,-333],[498,-195],[-1108,-1016],[-385,340],[173,491],[-579,-593],[-583,563],[-1438,41],[-711,-464],[-189,316],[-580,31],[-717,-454],[206,-231],[-1008,-104],[144,538],[-434,177],[-197,-296],[-189,501],[-685,328],[-126,-337],[-610,396],[-1216,-378],[-928,316],[-117,-303],[-721,445],[-148,-369],[-232,946],[-732,1103],[-785,152],[-158,434],[-492,30],[-303,557],[-966,639],[-748,-12],[5,307],[-974,959],[-2574,1732],[-3254,3403],[-3337,4216],[-3079,2848],[-6140,4528],[-5215,2464],[-4174,884],[-4806,557],[-3758,1009],[-3327,65],[-4902,-1665],[-1793,-1168],[-1158,-1342],[-877,-405],[-634,-1113],[-1811,-1836],[-3054,-2479],[-1078,-1743],[-318,-1370],[1293,-2232],[59,-1919],[1580,-11],[330,-3999],[-231,-159],[870,-2251],[975,-624],[-155,-878],[986,-1966],[-2351,40],[-400,-624],[293,-788],[-206,-1203],[-997,1199],[-302,1395],[-326,-237],[-964,272],[-1399,877],[-1248,94],[-661,-350],[-800,-2667],[-881,-470],[-250,-2081],[227,-1106],[-194,-785],[-460,-275],[-178,-849],[-334,264],[-481,-413],[-1844,1908],[-80,1111],[-451,517],[-21,660],[714,783],[61,683],[-990,2647],[-2235,2262],[-4147,3103],[-1573,502],[-1500,-112],[-1691,-579],[-1252,-1028],[-302,-902],[981,-3453],[-56,-995],[-1345,241],[-1364,1536],[-1619,101],[-1135,1899],[188,2329],[671,1043],[20,474],[2010,1947],[886,1941],[-1242,5125],[-3263,6996],[-2915,4665],[-7158,10198],[-4237,5219],[-4825,5050],[-4788,4322],[-4007,3166],[-528,104],[-1527,1681],[-5783,4446],[-4954,2857],[-2719,698],[155,12008]],[[425164,264796],[-807,-365],[-80,324],[-1304,265]],[[422973,265020],[795,8251],[1255,-26],[-1040,3165],[3950,-822],[-63,-1035]],[[427870,274553],[709,-1080],[471,-216],[-120,-224],[187,92],[-56,-1078],[855,-212],[-480,-1177],[460,-52],[299,-1146],[573,145]],[[430768,269605],[193,-264],[320,-1312]],[[431281,268029],[-148,-992]],[[431133,267037],[600,-489],[64,-403],[-413,-1746]],[[431384,264399],[-261,57],[-118,-1144],[-4388,890]],[[426617,264202],[-1324,-805],[-129,1399]],[[437169,282054],[481,-2199]],[[437650,279855],[-533,-154]],[[437117,279701],[-4148,-5482],[-531,836],[-78,1177]],[[432360,276232],[-2366,599],[33,677],[-359,504],[-469,-445],[118,-257],[-363,6],[-422,889],[361,312]],[[428893,278517],[-399,465],[-654,-358],[-947,318],[112,547],[1065,656]],[[423795,283489],[-628,-346],[-246,1180]],[[413066,287094],[-3208,3185],[106,342],[-342,110],[91,618],[647,889],[-335,2666]],[[410025,294904],[-385,476]],[[409640,295380],[-333,1655],[-440,-82],[-773,1739],[-509,285],[-159,946],[-444,655],[95,1472],[-561,856],[-310,1399],[285,930],[5045,-935]],[[411536,304300],[-2618,4814],[-1739,2477],[630,5943],[700,782],[764,-187],[52,-469],[419,-219]],[[409744,317441],[862,229],[248,-463]],[[410854,317207],[254,570]],[[411108,317777],[640,-427],[184,319],[435,-134],[278,305],[-431,294],[60,418],[606,333]],[[412880,318885],[129,-593],[119,499],[329,-84],[-115,639]],[[413342,319346],[421,689],[147,-490]],[[413910,319545],[521,-5],[-187,780],[410,75],[119,542],[147,-630],[322,562],[813,-82],[9,-959],[633,17],[322,894],[568,-694],[667,-128],[790,-1284],[154,167],[-187,625],[175,72],[1064,-1392],[813,333],[243,-1239],[339,309],[373,-1007],[499,591],[11109,-2675]],[[433626,314417],[-321,-470],[-100,-1212],[-526,-292],[-65,-462],[-301,681],[-325,-483],[88,-493],[323,90],[-57,-535],[-369,210],[-193,-922],[-38,427],[-249,69],[36,-959],[736,-636],[-401,36],[-47,-484],[246,-344],[-394,-58],[33,-539],[-592,72],[241,-301],[-92,-707],[-491,-147],[362,-543],[-544,-53],[24,619],[-193,140]],[[427854,301580],[-1077,1],[483,-1095]],[[426458,298406],[1322,-540],[-1217,-1216],[126,-338],[-721,-152]],[[427813,292680],[1995,-385]],[[432497,285280],[244,-922],[1329,-165]],[[426556,278844],[-1059,1162]],[[425497,280006],[-714,-1104],[-64,-415],[466,-898],[-165,-1332],[-1164,46],[1167,-3058],[-7112,1282]],[[417911,274527],[-185,-2641],[-200,488],[-121,-573],[-1132,278]],[[416273,272079],[-1025,-183],[-409,505],[-565,-30],[-363,1650],[-916,-1161],[-132,570],[218,974],[-702,1079]],[[412379,275483],[5,721],[-615,816],[-405,119],[-675,1133],[-419,-97]],[[410270,278175],[-772,680],[-985,-632],[-883,1075],[495,1799],[-457,1576],[739,244]],[[408407,282917],[-177,709],[561,577],[-288,609],[192,242],[-109,914],[310,589],[-483,954]],[[408413,287511],[-134,1122],[557,293]],[[408836,288926],[146,-267],[424,758],[-88,315],[482,251]],[[409800,289983],[5,378],[2320,-2587],[941,-680]],[[413066,287094],[6526,-1289],[1448,-207],[135,231],[695,-542],[819,318],[-422,-787],[654,-495]],[[422921,284323],[252,-1182],[622,348]],[[423795,283489],[1157,-55],[585,714],[359,-762],[62,817],[333,361],[-136,-1260],[329,-1407],[649,305],[706,-139],[210,-396],[-193,-550],[214,-972]],[[428070,280145],[-1130,-740],[-106,-324],[267,-267],[-545,30]],[[416781,244149],[-4296,-2694]],[[409491,246128],[-663,-575],[-61,831]],[[407840,246519],[-364,-385],[-603,1271],[-684,162],[-105,369]],[[401176,256209],[-72,1841],[527,938]],[[401631,258988],[-456,369],[1171,1215]],[[402346,260572],[11885,-2305]],[[414231,258267],[-323,-3475],[460,154]],[[414368,254946],[856,-1209],[-251,-1256]],[[414973,252481],[221,-981],[264,-164]],[[415458,251336],[-135,-624],[875,-514]],[[416198,250198],[-183,-1228]],[[416015,248970],[1026,-1941],[-518,-782],[637,-715],[-9,-1226],[-370,-157]],[[444673,280152],[375,532]],[[445130,282466],[-237,620],[602,101]],[[445283,285264],[-414,529],[22,765],[503,145],[-260,1120],[196,516],[-769,1341]],[[442730,293532],[502,486],[-223,309],[65,471],[-458,685]],[[442455,295859],[-438,772],[657,69]],[[443880,304403],[262,1324],[-189,596],[5744,-1033]],[[451702,299201],[-822,-9818]],[[450880,289383],[574,-86],[345,-874],[-168,-1055],[425,-1107],[-151,-930],[362,-314],[-206,-571]],[[452061,284446],[929,-437],[-578,-2322],[312,-543]],[[451562,279155],[-6399,1209]],[[470381,276519],[2300,-523]],[[474134,275072],[686,-1392],[94,1236]],[[478231,276966],[320,-281],[-371,-1130],[497,5],[68,484],[442,-89],[210,-984],[406,747],[-472,1302]],[[480354,278160],[-293,-1360],[354,117],[-102,-550]],[[481180,276156],[315,-738],[1021,105],[79,421],[1362,-206]],[[482636,267177],[-1363,-1601]],[[476514,264283],[-266,-2851],[248,-1351],[-342,-439]],[[475763,260067],[-1050,193],[-1225,-1933]],[[469333,259214],[-2024,-767],[-2636,1035]],[[464237,259262],[-499,526]],[[326244,308013],[-477,-696]],[[323174,306692],[-1285,-273],[-312,-461]],[[320166,296457],[-1422,-3032],[-358,980]],[[314768,309183],[553,2775],[1985,1993],[1157,23],[3222,-930],[2092,-3057]],[[388829,251636],[1208,11271],[6083,-1197]],[[396120,261710],[1781,-1913],[2090,-342],[1107,-1017]],[[401098,258438],[78,-2229]],[[401176,256209],[-568,-237],[-53,-329],[1111,-404],[605,896],[367,-1200],[-291,-516],[870,111],[755,-602],[-49,-993],[802,-588],[-112,-803],[937,-657],[-104,-762],[225,-871],[514,-151],[212,-699],[-313,-468]],[[406084,247936],[107,-374],[682,-157],[651,-1305],[316,419]],[[407840,246519],[927,-135]],[[408767,246384],[95,-831],[629,575]],[[409491,246128],[-262,-535],[1568,-283],[-63,-726],[2057,-374],[-306,-2755]],[[412485,241455],[2241,1583],[51,-156],[1266,942],[738,325]],[[411585,232228],[-256,-1007],[-635,-1007],[548,-970],[-179,-1433],[327,-1982],[706,-434],[1241,26],[-4116,-5356],[-3186,318],[-2165,-435],[-495,-744],[-2689,1358],[-227,514],[177,457],[-538,1151],[-56,738],[-165,116],[-108,-506]],[[399769,223032],[-550,394]],[[399219,223426],[-667,-25],[-535,1162]],[[398017,224563],[156,501],[-422,531],[64,322],[-1289,-127],[-440,245],[-651,-536],[-278,114],[-124,-1250],[-479,-233],[-794,635],[-294,-115],[-194,878]],[[393272,225528],[-589,-347],[-641,238],[-135,1223]],[[391907,226642],[199,750],[-834,624],[-81,757],[-911,1348],[-317,896],[471,262],[-533,457],[261,533],[-538,626],[338,794],[-226,692],[495,161],[346,846],[-205,316],[-426,-156],[120,2218],[750,337],[-36,1160],[-558,1499],[77,1221],[-584,466],[-263,-327],[46,1079],[-408,-295],[-673,1682],[-809,702],[-114,793],[-502,78],[-189,-267],[-228,891],[-255,18]],[[423895,250357],[3115,2569],[1502,1717]],[[428512,254643],[3900,1914],[-77,-741]],[[437475,254802],[-750,-1222],[-196,-1284],[112,-1109],[484,-993],[-323,217],[81,-410],[412,-467],[-370,331],[-370,818],[231,-848],[697,-633],[-711,410],[-133,381],[-295,-204],[897,-1401],[59,-1127],[336,-102],[184,375],[-33,-328],[211,482],[-90,-360],[391,125],[-135,-272],[296,335],[-272,-372],[240,86],[-85,-579],[317,650],[-201,-518],[142,-192],[237,220],[123,-47],[-601,-485],[-399,-884],[-82,285],[-711,-594],[-787,455],[-434,673],[-726,-227],[-402,446],[-302,-461],[-505,883],[-1,460],[-238,243],[-147,-213],[-290,462],[-827,-305],[-486,-572],[-558,-50],[-1227,-1501],[-1117,140],[-4,-527],[-14,530],[-940,-200],[-992,-883],[-466,-1105],[-1061,515],[-107,1702],[-880,1124],[-1125,481],[-210,613],[290,2070],[283,518]],[[469085,317006],[851,-1791],[-22,-448],[-803,-767]],[[466285,306223],[-1695,-1409],[-611,-1068],[-40,-395]],[[466438,293237],[249,-1239]],[[461890,282925],[-396,-539]],[[457971,282230],[149,409],[-648,-357],[-258,855],[353,-148]],[[457567,282989],[-102,628],[376,-17]],[[457841,283600],[-576,1025],[901,354],[-23,405],[-292,174],[159,219],[286,-200],[203,466],[169,-575],[129,436],[662,244],[-27,826]],[[459432,286974],[466,-238],[-623,662],[47,414],[284,-292],[290,149],[-375,187],[-106,419],[489,345],[-358,320],[141,328],[-296,488],[185,392],[-316,1],[4,404],[713,-264],[204,463],[-224,-52],[79,858],[293,118],[-301,308],[619,140],[-88,496],[584,-13],[136,316],[-2594,661],[-473,1531],[-6776,1271]],[[451436,296386],[266,2815]],[[451702,299201],[-146,5353],[-247,-339],[-215,335],[-1449,276],[52,464]],[[449697,305290],[-6052,1106],[-892,1741],[216,860],[490,188],[88,588],[322,-50],[634,987]],[[445928,329040],[131,1494],[1582,3243],[1800,1892],[1290,2568],[144,1670],[-625,2641],[270,2685],[-239,2093],[160,924],[588,1108]],[[452512,349638],[1713,1166],[958,-21]],[[457880,344660],[-888,-48],[-22,-770],[529,-1105],[-145,-1051]],[[463462,337841],[224,-533],[320,409]],[[464924,345767],[549,4912],[877,1334],[645,242],[1283,-41],[2061,-1392]],[[473108,351674],[84,3572]],[[445128,244441],[-131,814],[242,104],[-19,443],[-500,929],[-78,743],[-826,1052],[-2861,2330],[-487,81],[-271,-883],[179,1210],[-456,177],[-64,-340],[-27,250],[-1035,126],[-448,-441],[412,-999],[-506,-391],[-827,2018],[-228,-79],[475,-1940],[-399,667],[-148,-118],[-439,851],[-153,1016],[73,1152],[374,855],[746,1093],[1621,504],[3418,-1027],[1676,867]],[[453949,250375],[4907,-964],[1370,242],[4598,-600],[-877,-8207],[-2739,658]],[[460197,242319],[-2094,735],[81,2254]],[[458184,245308],[-1301,-240],[-618,-569]],[[456265,244499],[-628,304],[-779,2051]],[[454858,246854],[81,747],[-383,524]],[[454556,248125],[36,490],[-799,632]],[[506496,189540],[-85,-761]],[[506411,188779],[5555,2165],[191,-924],[1189,-1250],[180,295],[10145,-2219],[-429,-3642],[1359,-272],[-204,-2156],[2333,-458],[-66,-799],[778,-165],[-438,-7750],[415,42],[343,470],[398,-202],[130,331],[707,-574],[650,461],[-361,-3783],[378,-52]],[[529664,168297],[-432,-3972]],[[515902,165045],[-748,-9082]],[[522712,127203],[267,-1352],[418,-762],[1387,-1164],[89,-700],[280,-191]],[[538520,107232],[-911,-8224],[59,-347]],[[538684,95983],[-154,-240],[170,-362],[-1284,21],[-866,787],[-3092,1348],[-1389,-500],[-505,332],[-2000,26],[-1123,-971],[-989,-285],[-630,-1007],[-1675,-355],[-724,-536],[-1003,-2408],[-1052,-1071],[131,-625],[-350,291],[-1115,-334],[100,-600],[-320,-363],[-474,28],[-106,-320],[-1424,1194],[-439,-47],[-183,-358],[-870,294],[-26,-334],[-1082,-345],[-703,-885],[-327,16],[-1146,2015],[-736,335],[-486,631],[-464,1292],[-1451,609],[-791,843],[-2299,7268],[-4158,7996],[-2010,3205],[-442,-67],[-27,517],[-613,478],[-380,-136],[-195,289],[-363,-407],[-892,821],[-275,-310],[-242,358],[-288,-141],[-542,1001],[-576,-48],[3,396],[-553,499],[-218,-193],[-509,441],[-386,-219],[-245,515],[-1411,-334],[-161,328],[-573,-165],[-2127,387],[-557,-66],[-323,-411],[-557,408],[-152,1715],[-747,733],[-26,367],[2812,319],[1085,626],[2184,551],[967,1243],[378,1815],[-140,265],[318,-35],[307,597],[-401,1438],[161,1113],[-527,1076],[-1100,639],[797,965],[409,1251],[133,1139],[-188,1802],[628,1231],[8,1407],[-905,3079],[-1030,1652],[533,-222],[233,262],[-29,-273],[195,138],[413,-589],[1533,463],[1235,-910],[670,782],[2280,236],[1143,-1481],[867,-262],[2074,301],[1917,3164],[1432,4377],[598,4179],[-186,1554],[-625,1364],[-673,660],[-1470,357],[-984,-914],[-181,276],[25,3826],[750,3540],[-500,1715],[-1465,1406],[-779,1502],[-29,2141],[-775,2710],[229,1329],[-165,800],[-265,204],[-4,1037],[-322,-156],[-313,498],[-410,-143],[-532,483],[-1553,409],[-921,1714],[-1026,-5],[-332,534],[-396,-210],[-107,512],[-173,-275],[-439,205],[20,-344],[-698,49],[-801,-1828],[-754,-407],[-1752,541],[-391,567],[-1179,164],[-134,609],[282,166],[-462,55],[-12,425],[328,300],[-867,81],[209,-551],[-347,1],[27,-708],[357,-367],[-395,-244],[-646,196],[-1259,1378],[-647,219],[-418,-203],[-131,-295],[172,-126],[-396,-364],[-99,-777],[398,-715],[-179,-629],[-480,-679],[-243,129],[-237,-724],[-691,173],[-280,-1018],[163,-213],[-281,-215],[-98,312],[-293,-420],[162,712],[330,170],[-562,591],[-306,1525],[-421,-250],[-811,147],[103,843],[616,793],[-91,845],[755,-438],[563,237],[379,303],[244,740],[600,441],[164,822],[-211,-775],[-834,-453],[-137,-712],[-330,-187],[-241,480],[94,-644],[-776,474],[-317,-159],[-226,-1131],[-308,146],[132,431],[211,-163],[-201,900],[-1017,151],[-740,677],[626,-1076],[-701,103],[-181,-683],[-955,-1019],[-313,-117],[-233,911],[102,-864],[-418,213],[-467,-379],[-800,680],[-166,-452],[-371,821],[270,-1171],[-332,520],[-88,-225]],[[473481,177656],[-1594,2265],[-83,697],[1224,11572]],[[483294,189415],[960,7993]],[[488425,120479],[-148,-269],[-1851,-770],[-399,-892],[-256,-1727],[84,-748],[1354,-1645],[234,-666],[849,-298],[69,-425],[-645,-1491],[301,-840],[-723,-360],[-307,53],[-66,660],[-696,304],[-291,608],[420,419],[36,676],[-751,1801],[-2563,3848],[-1390,1473],[-2018,1350],[-1238,203],[-449,769],[-118,-411],[-674,-265],[-945,876],[-783,-169],[-159,-631],[-700,163],[-481,-523],[-22,-500],[-254,-109],[55,-669],[-177,111],[-308,-623],[124,-387],[-851,-934],[-185,-810],[-482,1085],[-818,-157],[-95,795],[-528,745],[-931,-181],[-222,631],[-685,-189],[-469,576],[-933,-276],[-373,985],[-306,-58],[35,-690],[-324,-119],[-280,654],[-1035,195],[-437,-229],[-101,-773],[-424,-364],[-350,308],[-1018,-653],[-79,413],[-238,-413],[-189,323],[-1182,-644],[-1072,65],[1169,750],[305,986],[438,213],[237,777],[537,-578],[1460,720],[382,1188],[-65,1214],[409,642],[28,1106],[388,701],[62,850],[718,856],[329,1095],[372,-180],[1275,731],[1537,1189],[688,1057],[1516,381],[1666,-196],[1128,526],[-22,251],[58,24],[52,-353],[3343,-677],[2117,195],[967,-265],[472,-454],[-930,356],[-803,-449],[-871,-23],[-17,-639],[-618,-357],[305,-391],[934,1075],[233,-552],[-652,-509],[699,283],[346,615],[2237,-731],[-101,-1138],[-824,-79],[-531,-1729],[-730,-934],[45,-1242],[420,-440],[674,161],[267,595],[230,-21],[-150,-820],[324,-879],[-203,-566],[-581,73],[-330,-669],[74,-1327],[2074,-564],[1826,1013],[841,-1023],[786,-90],[291,548],[250,-316],[557,114],[820,-1275]],[[484896,123544],[526,1183],[-66,-416],[560,-729],[128,-849],[266,-130],[31,-853],[-621,1200],[-531,132],[-293,462]],[[472085,251847],[1622,-374],[2720,811],[1150,-227],[1250,228],[432,573],[1261,-236],[1682,-1660]],[[483235,250721],[-1216,-1177]],[[482019,249544],[944,-1034]],[[482963,248510],[-132,-413],[-688,-747]],[[482143,247350],[-1060,-282],[-146,-1323],[-454,287],[-424,-658],[70,-528],[-553,54],[-92,-2294],[421,-668],[-605,-106]],[[479300,241832],[-162,-2079],[-714,146]],[[470205,247797],[780,564]],[[387675,189768],[1445,-1062],[1079,-224],[2106,754],[1140,-177],[1244,498],[1826,54],[1690,811],[543,-167],[1001,837],[3166,4231],[1437,1069],[2762,3116],[2007,-955],[1745,157],[2868,-1493],[927,-1577],[739,-401],[905,-2469],[629,-778],[-324,-623],[-102,-2346],[397,-2272],[-808,-2897],[-722,-4240],[-609,-1803],[125,732],[-690,-757],[308,523],[-494,15],[611,669],[390,2519],[-685,328],[102,453],[-382,435],[-1305,-892],[-947,-1500],[-859,-622],[-1025,-2534],[-1367,-2167],[-39,-461],[-545,-625],[-1080,-2363],[-252,449],[-414,-342],[386,-411],[-331,-737],[1427,-1742],[-523,-656],[1013,-94],[1852,1265],[781,132],[-89,578],[-293,163],[285,44],[337,686],[-425,159],[-48,495],[1704,2729],[191,39],[505,-1266],[1280,580],[571,-190],[96,-366],[-489,-812],[-1168,-595],[-389,-1063],[-1291,-1142],[106,-612],[-959,-487],[-561,-1233],[-1732,558],[-1483,-234],[-1133,-578],[-581,-1500],[151,-748],[-153,-687],[252,-32],[-3,-43],[-342,-148],[-5095,2977],[-3547,1070],[-1260,2],[-1920,-729],[-948,-1588],[-513,115],[312,-844],[482,-453],[-214,-241],[-7118,1860],[-767,-82],[-297,-591],[-798,-333],[1120,9541]],[[384599,174427],[-86,560]],[[384513,174987],[-436,252],[42,1509],[301,967],[787,423],[254,575],[489,2007],[-306,1437]],[[695328,477040],[-1407,1016],[-1082,1323]],[[690373,484053],[-1237,339],[-77,1092],[-638,671],[-28,953],[834,1734],[57,1500],[-791,4208]],[[581100,599216],[-181,574],[-546,-63]],[[579476,599578],[-374,-1048],[-322,-41],[-471,1881],[209,1451],[537,-9],[-351,-845],[883,-673],[808,1276],[390,1191],[233,350],[326,-14],[182,-265],[-596,-49],[163,-841],[-362,-526],[891,-566],[206,467],[-165,279],[773,1331],[428,-967],[-459,-96],[-244,-780],[397,-150],[173,534],[653,-95],[126,1234],[678,212],[18,-762],[215,-226],[443,1130],[1005,-117],[108,278],[-320,706],[841,-167],[210,240],[-89,336],[-535,186],[-43,465],[351,206],[419,-430],[605,1413],[523,-841],[-91,-1029],[671,151],[70,-779],[582,-317],[569,749],[-413,417],[273,629],[-222,956],[881,295],[-460,-512],[13,-421],[188,-179],[669,466],[510,-1220],[-1014,-550],[62,-637],[364,-220],[653,656],[191,-915],[-809,-267],[20,-552],[585,-486],[-733,-258],[-260,-545],[103,-359],[879,585],[74,-1240],[839,-490],[278,606],[-587,-18],[20,909],[437,682],[143,-1179],[361,-112],[70,608],[285,168],[477,-1249],[250,214],[111,1220],[381,-803],[386,203],[683,-360],[238,1375],[-718,437],[683,1432],[386,-250],[435,266],[821,-562],[117,-1683],[312,-698],[823,200],[1352,-1968],[399,776],[721,359],[-376,1227],[799,-142],[495,750],[-934,1597],[139,2737],[868,1129],[1179,-25],[-125,2051],[524,1601],[1419,858],[-408,506],[345,467],[-97,726],[601,-661],[139,290],[-196,768],[429,-230],[254,273],[-377,1401],[459,400],[1284,-695],[167,-1303],[426,-451],[336,656],[208,1606],[677,480],[264,-838],[606,266],[179,-368],[-143,-688],[856,-1073],[-472,-684],[130,-832],[265,33],[107,591],[318,-582],[421,342],[233,-529],[911,-106],[315,-1021],[995,-21],[550,614],[-175,884],[-548,-586],[-571,230],[952,1052],[-494,1189],[155,1181],[358,546],[105,1298],[1121,-1169],[843,680],[256,-562],[-263,-1109],[333,-263],[332,174],[824,-1307],[-84,-1467],[234,-92],[420,497],[58,-523],[1223,-1514],[698,533],[-11,344],[-513,-46],[-134,473],[565,179],[-333,1023],[763,102],[206,559],[-183,864],[433,652],[336,-535],[-354,-374],[-51,-684],[545,277],[212,-757],[878,25],[310,-695],[490,-301],[300,334],[-402,1036],[116,404],[1215,101],[426,675],[244,-1022],[272,562],[359,-279],[470,412],[678,-370],[138,-348],[-866,-731],[573,-258],[35,-288],[-935,-874],[170,-481],[410,-218],[37,-1020],[229,-174],[410,662],[779,-530],[191,-755],[648,-21],[-310,-750],[650,-389],[392,-746],[281,140],[-68,911],[310,-696],[679,-18],[-113,-1135],[949,-174],[-103,-622],[-583,138],[-240,-368],[264,-525],[619,-46],[-330,-486],[78,-374],[670,-1],[311,-556],[485,171],[-419,1542],[308,519],[385,-1633],[289,797],[593,-16],[296,-631],[-664,-350],[-98,-390],[747,-7],[-208,-1168],[272,-728],[624,-380],[748,1323],[-634,447],[52,325],[761,-219],[179,-428],[1011,-502],[291,304],[-207,951],[513,114],[291,517],[739,-438],[1024,995],[163,-552],[-531,-611],[475,-285],[312,-1051],[-437,-510],[-48,-1201],[489,-555],[508,571],[546,-515],[562,1152],[355,-21],[-241,-1592],[-340,-558],[35,-1425],[692,77],[104,330],[-298,562],[514,-273],[137,283],[-248,663],[677,129],[81,-347],[-382,-648],[178,-463],[375,-121],[231,824],[154,-703],[879,-101],[602,-1019],[210,244],[-295,411],[128,387],[599,137],[219,-408],[-292,-366],[32,-392],[436,151],[564,-320],[346,434],[-599,328],[176,664],[635,-115],[286,685],[321,-1164],[910,-585],[-157,-784],[604,4],[-452,-470],[128,-692],[223,-68],[571,884],[292,-149],[-182,-967],[446,-423],[-721,-1206],[24,-511],[388,-411],[525,515],[434,-38],[369,846],[1075,-931],[497,540],[758,-147],[318,559],[-452,879],[205,559],[291,105],[-112,-628],[386,-237],[252,151],[-176,894],[932,-133],[500,-1962],[424,-713],[979,-118],[985,491],[239,488],[651,-370],[-438,-460],[359,-840],[-307,-1319],[558,-180],[443,-1102],[-595,-364],[-2,-791],[769,-346],[419,914],[672,-112],[176,490],[-445,1051],[726,716],[239,-458],[-273,-701],[66,-578],[662,-771],[-40,-259],[1103,-898],[975,1023],[-470,1348],[393,704],[-137,1206],[909,373],[-406,534],[458,887],[-352,1235],[384,-227],[-22,-516],[366,-45],[154,345],[273,-606],[727,203],[377,-531],[340,-1815],[526,135],[684,1504],[994,-224],[496,680],[413,76],[155,-390],[-276,-701],[345,-103],[272,328],[552,-410],[-423,-975],[312,-918],[-273,-1096],[376,-178],[342,1319],[331,-85],[899,-1693],[332,-1273],[885,1096],[-3,949],[652,20],[322,-509],[298,166],[211,1108],[-529,707],[161,1182],[744,203],[-119,906],[533,466],[-357,1570],[313,1739],[513,-560],[148,1505],[427,-678],[342,-45],[500,1472],[638,110],[-533,509],[867,140],[228,750],[290,-721],[281,72],[-440,1689],[237,23],[70,-624],[294,35],[245,814],[-314,773],[377,-66],[44,588],[396,535],[-1287,1067],[160,268],[383,-405],[228,420],[-273,839],[95,1139],[313,48],[54,-710],[269,-37],[342,1108],[-94,414],[-775,-119],[-44,412],[788,-96],[449,-351],[149,580],[-462,321],[46,597],[606,-638],[393,42],[-31,686],[-449,643],[576,493],[427,-340],[350,1108],[246,-88],[-261,-446],[224,-536],[-299,-707],[483,-371],[-236,-496],[368,-681],[-115,-1234],[378,-381],[60,-850],[1481,-1334],[-106,-1177],[247,95],[316,969],[745,-684],[606,828],[430,84],[486,-502],[2070,-881],[2,-829],[519,-411],[378,170],[1099,-1226],[1011,603],[1048,-368],[838,1263],[746,-240],[421,1003],[958,-688],[1719,461],[1473,-801],[579,747],[253,-710],[981,-299],[155,-400],[254,335],[164,-521],[367,44],[-275,-521],[498,-725],[-13,-647],[454,-751],[505,531],[-468,892],[204,191],[536,-385],[137,-1225],[1117,1381],[260,1313],[1065,601],[1270,2358],[-73,612],[-636,873],[-43,1062],[360,1130],[706,604],[28,1065],[-292,723],[506,1129],[-16,854],[1700,2008],[83,1704],[535,-402],[1272,78],[-145,1872],[656,411],[-207,313],[-548,-12],[553,780],[-205,1101],[140,258],[363,-174],[859,960],[286,8],[204,-618],[518,-276],[448,280],[1753,-1191],[467,127],[546,-710],[331,503],[134,-1023],[599,-309],[516,407],[-79,1503],[1103,1259],[1674,358],[302,-1175],[555,-39],[682,1086],[1427,-2070],[589,-1608],[493,694],[1009,-815],[-30,-487],[-484,-85],[-82,-887],[-535,-1105],[557,-630],[73,-1254],[845,-195],[1058,-1404],[954,-588],[229,-1096],[335,-206],[583,334],[1365,2092],[1192,597],[471,716],[-310,1326],[-1755,-123],[-698,1171],[-1259,-1185],[24,926],[418,490],[-352,469],[60,844],[1271,-813],[758,764],[-357,-891],[908,51],[2,-688],[277,-511],[450,192],[17,941],[214,296],[1501,-394],[354,-533],[-114,-695],[532,-526],[2117,2228],[1913,1074],[468,2455],[494,624],[1562,562],[2069,-118],[865,1051],[2346,1915],[286,-170],[796,-1826],[-122,-790],[247,-546],[1042,-330],[1449,-1782],[659,-177],[1080,536],[828,-813],[919,45],[42,-364],[-643,-284],[-35,-515],[651,-37],[416,-713],[387,520],[905,-247],[751,634],[1230,-239],[1033,-1280],[-261,-819],[469,-707],[470,169],[391,-310],[466,425],[166,-319],[401,50],[657,-928],[94,808],[250,-506],[812,232],[58,-321],[-452,-250],[239,-996],[1110,392],[342,-911],[329,488],[465,-638],[432,292],[979,-976],[-82,-775],[220,-244],[442,887],[1110,-450],[120,780],[-419,218],[69,218],[632,172],[544,-648],[735,34],[95,-506],[-547,-645],[609,-52],[247,-576],[-281,-791],[337,-403],[-461,-1436],[360,-330],[-615,-283],[484,-240],[-372,-716],[1714,-879],[510,-1000],[-797,108],[1,-344],[386,-118],[-431,-826],[1150,-1073],[379,404],[38,611],[841,-794],[1492,1069],[66,-281],[-359,-70],[15,-267],[1042,-449],[24,598],[518,12],[391,912],[0,-1596],[621,238],[128,1032],[76,-851],[251,323],[433,-70],[-445,-167],[346,-461],[-144,-532],[188,-444],[121,507],[179,-532],[253,-4],[-100,508],[856,632],[-292,-895],[267,-1500],[-290,-795],[-233,255],[-327,-574],[313,-68],[-18,-248],[-508,-363],[-42,-505],[330,1],[-199,-454],[181,-410],[-399,-218],[-29,-682],[-578,-304],[12,-883],[-279,-299],[241,-445],[702,-201],[-5,-639],[586,113],[-214,-470],[353,-47],[-36,-760],[466,179],[-470,-1437],[107,-439],[-385,-483],[369,-114],[-341,-315],[60,-542],[473,155],[63,-231],[-502,-141],[173,-443],[-478,-467],[1072,-494],[-134,-798],[432,-904],[-99,-607],[-262,-140],[68,-436],[814,-319],[170,913],[144,-558],[375,252],[632,-758],[847,184],[187,-706],[238,359],[-333,398],[598,-403],[410,287],[-293,-710],[16,-1576],[-383,538],[-312,-1078],[-666,218],[280,-1118],[1050,-572],[-568,-519],[-62,-566],[-372,79],[-177,-332],[267,-996],[-106,-182],[-305,315],[-64,-609],[270,-2092],[532,29],[329,-1000],[244,118],[216,-393],[-332,-260],[622,-354],[-119,-784],[269,-945],[-387,-517],[167,-693],[-250,-412],[84,-348],[-390,188],[-394,-1306],[-429,-47],[45,-468],[557,-674],[96,-781],[275,-172],[46,-1337],[-710,-719],[160,-839],[618,-833],[-119,-522],[412,-617],[-25,-710],[-617,-656],[271,-1248],[-249,-563],[512,-1014],[-356,-456],[246,-430],[388,122],[-204,-994],[195,-559],[-413,84],[-40,-285],[427,-1053],[440,-71],[-217,-78],[45,-949],[-526,-239],[-220,-969],[391,-658],[524,125],[533,-999],[779,332],[402,-562],[-111,-442],[-770,-517],[59,-901],[458,-936],[-366,-514],[118,-894],[-331,-147],[-608,-1816],[423,-696],[-551,183],[-674,-2241],[115,-354],[624,374],[153,-244],[-620,-987],[377,-484],[-625,-732],[788,-819],[-771,-971],[-90,-492],[607,-389],[378,317],[85,-1152],[273,-438],[946,-421],[20,-1133],[-412,-447],[558,-1216],[1849,-537],[445,-781],[-121,-616],[956,-1863],[-39,-3290],[1558,-1016],[1037,-9],[1202,-861],[333,-604],[-254,-1260],[288,-1487],[-652,-606],[834,-608],[-936,-2040],[447,-241],[660,-1098],[193,-2056],[1097,-2376],[-335,-1441],[-342,-358],[23,-888],[-588,-485],[56,-863],[-523,-892],[1005,-2415],[7,-751],[1523,757],[343,934],[921,-1418],[-195,-1185],[645,-262],[-239,-1256],[477,242],[56,711],[439,212],[248,-877],[537,90],[279,-443],[1273,649],[42,-1634],[717,-117],[468,-464],[236,309],[288,-114],[-256,-346],[76,-725],[605,-49],[171,-518],[697,-612],[-578,-510],[358,-611],[-513,-446],[-181,-766],[-168,-100],[-86,545],[-493,-750],[802,-108],[462,395],[-79,-922],[304,-218],[-219,-710],[559,203],[140,-1232],[-461,-591],[-157,-1144],[-350,245],[473,-1254],[-440,-45],[-294,-1206],[226,-372],[-77,-499],[-860,-663],[76,-428],[-365,-576],[315,-565],[-665,-562],[-100,-659],[318,-452],[-56,-366],[-989,-524],[-37,-675],[-608,-865],[376,-537],[-193,-378],[363,10],[-468,-832],[-294,39],[-130,-976],[-841,-995],[-402,-2189],[-250,-70],[-240,507],[-342,-110],[-72,-731],[-805,-889],[-591,56],[-1130,-2394],[-517,44],[-362,-480],[621,-835],[-234,-962]],[[711005,465046],[-240,909],[-1149,-45]],[[706028,465106],[-1569,1354],[-698,-108],[718,514],[268,1144],[-371,1908]],[[411571,522444],[169,-710]],[[395858,444554],[440,-679],[-295,-438]],[[392269,439052],[-560,-766],[31,-2649]],[[390191,425462],[153,-765],[950,-1772],[133,-1340],[427,-640],[-313,-763],[-248,-187],[-24,1086]],[[391269,421081],[-1027,917],[-162,1368],[-565,-64],[-279,887],[-255,-486],[-913,596],[-43,511],[359,514],[-558,311]],[[387826,425635],[-211,751],[-211,-613]],[[387404,425773],[-525,60],[-1265,1086],[-492,-1452]],[[385122,425467],[-426,-237],[-190,1180],[-254,-255],[-462,210],[-225,1113],[-682,579],[108,511],[-253,720],[-405,89],[-370,-268],[-816,-2166],[269,-851]],[[381416,426092],[-224,-228],[145,-716],[-390,-2068],[-429,-35],[-204,440],[-378,73],[-456,-852],[-496,445],[157,454],[-6259,1286],[-1129,-92],[-160,495]],[[370344,425560],[-282,-2776],[-6342,1242]],[[361757,431269],[-1122,5232],[-4,1192],[1747,5490]],[[369589,463269],[-104,1172],[-587,749],[-2179,799]],[[366004,467431],[-1913,2016],[-1813,342]],[[361131,471711],[-1269,1034],[-201,642]],[[359641,475716],[-791,2737],[-1053,1498],[-3553,7205],[-8525,12121],[-3502,8468],[-4329,4607]],[[334969,515072],[65,2105],[-574,728]],[[322711,535199],[-181,400],[-536,96],[305,537]],[[322758,547163],[113,470],[242,-219],[442,622]],[[323723,547779],[168,215],[-232,885]],[[323440,548748],[68,347],[547,144],[-561,372],[203,350],[-191,-86],[-125,536],[17212,41]],[[340593,550452],[2,-2473],[5678,23],[11,-413],[1131,6],[-4,-1090],[550,36],[258,387],[457,-190],[225,319],[-183,943],[1552,-20]],[[350270,547980],[3063,3732]],[[353333,551712],[2,1502],[521,-1],[537,1384],[641,269],[801,1004],[111,1500],[418,1],[-2,225],[1361,-143],[72,-1409],[9410,-11],[40,-284],[1027,291],[9,-11195],[5570,1],[6,-8352],[-228,-1],[17,-2808],[3131,13],[-43,-1340],[312,261],[-114,-559],[308,-26],[92,-420],[574,206],[100,-2515],[3426,36],[1780,2140],[1459,-2691],[80,737],[26382,18],[-316,-812],[378,-328],[631,-2553],[-500,377],[-428,-608],[12,-824],[-521,-374],[-184,-1285],[1366,-694]],[[371593,425294],[-463,-5501],[385,-1729],[1048,-951],[184,-599],[256,177],[-778,-7345],[483,197],[888,-5062],[-359,-3310],[-1078,316],[130,-337],[-567,-434],[121,-314],[-220,-168],[-181,473],[-263,-202],[460,-955],[-441,87],[-152,-1390],[-893,-322],[324,-1074],[-189,-549],[173,-36],[-474,-1829],[368,-226],[-96,-484],[336,-126],[-192,-2290],[-6018,1103],[-40,1022],[-982,-493],[-306,-2233],[-501,115],[-107,-1009],[-385,184],[-768,-1366],[-735,-448],[278,-796],[-2243,-648],[89,-884],[300,-72],[-100,-1158],[-434,222],[-118,-883],[-495,87],[-290,-788],[340,-1006],[-318,-272],[-269,255],[-435,-250],[-71,398],[-515,215],[-1876,232],[39,380],[-1202,-316],[-2729,733],[104,1073],[-2956,604],[34,317],[-301,-327],[-2126,497],[-730,-5356],[151,-36],[-548,-5232],[-324,74],[-127,-1143],[816,-512],[-281,-1295],[118,-1513],[-617,-2566],[436,-1234],[-206,-1454]],[[343955,365532],[-1068,377]],[[340977,362346],[60,721],[-212,351],[-637,234]],[[339846,363430],[-222,626],[-161,-651]],[[339050,363850],[-193,-496],[-1,467],[-292,-103],[-409,670],[-352,-56],[-105,486],[-331,-156],[-243,290]],[[336703,368117],[-26,658],[-333,-287]],[[333744,370181],[-1279,1458],[-1242,4669],[445,566],[109,852],[293,203],[-94,523],[280,509],[398,78]],[[333958,396614],[637,-1414],[210,-19],[244,671],[-81,671],[444,958],[1005,511]],[[336959,399135],[1183,400],[738,1366],[-64,802],[-677,1441],[-1166,172],[-858,594]],[[350984,482822],[1628,26],[-10,5602]],[[353365,488447],[963,-1424],[304,-1015],[3165,-6057],[1082,-1557],[762,-2678]],[[359641,475716],[20,-2329]],[[359661,473387],[244,-707],[1226,-969]],[[361131,471711],[1147,-1922]],[[362278,469789],[1832,-356],[1894,-2002]],[[366004,467431],[715,-1442]],[[366719,465989],[2274,-853],[523,-787],[73,-1080]],[[369589,463269],[-686,-2719],[-813,-969],[-2261,-1419],[-702,-1169],[-940,-5839],[393,-3089],[-860,-485],[-179,-1313],[-938,-1437],[-225,-1647]],[[362378,443183],[-1595,-4875],[-198,-1407],[1172,-5632]],[[361757,431269],[79,-1995],[516,211],[1368,-5459]],[[363720,424026],[6318,-1248],[306,2782]],[[370344,425560],[1249,-266]],[[453483,243545],[423,-451],[2054,-315],[921,-587],[666,-927],[204,-37],[220,1937],[2226,-846]],[[460197,242319],[1011,-815]],[[461208,241504],[2850,-737],[857,-1477],[-585,-4703]],[[464330,234587],[-460,503]],[[463870,235090],[-199,-1334]],[[457110,235187],[306,2811],[-4581,968]],[[589986,427152],[-350,792],[410,1406],[-555,896],[-370,1609]],[[587071,437755],[-1131,1321],[-96,658],[400,4128]],[[562327,550415],[-44301,-5]],[[518026,550410],[1,19371],[-11096,-3],[-11,73883],[545,-4]],[[507465,643657],[113,-532],[400,-215],[633,1806],[814,-364],[925,337],[120,-524],[-713,-578],[313,-761],[-293,-897],[278,-346],[458,578],[339,-61],[89,-352],[-448,-677],[23,-465],[527,-2],[253,-634],[495,-218],[623,-1846],[1347,-193],[-42,-1242],[-518,-442],[-178,-655],[258,-294],[977,264],[-271,-1517],[574,-1068],[561,-44],[-381,1340],[880,-486],[537,975],[1224,610],[338,-1039],[-1178,-356],[-359,-604],[43,-400],[357,-211],[546,457],[420,-189],[53,-446],[-397,-434],[650,-356],[234,-1520],[500,-150],[513,-1094],[680,316],[391,-1229],[782,-313],[383,-2168],[770,-65],[125,-1356],[1051,494],[-14,-450],[-602,-722],[28,-520],[564,-127],[320,-618],[465,-195],[214,315],[-39,1015],[1148,591],[624,-868],[-140,-266],[-464,404],[-250,-220],[166,-2084],[352,-90],[722,911],[829,-1002],[687,532],[603,-1421],[86,-823],[-889,400],[-356,-721],[126,-512],[507,-157],[353,-565],[649,608],[448,-47],[277,-692],[-531,-181],[-195,-478],[378,-402],[1153,233],[-75,-656],[295,-328],[919,571],[340,650],[628,-665],[82,-796],[267,-223],[201,675],[1144,588],[386,-718],[-352,-605],[-177,-1102],[858,128],[379,-651],[527,538],[25,-1948],[986,-237],[513,201],[210,-310],[-195,-879],[224,-405],[532,-137],[287,429],[-47,509],[-488,271],[23,244],[659,396],[729,-501],[480,339],[60,516],[-489,212],[324,764],[966,-278],[-7,-1001],[333,-285],[1042,372],[59,482],[-446,593],[56,441],[339,104],[599,-691],[570,342],[9,694],[-1237,491],[643,574],[-134,860],[222,352],[674,-185],[1236,984],[520,19],[426,-477],[503,491],[554,-385],[377,737],[987,194],[901,-675],[-262,-558],[-771,-453],[-99,-619],[315,-878],[241,-21],[111,1158],[856,-1279],[117,1022],[1078,13],[434,-469],[-363,-799],[276,-616],[788,274],[48,559],[386,206],[708,1345],[1009,-72],[-72,-618],[-647,184],[-385,-482],[9,-489],[765,-1345],[-120,-548],[-454,-19],[-51,-922],[225,-256],[457,383],[76,-1774],[1379,-781],[-718,-2027],[431,-505],[950,779],[354,-521],[-528,-1000],[310,-472],[278,140],[241,1102],[1361,-715],[1372,927],[649,996],[1003,-878],[628,1521],[398,381],[485,-124],[445,624],[561,-1265],[514,474],[363,-654],[434,181],[-39,1169],[218,121],[415,-748],[241,-2914],[339,-308],[490,195],[569,-235],[256,352],[-98,728],[183,56],[240,-1554],[1384,-159],[418,-456],[346,214],[100,525],[-834,888],[279,666],[1080,-706],[432,978],[849,253],[-551,-1489],[1305,-698],[-55,671],[588,57],[772,2038],[411,199],[622,-1210],[-929,-300],[94,-856],[-221,-686],[192,-316],[1448,1200],[68,-1297],[804,-876],[229,6],[122,698],[705,-566],[1191,878],[495,-1777],[-389,-2379],[391,-1817],[384,-116],[397,1077]],[[579476,599578],[819,-398],[78,547]],[[580373,599727],[517,106],[210,-617]],[[581100,599216],[-346,-1532],[114,-1069],[-349,-596],[192,-271],[152,265],[368,-111],[-44,-742],[203,-242],[8341,-1566],[-153,-1407],[2016,-509],[-1174,-10613],[24056,-5124],[94,-451],[880,478],[1495,-580],[-145,-1180],[1205,-295],[-73,-596],[888,-207],[-53,-427],[-385,-250],[-530,127],[-352,-4350],[-344,-1294],[1162,-2541],[-136,-624],[-1421,-618],[-1009,-2325],[6547,-1345],[-1507,-14589],[378,533],[1016,72],[711,1347],[1452,421],[643,1005],[1192,639],[964,-228],[409,229],[383,1448],[1205,-157],[236,-933],[-327,70],[-82,-743],[-398,-281],[-275,-2577],[-374,-105],[-266,-2327],[452,-117],[-401,-2768],[-344,-95],[-412,-1069],[394,-124],[-677,-1640],[250,-1008],[-994,-1745],[1082,-20],[-240,-2888],[550,144],[1599,-1758],[1359,429],[-64,-704],[1406,-414],[-31,-317],[1227,189],[1123,-746],[-115,-754],[862,-195],[516,-813],[130,869],[537,-122],[169,889],[349,-458],[2935,-615],[86,-7861],[8602,1522],[23,919],[5258,-913],[192,1699],[1810,-408],[-459,-1450],[1846,-415],[1167,3738],[585,-33],[537,891],[1386,96],[4,1253],[687,-173],[171,1610],[1180,-255],[195,1797],[9186,3029],[2294,-487],[659,221],[168,-151],[-230,-407],[-68,461],[-448,-609],[62,-359],[-203,-149],[264,-259],[-377,-157],[110,-401],[-203,10],[425,-747],[-256,-326],[224,-474],[-220,-783],[641,292],[237,-116],[-151,-299],[396,-11],[52,-595],[-235,-266],[255,-313],[-302,-102],[77,-694],[1726,753],[-72,310],[235,-151],[2033,932],[234,-985],[774,385],[3352,-788],[503,-4438],[-225,-78],[38,-1197],[-319,-898],[109,-1078],[428,-593],[-796,454],[-322,-1184],[-185,241],[-456,-479],[-152,-1408],[518,-510],[-552,-490],[-134,-509],[368,-1499],[289,-16],[157,-775],[430,-63],[-689,-744],[266,-1594],[425,-1542],[620,-119],[-288,-811],[843,-1781],[-305,-3439],[1842,-789],[582,-793],[118,-896],[662,-22],[731,-495],[393,-869],[28,-1407],[571,-829],[-235,-776]],[[688493,494550],[418,-2941],[353,-878],[-29,-1808],[-842,-1815],[15,-829],[651,-795],[21,-1022],[1293,-409]],[[690373,484053],[428,-722],[1182,-995],[856,-2957]],[[692839,479379],[799,-1109],[1690,-1230]],[[695328,477040],[1806,-127],[722,1092],[1540,-360],[1399,-1808],[748,-144],[631,347],[1850,-1498],[721,-2430],[-369,-2194]],[[704376,469918],[363,-1549],[-127,-1257],[-851,-760],[-824,-154]],[[710132,407764],[899,857],[1698,-7],[273,-315],[-124,-728],[317,-773],[-338,-421],[485,-816],[-686,-351],[-66,-357],[442,169],[111,-767]],[[709943,377645],[842,-1755],[1588,-695],[105,-477],[-233,-712],[269,-621]],[[494359,216598],[291,44],[370,444]],[[495322,217864],[268,4151]],[[495654,224553],[397,20]],[[496051,224573],[945,-843],[890,249],[439,489],[1059,5],[227,841],[-305,813],[163,948],[849,1258],[338,-75],[-177,-1547],[1387,-306],[-475,-534],[104,-1047],[30,307],[1283,-268],[-114,-1844],[230,-483],[1766,-382],[110,987],[586,-129],[96,887],[396,-87],[44,412],[937,-344],[85,758],[488,196],[-273,-596],[518,-110],[-63,-554],[591,-130],[-626,-1127],[272,-279],[160,642],[634,-143],[-71,-625],[715,-155],[372,-1367],[-184,-892]],[[509477,219498],[497,-1603]],[[509974,217895],[-356,-1045],[-824,-705],[-64,-559],[-1338,-2189],[-97,-1687],[-478,-704],[-349,-2928],[-626,-342],[-201,-1607],[1177,-260],[-228,-1875],[821,-191],[-205,-1797],[1191,-270],[-580,-4902],[-520,-390]],[[507297,196444],[-801,-6904]],[[506496,189540],[-10587,2373],[-715,1325],[-2094,1813],[-614,1289],[44,985]],[[445717,270339],[244,-544],[-195,-139],[178,-1110],[-284,-404],[98,-617]],[[441777,266592],[-1114,299],[-139,352],[224,1077],[-500,-89],[-417,430],[205,1111],[676,340],[-511,722]],[[439369,273022],[-339,760],[317,127]],[[442648,275602],[-44,-467],[2328,-429],[671,194],[-15,-417]],[[416781,244149],[3534,1555],[2311,418],[500,625],[168,1036],[238,-627],[1533,-844],[507,-850],[39,-1562],[1094,-566],[-154,-1817],[-1126,-3354],[250,-2801],[-793,-868],[-2164,-412],[-1279,-1513],[-1849,-362],[-941,-703],[-1391,-1666],[-196,-648],[-2483,-3541],[-952,-375],[-545,558],[-1448,-51],[-500,986],[108,2477],[-549,904],[892,2080]],[[411585,232228],[-334,-84],[-167,-701],[-221,17],[-491,1833],[695,859],[76,622],[-766,357],[-413,859],[3955,2354],[1226,1437],[629,1754],[-10,1785],[1017,829]],[[228052,193818],[200,367],[-627,555],[-93,642],[-93,-226],[-162,209]],[[227277,195365],[29,791],[-583,849],[74,1076],[-428,834],[232,333],[-160,750],[225,663],[-405,1405],[-462,69],[-193,352],[116,389],[-442,457],[307,842],[-378,842],[856,1680],[754,147],[920,1289],[755,334],[508,708],[-74,434],[-365,-38],[-829,647],[-166,1319],[1063,611],[-338,627],[285,-71],[411,818],[675,-295],[271,254],[113,512],[-375,-165],[-101,260],[260,54],[53,685],[-383,-30],[-22,631],[418,-12],[-276,498],[229,45],[231,745],[-553,999],[386,333],[469,-472],[196,412],[464,24],[-18,700],[669,760],[-311,322],[316,624],[-327,305],[-395,-277],[-21,330],[-635,354],[-183,1011],[246,531],[332,-185],[7,589],[123,-463],[138,534],[635,234],[-689,842],[375,951],[636,311],[143,597],[-219,218],[-20,1257],[412,215],[75,584],[464,-650],[237,347],[777,104],[49,639],[492,78],[269,401],[-128,774],[823,635],[-482,946],[40,632],[-418,226],[266,1021],[-421,702],[428,375],[597,-113],[472,578],[-464,459],[423,258],[268,595],[-101,426],[656,700],[369,1007],[-226,296],[-197,-210],[-173,606]],[[236353,239176],[-951,-799],[-450,1825],[-800,294],[-53,282],[881,365]],[[234980,241143],[-310,627]],[[234670,241770],[-232,-55],[107,410],[-252,467],[977,227],[648,1037],[1409,-702]],[[237327,243154],[-576,572],[-104,611],[-265,-534],[-425,651],[-219,-606],[-636,174],[-103,466],[328,675],[-416,1710],[392,341],[116,1093],[589,129],[1124,984],[-28,1381],[898,22],[-585,739],[76,284],[328,-18],[-63,1383],[-464,323],[-51,1016],[-510,470]],[[236733,255020],[-87,610],[229,715]],[[236875,256345],[396,13],[-189,1071],[304,785],[749,877],[-99,716]],[[238036,259807],[294,753],[-464,239],[-24,459],[262,2140],[937,894],[1004,-1141]],[[240045,263151],[633,115],[538,624],[-228,388],[313,636],[564,174],[61,411],[298,-210],[410,1376],[1304,-25],[514,-688],[172,274],[-298,978],[78,820],[388,110],[-146,894],[384,-186],[-322,1224]],[[244708,270066],[708,159],[546,2104],[621,319],[414,-708]],[[248353,271540],[410,447],[862,-265],[396,214],[157,-665],[840,218],[157,-1497],[633,-36],[36,-314],[270,523],[-333,285],[528,-162],[97,255],[595,-569],[-68,-405]],[[253369,270403],[234,-268],[192,234],[80,629],[-201,174],[823,689],[-150,538],[671,-458]],[[275603,267785],[-624,-5599]],[[275163,259499],[-197,-1510],[691,-1256],[62,-3492],[-219,-1652],[-485,-392],[312,-401]],[[274949,247723],[1276,-2576],[57,-978],[-150,-709],[-678,-492],[-135,-728],[457,-1637]],[[338226,197734],[292,-316],[232,-1090],[390,393]],[[340043,196545],[63,1105],[498,-24],[302,786],[439,-200],[266,524],[374,-91],[493,-646],[66,277],[199,-128],[42,-554]],[[344673,199052],[2135,71],[1997,1797],[-812,-3205]],[[347993,197715],[-315,63],[-1201,-11269],[4031,-811],[-304,-2806],[2055,-412],[-736,-6842],[1983,-765],[-433,-4022],[1719,-377],[39,366],[215,-49],[-69,-1673],[347,421],[257,-422],[1428,-610],[983,557],[-103,565],[253,236],[303,-188],[760,471],[573,-108],[500,939],[65,-975],[302,-557],[631,96],[-252,-2178],[17246,-3536],[211,-1604]],[[378481,162225],[606,-969],[-923,-1369],[-1795,-1077],[-1535,-403],[-1381,-1200],[-361,-2173],[263,-583],[-765,-284],[-222,-842],[-1004,-16],[-622,-376],[-685,-974],[-110,-688],[-803,-911],[-456,-1428],[-1533,-1255],[-632,-1056],[-1147,-573],[-404,-851],[202,-1533],[-2961,-676],[-3116,-1540],[-515,-522],[-181,-837],[-706,-79],[-653,-911],[-131,-1279],[189,-459],[498,117],[-122,-299],[-4079,-228],[-1638,-901],[-876,-2176],[-595,-616],[-237,-1649],[-843,-681],[-585,-1528],[-4212,114],[-2582,-821],[-753,-544],[-356,-697],[-2,-1099],[-259,114],[-754,-1305],[-690,-324],[-1350,-1723],[-344,-1613],[-1494,-2009],[-1036,-2306],[-281,-1988],[1058,-1155],[-391,-1111],[-881,-277],[145,-1027],[-337,-984],[-786,-232],[-716,-1640],[-1291,-229],[-1605,-2163],[-1213,-993],[-392,-745],[226,-877],[-651,-1989],[56,-525],[-894,-2219],[-1853,-1802],[314,-1231],[-775,-366],[-370,-848],[-1196,-861],[-321,-597],[70,-314],[-661,-872],[-59,-797],[-260,-323],[460,-875],[-2680,-1437],[-234,-684],[68,-1602],[-1036,-481],[-1354,278],[-449,-349],[-507,132],[-950,-931],[-827,40],[-1968,-951],[-159,-546],[-731,-222],[-472,322],[-848,-366],[-747,-1251],[-2378,-900],[-211,-776],[-1114,-754],[-617,57],[-176,-428],[-2673,-1506],[-849,-1038],[-706,-1516],[31,-1679],[342,0],[5,-344],[575,-365],[-1435,-1374],[-311,-1820],[229,-344],[-502,-694],[-1857,-1758],[-541,204],[-1988,-361],[-685,-579],[-2097,-3061],[-209,-800],[-1064,-1244],[-279,-917],[154,-640],[-509,-1127],[-1669,-1853],[-471,-56],[97,-563],[-756,-1375],[-1231,398],[-1787,-514],[-978,184],[-814,-495],[-963,996],[-368,1065],[-723,616],[-88,1483],[-2672,4195],[-425,1118],[-759,376],[-1469,2222],[-1142,1013],[-705,1339],[-521,182],[-303,-248],[-441,465],[-808,-362],[-387,601],[-144,-319],[-245,106],[-37,942],[-3143,3140],[-1038,377],[-787,818],[-543,-280],[-472,222],[14,-299],[-923,193],[-538,-336],[-411,293],[-350,-425],[-1647,1122],[-1028,260],[-496,-269],[-284,-750],[-1776,-710],[-26,-765],[-750,321],[-210,-563],[-437,229],[-299,-618],[102,-581],[-903,-294],[229,-439],[-1175,961],[-1780,298],[-232,829],[-1736,739],[-1532,2416],[-554,342],[-60,586],[-629,186],[-75,1168],[-447,70],[-2393,4358],[-572,832],[-461,101],[-409,1155],[-3112,4615],[-1245,1493],[-848,444],[-131,616],[-898,999],[-863,319],[-429,698],[-309,-213],[48,644],[-461,21],[-183,458],[-440,-260],[60,461],[-381,-202],[263,315],[-78,65],[-491,-299],[52,207],[-618,-42],[2,298],[-155,-381],[-437,-30],[352,556],[-238,122],[-47,509],[-1192,428],[-149,353],[-281,-328],[-478,1487],[-883,-36],[150,236],[-187,-101],[-243,455],[-403,68],[-148,512],[-647,273],[-2700,424],[220,371],[-138,294],[-752,-891],[-1019,-372],[-3123,1089],[-357,-879],[-754,360],[-69,-947],[-631,454],[-172,733],[-311,-109],[-301,589],[-301,-259],[134,261],[-298,426],[-73,-354],[-547,-235],[-118,342],[-381,-14],[-205,589],[-147,-187],[2,409],[-518,594],[-935,207],[-551,-243],[-361,429],[-566,55],[462,1476]],[[213290,103910],[-746,783],[-792,2785],[-86,615],[213,519],[-313,728]],[[211566,109340],[94,1014],[-329,636]],[[211331,110990],[-444,145],[-1064,1239],[21,1175],[-756,248]],[[209088,113797],[-1533,2187],[322,665],[-100,1123]],[[207777,117772],[325,788]],[[208102,118560],[-402,1225],[667,125],[331,1113]],[[208698,121023],[1367,177],[-227,1055],[547,366],[-9,844],[766,129],[229,1253],[695,-301],[305,484],[291,-472],[657,530],[521,-71],[80,612],[1024,387],[-3408,712],[-51,-461],[-372,507],[-1952,410]],[[209161,127184],[3598,33848]],[[212759,161032],[227,76]],[[212986,161108],[-101,287],[432,-26],[-186,745],[802,394]],[[213933,162508],[-238,171],[203,878],[565,135],[-165,1650],[390,286],[-7,620],[154,-428],[231,42],[-106,873],[605,686],[255,82],[864,-789],[557,775],[403,-389],[240,213],[52,-487],[231,400],[340,-552],[631,628],[337,-316],[638,214],[244,-463],[40,774],[384,-17],[-45,716],[573,169],[257,-720],[938,317],[496,1760],[-255,-18],[-45,880],[-314,372],[170,104],[-177,861],[-586,798],[251,-46],[117,1233],[252,-39],[296,2489],[1006,-217],[209,-540],[365,-75],[-137,298],[390,71],[-330,429],[118,667],[291,53],[-199,269],[311,1083],[-490,494],[465,400],[-106,483],[250,747],[-486,-43],[317,329],[-234,630],[38,1596],[777,238],[1151,1233],[-158,336],[239,422],[-341,343],[152,295],[-285,451],[1877,-368],[662,1333],[175,1625]],[[228736,188952],[-378,-324],[-237,58]],[[228121,188686],[191,623]],[[228312,189309],[-380,1713],[54,903],[378,190],[-312,1703]],[[449130,247582],[-1015,238]],[[446724,245525],[-615,2901],[-459,445],[-662,3283],[-897,1090],[156,908],[484,248],[-290,1105]],[[444441,255505],[610,-97],[677,-1206],[730,-452],[582,-938],[1318,-266],[32,568],[285,0]],[[448675,253114],[-361,-3205],[1013,-229],[-197,-2098]],[[444673,280152],[490,212]],[[445163,280364],[7325,-1390],[-343,-106]],[[451767,276364],[-998,-181],[237,-854],[338,-65],[-23,-451],[448,8],[62,-667],[622,-1299],[-253,-72],[226,-408],[-276,-498],[-419,-62],[-219,-500],[389,-1976],[-249,-182],[-5935,1182]],[[445717,270339],[352,1325],[257,2830],[-738,-11]],[[445588,274483],[-55,930]],[[445308,279594],[-635,558]],[[448185,259924],[-308,-184],[938,-1263],[-348,-271],[-478,209]],[[447989,258415],[-87,-301],[151,-275]],[[448053,257839],[858,-77],[108,-550]],[[449019,257212],[692,-43],[-156,-981],[192,-1684],[238,-351],[393,156],[724,-1083],[-381,-660],[-1330,763],[-371,-601],[-588,441],[-74,-623],[-1344,285],[-395,640]],[[446619,253471],[379,3848],[-2015,347],[284,2923]],[[445267,260589],[507,8],[1715,1173],[-17,439],[326,-169],[432,503],[685,-1034],[-794,-1184],[64,-401]],[[465674,259004],[1644,-557],[2015,767]],[[469333,259214],[407,-379],[705,-34],[308,-949],[197,152],[652,-951],[1886,1274]],[[473488,258327],[1268,1960],[1007,-220]],[[475763,260067],[391,-425]],[[476154,259642],[197,260]],[[477565,255836],[-285,-953],[1,-1361],[-708,-1165],[-2877,-886],[-1611,376]],[[465335,252872],[-491,1658]],[[353365,488447],[-763,3]],[[352602,488450],[6,-5624],[-1624,-4]],[[350984,482822],[-2,-2827],[-6334,3],[1,-5722],[-161,1],[156,-224],[5,-5347],[-737,157],[-244,-2202],[930,-203],[-56,-545],[878,-1654],[-486,-4520],[-994,-48],[-332,-2883],[-1263,-2076],[-143,-1243],[-1695,368],[-737,-6737],[-1990,419],[-644,-5886],[-6038,1282],[-301,-2640],[-5343,1138],[-629,-5800],[228,-616],[-587,-307],[-988,168],[-151,-1496],[-1126,214],[110,-1097],[-452,-531],[-33,-1097],[-613,-185],[-359,-1144],[-816,-1117],[351,-500],[-156,-814],[420,-545],[372,-1901],[475,-453],[-938,-1598],[-573,5],[-54,-957],[-547,164],[-567,-329],[-130,-952],[266,-646],[-324,-464],[202,-842],[-606,-422],[5951,-1113],[-210,-2341],[1905,-387],[-417,-4456],[495,415],[8311,-1595],[130,-711],[587,-760],[235,-1085],[695,-1025],[204,-1203]],[[336115,403910],[2202,-1028],[579,-1880],[-720,-1420],[-1217,-447]],[[336959,399135],[-542,-1143]],[[336417,397992],[-948,-427],[-491,-1009],[71,-704],[-266,-695],[-825,1457]],[[333958,396614],[-227,-242],[-36,-793],[-592,-681],[145,-638],[-296,-676],[238,-628],[-401,-957],[-87,-1806],[184,-833],[-839,-2102],[869,-1655],[-150,-1333],[278,-1491],[-361,-276],[-222,-727],[315,-408],[-262,-439],[282,-106],[106,-629],[-248,-1155]],[[332654,379039],[-430,-115],[-556,-2050],[-399,-400],[67,-827],[454,-918],[316,-2232],[357,-854],[1281,-1462]],[[333744,370181],[467,83],[288,-452],[380,354],[-116,-563],[350,-4],[126,-464],[357,310],[505,-216],[243,-741]],[[336344,368488],[326,299],[33,-670]],[[336703,368117],[404,-631],[-187,-373],[-458,11],[675,-1313],[-13,-859]],[[337124,364952],[294,-327],[281,192],[74,-453],[382,24],[397,-664],[304,97],[-7,-462],[201,491]],[[339050,363850],[46,-529],[367,84]],[[339463,363405],[230,648],[153,-623]],[[339846,363430],[342,222]],[[340188,363652],[641,-238],[209,-355],[-61,-713]],[[340977,362346],[381,-368],[-113,1201],[405,1499],[1237,1231]],[[342887,365909],[650,-266]],[[343537,365643],[142,-1303],[606,-109],[-241,-2452],[443,-83],[-210,-146],[-95,-885],[249,-374],[-142,-980],[607,-641],[459,-1671],[591,-747],[24,-1073],[366,-244],[-130,-400],[508,-353],[682,388],[272,-573],[-330,-266],[567,-864],[-268,-3860],[-3163,833],[121,-511],[-587,-934],[266,-1254],[-640,-547],[46,-1733],[859,-76],[-340,-3501],[254,-61],[-92,-877],[496,-112],[-8,-1658],[1111,480],[691,-93],[251,-527],[350,-24]],[[347252,338412],[-1042,-12371],[-432,-1325]],[[330146,322439],[-616,-8245],[-577,-763],[-510,-1756]],[[326634,308819],[-390,-806]],[[326244,308013],[-860,390],[-1607,1584]],[[323777,309987],[-2001,2991],[-3597,1035],[-919,-92],[-1808,-1751],[-684,-2987]],[[314768,309183],[-375,280],[-95,-308],[-286,211],[-135,-472],[-476,226],[-975,-9559],[1483,560],[1651,-221],[-389,-3702],[3215,-1793]],[[318386,294405],[234,-439],[124,-541],[-532,-2449],[420,-911]],[[318417,289505],[671,-1695],[-358,111],[-191,-613]],[[318810,286411],[-158,-999],[292,-119]],[[276156,272845],[-553,-5060]],[[275603,267785],[-3410,413],[107,954],[-347,77],[-65,-462],[-4005,585],[-374,-3518],[-8057,1770],[-254,467],[-76,-369],[-817,243],[-571,-446],[-288,633],[-699,-331],[-164,526],[-351,-11],[129,653],[-410,191],[175,600],[-393,382],[-3,653],[-408,357],[432,967],[-736,-178]],[[255018,271941],[-669,460],[148,-540],[-805,-643],[187,-459],[-245,-611],[-265,255]],[[253369,270403],[-110,-634],[-326,-200]],[[252933,269569],[70,402],[-363,405],[-854,78],[328,-296],[-283,-518],[-23,316],[-646,56],[-136,1471],[-856,-209],[-197,682],[-348,-234],[-871,264],[-401,-446]],[[248353,271540],[-564,531],[-792,-131]],[[246997,271940],[-399,709],[-13785,2464]],[[232813,275113],[433,344],[1087,2637],[311,2255],[-142,1569],[701,3816],[951,2528],[1291,1093],[664,1298],[902,3411],[2009,3914],[504,2552],[1570,2689]],[[243094,303219],[-529,1583],[-1466,1886]],[[241099,306688],[-2022,640],[-9288,9293],[-845,1603],[-3070,1918],[-6123,1975],[443,6156],[-940,892],[-750,1172],[-54,513],[-12259,2452],[232,2579],[-940,394],[149,1623],[1445,778],[429,922],[-1492,2300],[2004,-402],[562,5582],[-688,137],[688,6624],[-243,900],[145,863],[-536,1972],[267,2543],[2140,-280],[-266,1217],[-1380,1205],[-1615,-120],[324,1125],[462,488],[682,4560],[-331,575],[124,1238],[-256,52],[635,1559],[-47,919],[361,-73],[187,1113],[156,-30],[212,2064],[-516,1316],[3332,-511],[-43,-400],[905,-181],[35,-248],[3840,-629],[443,-501],[136,231],[3255,-681],[586,6369],[-173,745],[308,-56],[89,845],[1015,-56],[329,-557],[-87,-891],[2432,-496],[-110,-1111],[6142,-1295],[49,721],[1081,-227],[870,7727],[1441,-325],[-31,-295],[451,370],[746,-1275],[565,-66],[122,1281],[-669,647],[-701,-471],[-378,1184],[-478,474],[-401,1982],[-237,-30],[-288,704],[-266,-125],[-914,534],[42,1869],[-404,879],[451,1782],[-570,896],[-6,1688],[-257,339],[181,519],[-611,1569],[109,1464],[-140,904],[-263,170],[38,1362],[-702,2016],[-710,949],[-160,644],[-262,151],[-475,-487],[-443,359],[-278,1589],[-688,913],[-597,-221],[-362,1430],[-1082,1613],[-337,-39],[-200,-532],[-909,329],[-795,834],[-942,121],[-81,983],[-229,193],[280,483],[-713,959],[-123,2306],[-492,428],[-335,1639],[-794,268],[-1620,1411],[-244,822],[-936,1228],[-1170,-362],[-857,110],[-174,1643],[-959,35],[-815,839],[-416,-87],[-735,-1271],[-491,-257],[-45,-847],[-384,-792],[-320,76],[-386,-335],[93,-363],[-913,-275],[-343,581],[-540,-76],[-238,782],[-569,-91],[-325,524],[-419,63],[105,787],[-435,706],[-2908,789],[-395,619],[444,256],[-273,477],[57,503],[-1139,155],[22,32162],[-6023,102]],[[196271,460715],[-2111,5196],[309,2883]],[[194469,468794],[5405,12209],[3413,3356],[1312,4675],[-155,525]],[[204444,489559],[251,920],[463,583],[539,1955],[45,4397]],[[205742,497414],[-3729,31],[-1812,1998],[-3881,2157],[31,10274],[5901,-7],[0,356],[478,0],[-3,4390],[1031,0]],[[203758,516613],[12,2674],[1992,-2],[694,-585]],[[206456,518700],[21840,-3926],[356,1667],[2794,-495],[418,560],[108,1101],[494,-6],[-182,795],[452,490],[-1671,3573],[2104,-423],[1453,374],[6242,-1176],[657,7052]],[[241521,528286],[870,608],[10154,103]],[[252545,528997],[-2,788]],[[252543,529785],[1064,6],[530,-289],[3570,73],[159,-376]],[[257866,529199],[348,-17],[58,-435]],[[258272,528747],[313,-10],[-287,-260]],[[258298,528477],[181,-1156],[-409,-203],[111,-507],[400,-47],[-257,-684],[36,-977],[381,-295],[-305,-554],[985,-256],[-229,-774],[463,-76],[-181,-430],[297,-376],[25,-1218],[315,-343],[-210,-364],[488,-171]],[[260389,520046],[193,-3124],[476,-1024]],[[261058,515898],[1934,-2306],[2605,-644],[556,303],[3008,-550],[-166,-893],[2225,-371],[589,6137],[2042,-224],[134,1393],[540,-102],[57,602],[447,-97],[211,1918],[-298,928],[526,-100],[170,1744],[-538,100],[259,2800],[-302,-15],[563,5885],[-836,171],[-10,4374],[3236,-681],[-56,-581],[1234,-238],[833,7129],[-1118,905],[675,7698],[3547,16],[-665,5835],[1722,56],[-6,2866],[1000,218]],[[285176,560174],[615,544],[2529,4054],[2311,1052]],[[290631,565824],[-202,-2105],[10704,-2150],[-47,-472],[1177,-241],[-165,-1689],[2154,-431],[-234,-2320],[1058,-398],[2951,-577],[640,6396]],[[308667,561837],[3512,-825]],[[312179,561012],[-203,-1935],[1139,-243],[-207,-2015],[710,-154],[397,420],[1973,-398],[-57,-560],[8343,-1685],[-322,-1552],[628,-1011]],[[324580,551879],[-447,-315],[-219,205],[-198,-197],[129,-682],[-735,-377],[280,-113],[119,-528],[183,105],[-198,-366],[555,-346],[-544,-173],[-65,-344]],[[323440,548748],[219,131]],[[323659,548879],[235,-873],[-171,-227]],[[323723,547779],[-168,257]],[[323555,548036],[-477,-637],[-362,160],[42,-396]],[[322758,547163],[-339,-1],[234,-538],[-88,-735],[-289,40],[-303,-528],[593,-10],[-479,-1743],[136,-334],[304,27],[-201,-294],[335,-184],[-226,-794],[314,150],[-61,-542],[-377,36],[59,-300],[-328,-245],[240,-444],[-259,-285],[278,10],[-140,-1935],[293,-91],[-137,-281],[299,-296],[-253,-295],[254,-515],[-499,-437],[181,-367]],[[322299,536232],[-307,-527],[546,-111],[173,-395]],[[322711,535199],[214,268],[36,-727],[293,70],[-110,-301],[206,5],[149,-634],[236,180],[2,-391],[833,-135],[-126,-338],[385,-722],[-143,-261],[299,-197],[-158,-292],[450,-85],[-228,-345],[190,-49],[15,-471],[245,409],[97,-587],[204,31],[-129,-963],[250,402],[634,-432],[66,290],[582,-12],[47,-835],[328,133],[3,-466],[430,-120],[-147,-525],[301,21],[-13,-465],[536,-48],[525,-620],[-38,-795],[349,-320],[67,-597],[272,148],[52,-428],[-306,-825],[-535,-5169],[5386,-1096]],[[334460,517905],[518,-540],[-9,-2293]],[[334969,515072],[775,128],[215,-892],[-107,-569],[-755,-842],[-146,-860],[546,-650],[936,-195],[428,1171],[1027,-11]],[[337888,512352],[4305,-4574],[3526,-8501],[7646,-10830]],[[473389,229749],[-1089,2000],[-120,961],[-790,203],[-531,885],[-68,1416],[-332,896],[342,1684],[-280,1402]],[[470913,240494],[-573,227],[-163,792]],[[469632,243088],[-498,528],[367,2770],[759,806],[-55,605]],[[470205,247797],[742,-137],[5604,-3198],[-11,-2984],[271,-1692],[327,-14],[18,-369],[1268,496]],[[478424,239899],[1356,-320],[860,167]],[[480640,239746],[158,-562],[-336,-768],[633,-843]],[[481095,237573],[454,-2227],[113,-1983]],[[481662,233363],[-435,376],[-723,-6308]],[[480504,227431],[-480,205]],[[480024,227636],[97,1032],[-704,477],[-437,1464],[-5144,1107],[-447,-1967]],[[450842,239404],[6574,-1406],[-1230,-11282]],[[454372,227104],[-2485,6147],[-1450,2576]],[[492530,197325],[-1477,-278],[-558,-981],[-6241,1342]],[[484254,197408],[984,9010]],[[485238,206418],[-905,884],[-311,1895]],[[484022,209197],[-427,224],[-350,1408],[535,2111]],[[483780,212940],[948,-149],[-1173,2179],[788,-173],[-357,619],[547,3432],[231,313],[477,-40],[164,1356],[454,-95],[928,1198],[426,2532],[748,1147],[41,607]],[[488002,225866],[2410,-566],[171,833],[435,-55]],[[491018,226078],[0,-869],[607,3],[0,-723],[713,5],[432,567],[443,-528],[684,248],[459,-584]],[[494356,224197],[1298,356]],[[495654,224553],[2,-2103],[462,-117],[-528,-318]],[[495590,222015],[-45,-2941],[-223,-1210]],[[495322,217864],[-300,2],[-2,-780]],[[495020,217086],[-661,-488]],[[494359,216598],[7,958],[-568,8],[-278,-616],[-359,-95],[27,-615],[-685,-1098],[-97,-1386],[-429,-980],[-449,-362],[-599,-4731],[-1291,245],[570,-443],[-99,-370],[225,-231],[-440,-157],[-188,-1725],[458,-390],[140,-1783],[389,-532],[607,-210],[917,-1335],[200,-1779],[-199,-528],[312,-1118]],[[461726,259478],[943,669],[588,-545],[428,230],[552,-570]],[[464237,259262],[436,220]],[[464673,259482],[1001,-478]],[[465674,259004],[-379,-3192],[-226,30],[-225,-1312]],[[464844,254530],[495,-1727],[-515,-3750],[-4583,599],[-1674,-186],[353,5033],[676,4126],[-153,1052],[559,945],[143,-365]],[[450842,239404],[-405,-3577]],[[450437,235827],[1972,-3963],[-1805,674]],[[450604,232538],[-68,-637]],[[450536,231901],[-2735,349],[-1448,2450],[217,1238],[-440,1999],[205,27],[-483,272],[-106,569],[436,401],[212,1875],[-351,1049],[-787,1176],[-128,1135]],[[445128,244441],[1596,1084]],[[445126,288953],[204,-614],[-157,-1121],[228,-453],[-510,-207],[-17,-831],[409,-463]],[[445283,285264],[-219,-1040],[268,-134],[-159,-385],[322,-518]],[[445495,283187],[-613,-141],[248,-580]],[[445130,282466],[-217,-157],[-211,-1358],[346,-267]],[[445048,280684],[-378,-560],[638,-530]],[[445308,279594],[311,108],[90,-1242],[309,-383],[-435,-346],[252,-540],[-413,-544],[210,-435],[-217,-228],[425,-197],[-307,-374]],[[445533,275413],[73,-509],[-674,-198],[-2240,408],[-44,488]],[[442648,275602],[-1738,376],[-314,-494],[-499,110],[-118,-1227],[-757,139],[125,-597]],[[439347,273909],[-870,114],[-254,575],[-185,-222],[-49,791],[-517,104]],[[437196,275822],[-554,1094],[637,831],[-58,1461],[459,776],[-511,2070]],[[445758,267525],[335,-830],[-166,-327],[438,-588]],[[446365,265780],[-131,-948]],[[446234,264832],[1260,-3027],[-1720,-1208],[-1614,-41],[-529,297],[-245,351]],[[443386,261204],[164,2296],[-2362,498],[-274,327]],[[440914,264325],[218,452],[-354,167],[290,383],[62,1379],[647,-114]],[[441777,266592],[165,1712],[3816,-779]],[[465983,271314],[309,-1032],[144,235],[259,-251],[553,-1411],[747,-236],[148,-580],[-168,-394],[274,-319],[-145,-699],[278,-652],[-1942,361],[-377,-3702],[-2039,418],[-286,-3264]],[[463738,259788],[-481,-186],[-617,543],[-914,-667]],[[461726,259478],[-1581,779]],[[460145,260257],[-564,678],[-628,1880],[-418,416],[-1542,52]],[[456993,263283],[-372,445],[-400,-550]],[[456221,263178],[-808,-232],[256,1695],[192,214],[606,-470],[-570,1241]],[[456752,266550],[-261,731],[-433,-56],[207,371],[619,-215],[-360,420],[238,391]],[[457037,267725],[72,942],[1032,-559]],[[458559,269078],[278,66],[761,-988]],[[451562,279155],[966,430],[320,987],[905,221],[-236,887],[-529,-366],[-165,171],[-99,-341]],[[452724,281144],[-313,576],[239,1495]],[[452650,283215],[237,-46],[1505,2285],[414,-677],[1057,-391],[-164,-1528]],[[455699,282858],[1659,-175],[166,-413],[599,368],[-152,-408]],[[457971,282230],[554,140],[922,-415],[324,266],[657,-153],[607,606],[459,-288]],[[461494,282386],[-975,-1575]],[[460445,279944],[-566,-932],[14,-318]],[[460516,275438],[-256,-27],[5,-1148],[-3297,600]],[[452241,273340],[-481,1498],[-305,-190],[-113,620],[-536,453],[40,574],[921,69]],[[451767,276364],[119,612],[-191,442],[270,586],[-155,223],[335,641]],[[452145,278868],[332,-20],[-915,307]],[[461758,199148],[-48,3629],[-875,5997]],[[460835,208774],[1904,1451],[139,-450],[1102,651],[318,-1488],[2928,2792],[1133,2455]],[[468359,214185],[719,-837],[4125,-920]],[[473099,211488],[1898,-393],[1130,-3532]],[[476127,207563],[1213,-2794]],[[477340,204769],[-2816,609],[-1110,-9557]],[[450842,239404],[-2197,492],[-1921,5629]],[[446724,245525],[229,1044],[1012,-220],[150,1471]],[[448115,247820],[1534,-354],[1951,-1480]],[[451600,245986],[757,-1239],[758,-402]],[[453115,244345],[368,-800]],[[453483,243545],[-552,-1704],[144,-714],[-240,-2161]],[[452835,238966],[-1993,438]],[[465963,220957],[-517,406],[-239,625]],[[465207,221988],[-9331,1913]],[[455876,223901],[-1504,3203]],[[454372,227104],[1814,-388]],[[456186,226716],[924,8471]],[[457110,235187],[6561,-1431]],[[463671,233756],[-559,-5650]],[[463112,228106],[3548,-765]],[[477340,204769],[7513,-1658],[-1559,-13696]],[[483294,189415],[-119,633],[-10147,2142]],[[473028,192190],[1482,13151],[2830,-572]],[[483837,256077],[-732,-348]],[[483105,255729],[130,-5008]],[[483235,250721],[-1033,241]],[[482202,250962],[-2011,1774],[-951,121],[-328,-546],[-1319,-253],[-1181,216],[744,789],[409,2773]],[[477565,255836],[-502,111],[167,356],[-539,119],[-10,975],[567,339],[-373,1355],[-524,811]],[[476351,259902],[145,179],[-243,1194],[261,3008]],[[476514,264283],[502,-101],[143,1373],[307,-65],[660,907],[697,245],[2022,-312],[-59,-571],[487,-183]],[[481273,265576],[-294,-588],[1128,-1378]],[[485596,258954],[68,-336],[-69,-355]],[[468359,214185],[833,6034]],[[469192,220219],[-3229,738]],[[465963,220957],[697,6384]],[[466660,227341],[2944,-584],[806,2099],[555,3449]],[[470965,232305],[1355,-250],[703,-1903],[769,-638],[52,-2425],[524,-1765],[1730,-3321],[-756,-6474],[-215,-4610],[-2028,569]],[[473099,211488],[104,940]],[[473203,212428],[-4046,884],[-798,873]],[[473192,355246],[-14,2102]],[[466609,359847],[-565,728],[280,1621]],[[473732,386259],[-401,1379],[193,943]],[[488596,396744],[641,-584],[292,3459]],[[499959,410235],[2281,-303],[463,1089]],[[562036,439185],[326,-1801],[1148,-3632],[1461,-1286],[537,-149]],[[585731,430686],[1270,681],[1998,-1195],[859,-1182],[-220,-1256],[348,-582]],[[589986,427152],[1027,-213],[309,-1222],[1284,-1278],[632,295],[600,-280],[220,-933],[2079,30],[34537,-40771]],[[619585,342895],[-12434,-48572],[-953,112],[-1990,1974]],[[604208,296409],[-487,852],[-453,-583],[-542,222],[-118,362],[-462,-955],[-554,110],[-161,-254],[-89,-2388],[-674,-1201],[-960,-244],[-320,603],[-356,-255],[-1682,785],[-503,1175],[-940,807],[-76,919],[-493,152],[-730,1533],[-1068,129],[-1499,1592]],[[592041,299770],[-2322,-2549],[-1558,-424]],[[588161,296797],[-815,-744]],[[587346,296053],[-1257,101],[-683,623],[-738,-412]],[[584668,296365],[-1113,987]],[[583555,297352],[-1982,852],[-169,732]],[[581404,298936],[-937,1367],[-690,475]],[[579777,300778],[7,831],[-211,296],[-1138,-932]],[[578435,300973],[-321,-743],[-177,-963],[-203,-80],[261,-1024],[-412,-40],[-707,727],[-92,-695],[-271,-266],[746,-3189],[-80,-1123],[-614,114],[-83,-1529],[-319,68],[-518,894],[-758,-407],[-536,-993],[218,-866],[-1148,-1338],[-133,-807],[315,-1067],[151,-2105],[-181,-2421],[893,-999],[255,-1819],[-692,-1207],[-98,-859],[438,-797],[-132,-721],[603,31],[1037,-1616],[-146,-360],[807,-2040],[464,-3279],[-319,-682],[-386,-2754],[-516,-687],[-1104,-636],[-60,-621],[-463,-532],[76,-572],[-497,-1407],[-604,-222],[-231,224],[-152,-284],[-393,250],[-518,1158],[50,874],[-942,675],[-592,1166],[-27,996],[-334,215],[-435,1035],[-777,555],[-527,-1417],[-355,-425],[-716,38],[-768,-1143],[-3232,-1062],[-607,213],[-1299,-288],[-256,593],[-732,584],[-1006,48],[-439,598],[-1025,-649],[-984,26],[-1246,741],[-732,-218],[-2215,1499],[-799,-1350],[40,-1239],[-1449,-5],[-692,-1148],[66,-1646],[1214,-2399],[-708,-1951],[84,-593],[915,-1646],[-541,-517],[-41,-1359],[-1296,694],[-1024,1879],[-771,-971],[-171,-656],[-470,-132],[-1208,1336],[-376,34],[-675,1314],[-378,138],[-247,821],[-451,110],[-621,1022]],[[543040,259079],[-1373,622],[-615,-193],[-82,-1109]],[[540970,258399],[-820,-856]],[[540150,257543],[-275,-693],[-1495,987],[-663,-82],[-548,-1233]],[[537169,256522],[-1021,-212],[138,-874]],[[536286,255436],[-275,-1259],[1083,38],[122,-724],[428,-11],[331,-1912],[-795,-2222],[793,-893]],[[537973,248453],[477,271]],[[538450,248724],[201,-509],[-669,-817]],[[537982,247398],[-87,-663],[-298,536],[-529,197],[-168,-551],[388,-1352],[-113,-588],[-317,259],[-351,-213],[-589,-856],[-879,-178],[-731,334],[-984,-777],[-470,-1039],[38,-800],[-303,-894],[238,-696]],[[532827,240117],[-1266,-1106],[-2352,563]],[[529209,239574],[-1083,1922],[-73,1170],[-685,241],[-867,-561],[-944,382],[-621,-172]],[[524936,242556],[-840,981],[-154,-536],[154,-990]],[[524096,242011],[-737,-918],[-1013,-147],[-162,-1015],[227,-753],[-57,-960],[-601,-456],[-960,313],[-665,-696],[237,-741]],[[520365,236638],[-1177,-341],[-1896,22]],[[517292,236319],[196,1658],[-1330,295],[224,876],[-1476,447],[69,637],[-1463,309],[-1166,-150],[-516,-448],[-572,688]],[[511258,240631],[-215,-363],[21,870]],[[511064,241138],[-707,1529],[-21,684],[-766,596],[-402,1237]],[[509168,245184],[-1295,259],[-333,805]],[[507540,246248],[-721,106],[-108,675],[-738,951],[-646,136],[-152,613]],[[505175,248729],[-1836,871],[-703,1141],[764,2585]],[[503400,253326],[-85,607]],[[503315,253933],[280,248],[145,1276]],[[503740,255457],[-155,481]],[[503585,255938],[600,938],[214,1121],[976,282],[-250,970],[398,340],[-266,467],[465,669],[-306,865],[218,229],[-749,-314]],[[491437,285253],[-303,-194],[85,424],[-427,-20],[-124,587],[-249,-222],[-124,481],[-495,74],[-765,-830],[152,-393],[-281,299],[166,-541]],[[488459,284366],[-311,-32],[126,-717]],[[487766,284279],[-449,-420],[-246,-635]],[[483679,277213],[-926,110],[42,-613],[-302,151],[43,-1324],[-1036,-122],[-320,741]],[[481180,276156],[-367,-229],[-500,440]],[[480313,276367],[174,447],[-450,98],[317,1248]],[[480354,278160],[-660,-179],[-363,-961]],[[479331,277020],[471,-1293],[-359,-749],[-128,789],[-403,312],[-235,-519],[-457,-42],[328,1178],[-317,270]],[[478231,276966],[-37,884],[-532,149],[-22,-427],[246,105],[26,-246],[-1676,-761],[131,-798],[-794,-1213],[-659,257]],[[474914,274916],[-75,-1235],[-705,1391]],[[474134,275072],[305,926],[-917,222],[-547,-640],[-294,416]],[[472681,275996],[-1230,267],[195,1874],[-1775,363]],[[469746,288080],[-240,50],[-777,-1138]],[[466379,290777],[316,1452],[-257,1008]],[[466438,293237],[787,1523],[141,1357],[-493,128],[438,2744],[358,-74],[324,2100],[631,-133],[74,700],[-1675,581],[466,1670],[-3550,-482]],[[463939,303351],[610,1417],[1736,1455]],[[466285,306223],[420,1317],[-294,455],[990,1088],[699,1413],[-145,1289],[803,1055],[353,1160]],[[469111,314000],[517,241],[366,737],[-909,2028]],[[469085,317006],[991,-316],[397,-562],[515,795],[1046,108],[401,414],[-34,1926],[1790,2688],[-1573,694],[277,2801],[1007,2140],[193,2128],[1340,1255],[334,716],[713,140],[963,1055],[22,9154],[-901,230],[-149,678],[1648,-18],[1,1606],[315,-4],[2,829],[-454,4],[8,1579],[293,148],[353,1316],[-620,-170],[4,347],[983,182],[0,1084],[-268,-52],[-736,1046],[334,12],[-302,57],[-497,-120],[-459,-419],[-4,2386],[-581,-5],[0,1228],[-535,-1],[-1,1189],[-2709,-28]],[[465983,271314],[-826,740],[-557,-872],[-157,247],[-636,-338],[-571,112],[-487,-871],[-1140,474],[-333,-819],[28,-656],[341,60],[296,-666],[-377,371],[-115,-564],[-732,-200],[-230,-408],[-889,232]],[[459598,268156],[-750,983]],[[459363,270009],[-57,750],[597,474],[-92,441],[249,271],[-570,438]],[[460131,273611],[-322,504],[272,353],[327,-88],[-209,203],[207,467],[-141,377],[251,11]],[[460516,275438],[-204,587],[975,775],[-362,413],[-234,1448],[-798,33]],[[459893,278694],[23,473],[529,777]],[[460445,279944],[74,867]],[[460519,280811],[1371,2114]],[[461890,282925],[61,746],[511,-99],[345,2423],[416,-83],[82,881],[482,-81],[60,526],[-480,284],[50,434],[499,-110],[229,350],[55,-393],[475,-93],[-99,1228],[951,-127],[-134,874],[616,296],[-199,432],[247,220],[-165,312],[237,1169],[558,-116]],[[466687,291998],[-308,-1221]],[[466379,290777],[929,-379],[-137,-1221],[359,-71],[-101,-942],[1273,-245],[-179,-317],[273,-189],[-67,-421]],[[468729,286992],[424,374],[80,570],[513,144]],[[469746,288080],[28,-1342],[563,852],[363,-282],[71,613],[596,-610],[-279,-1290],[-348,143],[-114,-525],[-338,145],[228,-748],[-365,75],[-187,-1303],[435,-572],[-263,38],[-31,-1186],[-879,-1440],[531,-190],[-73,-491],[355,102],[-168,-1569]],[[469871,278500],[1782,-393],[-202,-1719],[-1070,131]],[[470381,276519],[-135,-2250],[-341,641],[-205,-1102],[-464,-106],[-64,350],[-52,-486],[-173,36],[-39,-339],[683,60],[-130,-850],[-1382,373],[-329,-753],[79,-832],[-232,-73],[-94,652],[-1188,157],[-332,-683]],[[436661,276852],[535,-1030]],[[437196,275822],[-69,-443],[260,198],[85,-306]],[[437472,275271],[482,-61],[82,-832],[194,215],[235,-561],[405,-64],[499,-946]],[[439369,273022],[251,-23],[-55,-641],[451,-495],[185,-1029]],[[440201,270834],[513,-743],[-678,-319],[-202,-1127],[414,-414],[495,96],[-215,-1112],[605,-420],[-65,-1468],[-291,-394],[355,-156],[-224,-758],[424,-2225]],[[441332,261794],[-314,-399],[-1350,231],[-1361,-1448]],[[438307,260178],[-1085,767],[88,1286],[-699,825],[-188,1144],[81,496],[600,498],[7,888],[394,-75]],[[437505,266007],[175,1772],[-1033,215],[277,2771],[-886,620],[55,630],[-288,535],[218,2843],[-197,1281],[835,178]],[[386320,246803],[-1151,1834],[-458,-639],[-194,1181],[-726,1115],[159,2370],[-289,170],[-276,1155],[349,361],[-57,823],[-634,862],[263,556],[-119,795],[-954,36],[-228,357],[-123,440],[257,143],[-17,687]],[[382122,259049],[-819,-2763]],[[381303,256286],[-4141,855],[-928,-6710],[-706,681]],[[375528,251112],[-231,-647],[-227,40],[69,178],[-64,216]],[[375075,250899],[-282,-378],[-634,293],[17,-295],[-496,-267],[-401,516]],[[373279,250768],[-434,-160],[-230,352]],[[372615,250960],[113,291],[-489,153],[-315,705],[-1018,41],[-550,867],[78,312],[-749,446],[180,1670],[-3423,698],[-172,836],[-1720,387],[-114,-552],[-995,222],[27,382],[-507,111],[-129,-490],[-1132,237],[-564,-1740]],[[361136,255536],[-674,-584],[-64,-560],[2244,-1864]],[[362642,252528],[359,-2885],[-54,-3139],[373,-846],[1317,-711],[-912,-559],[-1875,-4056],[-1122,-746],[-154,-1788],[-455,-433],[-153,-678],[-462,-4295],[3806,-814],[-347,-388],[187,-800],[291,-244],[-309,-539],[16,-2290]],[[363148,227317],[518,-1502],[-1355,377],[-231,-300],[-4945,1295]],[[348900,201293],[-748,-1166],[-1360,-1008],[-2119,-67]],[[344673,199052],[-612,304],[206,-769],[-509,-199],[-261,251],[-712,-1045]],[[342785,197594],[-53,566],[-188,116],[-63,-279],[-870,739],[-258,-522],[-673,23],[148,-225],[-228,-390],[-484,44],[-73,-1121]],[[340043,196545],[-903,176]],[[339140,196721],[-312,-408],[-602,1421]],[[338226,197734],[-571,282],[-643,-297],[-232,269],[-509,-1835],[-708,-828],[-512,395],[-340,-553],[-419,664],[-263,-430],[-214,164],[16,604],[-657,349],[-67,620],[-341,97],[-155,-787],[-667,271],[-364,1339],[-2054,194],[-570,-334],[-756,342],[-612,1042],[-741,19],[-285,-638],[-552,-5115],[-10075,2103],[117,1377],[1214,3153],[274,2417],[452,-59],[-427,2178],[-663,158],[1222,11214],[-7021,544],[-3401,-1501],[-3223,56],[-3770,-465],[-4866,1083],[211,1039],[-285,346],[274,208],[199,-222],[116,783],[1227,187],[677,-302],[539,289],[98,817],[-223,396],[-364,-96],[290,1288],[-352,124],[-93,1008],[-334,252],[46,995],[-1002,475],[-123,659],[-309,-875],[-468,876],[-860,-134],[-118,608],[374,-175],[39,314],[-334,725],[77,434],[-393,165],[215,310],[-216,519],[178,345],[-520,77],[27,430],[-215,4],[-185,669],[-1699,-614],[-436,1479],[-12625,2688],[-251,615],[326,528],[82,835],[-372,1148],[-537,189],[-16,343],[-481,284],[-1351,2175],[-565,289],[-397,-534],[-21,466],[-482,430],[104,964],[246,-87],[20,921],[195,120]],[[275776,240603],[-458,1655],[171,796],[646,412],[153,1467],[-1339,2790]],[[274949,247723],[459,1577],[-335,1028],[254,468]],[[275327,250796],[-313,392],[507,470],[198,1583],[-165,1267],[211,574],[-108,1651],[-691,1249],[197,1517]],[[275163,259499],[-184,2687]],[[274979,262186],[1177,10659]],[[276156,272845],[2244,-473],[171,1575],[2178,-467],[145,2401],[3151,-692],[-394,-3517],[1773,-387],[-40,-658],[3713,-800],[259,-1021],[1992,-16],[138,-351],[653,-221],[709,520],[103,430],[554,56],[-27,404],[878,455],[-47,987],[339,165],[-83,443],[-339,106],[393,729],[24,602],[-223,130],[361,1077],[-745,539],[178,1739],[502,-95],[512,372],[-168,866],[1022,-166],[907,-1842],[2243,-542],[1177,161],[321,-571],[242,13],[285,1625],[1131,11],[587,-319],[1107,629],[2588,-488],[62,629],[5921,-1240],[249,2300],[1479,-314],[622,-632],[318,608],[2228,-2274],[287,583],[683,-112],[-119,-387],[981,-1434],[176,-723],[1077,479],[-64,308],[513,223],[-162,644],[379,1780],[239,-127],[-65,-407],[1536,741],[-319,1017],[-72,2379],[-388,-211],[-420,639],[-929,-602],[364,1267],[-792,43],[328,666],[-364,402],[352,316],[-452,127],[212,444],[-325,191],[109,387],[-501,541],[-486,-466],[-383,1254]],[[318944,285293],[-293,124],[159,994]],[[318810,286411],[-271,897]],[[318539,287308],[180,604],[368,-71],[-670,1664]],[[318417,289505],[215,560]],[[318632,290065],[-420,917],[557,2622],[327,255],[394,1520],[676,1078]],[[320166,296457],[170,961],[72,1179],[-255,641],[241,286],[-35,701],[-374,964],[324,324],[-271,358],[194,506],[-161,413],[557,297],[882,1610],[341,-74],[130,1225],[-404,110]],[[321577,305958],[287,447],[1310,287]],[[323174,306692],[605,549],[498,-120],[764,587],[726,-391]],[[325767,307317],[867,1502]],[[326634,308819],[437,-60],[255,322],[507,1754],[610,840]],[[328443,311675],[502,1737],[607,873],[594,8154]],[[330146,322439],[5406,-1075],[-91,468],[298,-56],[163,-347],[3720,-865],[-242,-500],[1905,63],[426,4326],[1424,-1214],[427,794],[502,-513],[923,994],[771,202]],[[345778,324716],[521,1961],[379,319]],[[346678,326996],[4175,-598],[475,-1288],[-50,-2641],[4003,1383],[12,2331],[338,340],[105,690],[1186,-325],[61,581],[-638,165],[137,1363],[-160,845],[9791,-1956],[72,-1261],[-249,-146],[438,-262],[-241,-438],[166,-320],[-234,-168],[-517,-3557],[408,-708],[853,-181],[239,-1088],[-526,-610],[-609,-2195],[-590,-425],[398,-2321],[292,-236],[-64,-820],[383,-367],[-110,-874],[-347,86],[-460,-951],[-301,128],[-45,-765],[312,-750],[876,-664],[372,163],[475,-293],[-64,290],[671,236],[727,-869],[313,37],[210,-823]],[[368961,307734],[-15,1265]],[[368946,308999],[937,-155],[-54,-663],[552,-89],[259,334],[405,-788],[82,1085],[501,-440],[665,200],[233,-1104],[-372,-473],[721,-832],[255,395],[943,56],[754,1351],[591,-72],[267,-582],[389,202],[148,-512],[203,109],[-103,367],[438,227],[329,-543],[520,-136],[427,4160],[510,188],[50,378],[88,-485],[281,-113],[-367,-233],[27,-285],[410,-281],[179,286],[561,-1662],[274,165],[246,-412],[-247,-588],[-289,122],[156,-646],[-198,-471],[412,-190],[-256,-796],[763,-165],[233,-482],[328,445],[-36,-1312],[590,-321],[57,-674],[-268,-172],[600,-347],[-581,-356],[217,-398],[-156,-146],[432,0],[-468,-373],[163,-467],[-478,698],[32,-1518],[383,109],[-495,-717],[255,-99],[265,-893],[664,-340],[-145,-556],[266,-106],[203,-677],[592,-220],[-356,-594],[1664,-1542],[232,-885],[2767,-446],[879,-2187]],[[388475,291332],[-490,-2343]],[[387985,288989],[-712,-767]],[[387273,288222],[-327,-942],[-75,-1734],[1610,-971],[706,-2507]],[[389187,282068],[1594,-635],[-156,-1390],[472,-719],[-232,-1562],[587,-205]],[[391452,277557],[-2623,-25921]],[[388829,251636],[-2012,408],[-497,-5241]],[[451507,541885],[19162,-15]],[[470669,541870],[-19,-30242],[17654,3],[397,319],[576,-518],[13951,164],[0,-1907],[3707,3],[-1,16579],[334,-611],[579,154],[298,568],[476,-405],[334,136],[359,-500],[280,635],[871,-202],[579,370],[361,-425],[308,110],[1085,-612],[134,-543],[252,211],[596,-441],[79,612],[712,45],[350,-439],[1349,788],[757,-133],[609,682],[876,-452],[551,881],[596,-1000],[1007,-182],[195,-827],[1031,45],[327,-442],[2360,92],[581,494],[836,-552],[699,860],[516,27],[251,712],[790,344],[1228,-420],[473,-590],[130,-616],[-171,-346],[296,-261],[615,262],[653,-476],[544,249],[709,-228],[228,-1075],[563,-600],[469,229],[2374,19767],[271,3822],[-81,4424]],[[536553,550412],[25774,3]],[[562327,550415],[28,6511],[633,2014],[10477,-11],[3,-5477],[1747,-3075],[1863,55],[513,479],[765,74],[623,-277],[-8,-7782],[1419,38],[364,611],[794,-2197],[1,-3688],[529,164],[442,855],[720,424],[-1017,-10163],[-637,-334],[2230,-7308],[-3286,-2466],[181,-489],[-2307,-1691],[977,-2567],[1662,-1589],[325,-945],[801,-680],[-120,-1229],[-727,-6],[5,-2108],[-773,-589],[-10,-3699],[526,1],[3,-3876],[-544,-307],[-9,-4651],[1977,-372],[-201,-1595],[1595,-375],[-673,-5104],[265,-108],[-386,-697],[-600,-4801],[2486,-8223],[-5,-1156],[-497,-1159],[37,-1461],[176,-311],[1352,-290],[536,-1286],[44,-2134],[501,-1135],[-488,-972],[92,-1306],[-839,-640],[122,-1454],[-525,-2208],[569,-1701],[390,-2930],[-117,-2894],[434,-4656],[-106,-1015],[-415,-592]],[[586244,443862],[-337,-2345],[-18,-2260],[1182,-1502]],[[587071,437755],[-66,-655],[624,-800],[-409,-3624],[741,-241],[751,-931],[409,351]],[[589121,431855],[884,-2885],[-1709,1773],[-1274,619],[-1291,-676]],[[585731,430686],[-1705,9],[-844,423],[31,267],[-827,662],[-742,1160],[-271,-240],[-260,561],[-520,115],[-295,482],[-733,-47],[-162,1186],[-582,-241],[-412,556],[-480,-265],[-876,1215],[-170,-485],[-768,340],[-275,-187],[-236,783],[478,-103],[198,1154],[-809,555],[146,257],[-1560,364],[281,-645],[-138,-1114],[-241,397],[-1206,-1019],[-72,950],[-893,664],[-520,1383],[-296,66],[40,423],[-4543,872],[-961,-8867]],[[565508,432317],[-749,248],[-229,482],[-1030,726],[-1429,4685],[-35,727]],[[562036,439185],[-304,36],[-434,814],[39,1011],[-281,831],[-537,826],[-556,209],[-859,-1110],[113,-254],[-346,-610],[-363,-253],[-221,266],[-45,-240],[-111,445],[-1635,-2153],[-711,-522],[-542,358],[-214,-223],[-554,-1453],[32,-2681],[-507,-504],[-234,-1075],[-1257,116],[-456,346],[-688,-647],[-340,216],[-468,-4102],[-871,42],[126,2147],[-1268,1045],[-391,1782],[-301,539],[-306,-3],[-569,1752],[-889,543],[-587,1047],[-551,-571],[-642,618],[-704,-459],[-159,672],[-493,-1329],[592,8],[-14,-1715],[540,1],[-5,-1558],[-530,3],[-69,-1588],[-7808,-4270],[-3847,6],[2,904],[-942,10],[-31,807],[-2165,-8],[-45,-743],[-1083,-25],[-106,599],[-1322,12],[-552,-985],[-501,-216],[-1627,86],[-1291,-547],[-489,115],[-745,-792],[-485,-1812],[-1452,248],[-406,-618],[-747,635],[-437,1238],[-865,-50],[-711,-627],[-412,102],[-742,-1829],[-2071,-2191],[-406,260],[-1175,-171],[-534,606],[-3511,-177],[2,-3851],[281,-551],[-624,-2345],[-477,56],[-128,-325],[-524,407],[-286,793],[-1880,-578],[-170,-1028],[-781,-594],[-140,-643],[306,-740],[-191,-1204],[355,-751]],[[502703,411021],[-456,-1086],[-2288,300]],[[499959,410235],[-540,312],[-793,1253],[-1122,-644],[-126,730],[-986,418],[-86,556],[-460,61],[-63,525],[-397,-201],[212,-3047],[-1553,-1541],[-481,-154],[-602,-1509],[-1427,-1064],[-7,-6297],[-1999,-14]],[[489529,399619],[-278,-3407],[-655,532]],[[488596,396744],[-11,-1253],[-1146,-3],[-339,-726],[-2363,332],[-954,-426],[-246,290],[38,-662],[-1852,14],[-133,796],[-1647,3],[279,-2653],[-689,-3064],[1,-1837],[-619,-193],[-14,-683],[-653,234],[-557,1082],[-1198,251],[-536,-1213],[-829,-427],[-190,381],[2,-476],[-1233,1186],[-183,884]],[[473524,388581],[-208,-267],[416,-2055]],[[473732,386259],[-19,-1478],[321,-863],[-366,5],[-1,-1991],[1038,-212],[20,-1547],[-1306,-672],[-191,-572],[-263,0],[-3,-595],[-649,-7],[-9,-964],[-1321,-6],[-8,778],[-603,-13],[16,-2458],[-643,-9],[1,-1204],[-582,443],[-1803,-213],[120,-639],[-437,-1668],[-911,200],[1486,-3912],[-1046,-836],[425,-1314],[-103,-533],[-532,-369],[-5,-406],[712,-733],[97,-702],[-285,-502],[-319,45],[89,-606],[-328,-510]],[[466324,362196],[-310,-1510],[595,-839]],[[466609,359847],[425,558],[-12,2367],[978,366],[-7,-1427],[715,7],[-11,-1263],[957,-10],[-19,-3070],[3543,-27]],[[473178,357348],[-70,-5674]],[[473108,351674],[-2769,-852]],[[470339,350822],[-2090,1403],[-1944,-264],[-990,-1747],[-391,-4447]],[[464924,345767],[400,-1975],[-222,-738],[109,-674],[-343,-12],[-508,-862],[46,-3283],[-436,89],[36,-595]],[[464006,337717],[-305,-403],[-239,527]],[[463462,337841],[-710,331],[-383,-655],[-560,289],[-318,-497],[-642,90],[-1547,3100],[-1065,970],[-883,217]],[[457354,341686],[144,1061],[-569,1368],[75,555],[876,-10]],[[457880,344660],[-93,4082],[-468,3],[-14,921],[-1743,-22],[-13,468],[-358,-2],[-8,673]],[[455183,350783],[-976,18],[-1695,-1163]],[[452512,349638],[-1483,-280]],[[451029,349358],[-631,-1225],[116,-3164],[-264,-2421],[593,-2352],[-21,-1543]],[[440937,341341],[-923,157]],[[439822,342715],[-857,-48],[257,1291]],[[439222,343958],[-669,166]],[[438553,344124],[288,2802],[-2840,542]],[[436001,347468],[130,467],[-648,317],[2,798],[-265,471],[-219,-7],[44,-364],[-653,-104],[-125,590],[-200,-44],[-34,685],[-451,465],[-109,-339],[-316,132],[-207,994],[-661,-482],[-241,720],[-800,154],[721,7125],[-1128,-891],[-2270,1171],[-324,2342],[755,7106],[-405,771],[-960,228],[361,2136],[-983,347],[130,676],[-988,360],[-91,-520],[-1888,327],[-876,-1296],[-17,908],[-887,-11],[6,-1088],[-832,-14],[-3410,50],[-213,469],[-2845,1003],[240,379],[53,-319],[308,49],[196,527],[566,220],[-1,4842],[-172,3],[-45,1375],[-258,8],[-173,3263],[1807,-1],[-92,3053],[602,-110],[449,3494],[-827,191],[-1254,1486],[54,1334],[-347,1164],[175,889],[-1998,28],[-7,-657],[-623,-175],[-42,-665],[-1468,36],[-10,-289],[-631,52],[9,247],[-7879,82],[-744,219],[-1591,1320],[-706,36],[-1282,-1095],[-1172,-547],[-332,-709],[-745,-446]],[[397164,392404],[-48,-530],[-318,736],[-421,265]],[[396377,392875],[19,754],[-361,383],[231,418]],[[396266,394430],[-406,497],[458,31]],[[396318,394958],[139,829],[-177,370],[418,348],[-1,463],[153,-103],[-101,474]],[[396749,397339],[479,-27],[-693,879]],[[396535,398191],[146,1461],[245,41]],[[396926,399693],[-344,1237],[313,434],[515,-34]],[[397410,401330],[180,765],[-175,669],[-2628,507],[371,648],[-3452,707]],[[391706,404626],[1433,14194],[-894,1284],[-2054,5358]],[[390191,425462],[318,1291],[626,793],[988,6771],[-383,1320]],[[391740,435637],[-3,2741],[532,674]],[[392269,439052],[941,3765],[432,267],[170,1445],[1792,-509],[399,-583]],[[396003,443437],[294,428],[-439,689]],[[395858,444554],[222,728],[-505,586],[228,936],[-51,1354],[-648,937],[-131,708],[-1059,988],[434,1203],[-185,977],[-1351,515],[124,869],[618,963],[438,3421],[483,-46],[137,482],[-282,1965],[376,711],[-672,1231],[115,1015],[702,1581],[-378,1562],[313,2344],[-233,403],[892,2129],[-462,1824],[398,763],[593,-256],[32,-273],[243,390],[-457,1999],[152,1425],[-236,317],[-15,1028],[-399,433],[22,647],[639,137],[727,746],[113,1052],[687,534],[-136,980],[582,1845],[1099,1031],[516,1366],[-317,596],[118,753],[512,-157],[431,429],[115,736],[780,949],[-64,864],[440,281],[598,-156],[274,599],[22,450],[-700,1556],[220,336],[415,-214],[1014,1898],[-493,1497],[-769,823],[32,847],[1932,682],[528,-517],[272,558],[-356,296],[55,552],[-339,668],[1007,654],[237,911],[-115,735],[-207,-154],[-170,495],[-365,15],[-134,726],[1222,393],[611,-262],[149,609],[-766,1001],[-724,-175],[-287,770],[110,852],[513,652],[474,60],[352,855],[-194,499],[-578,-84],[-47,-345],[-409,422],[-83,537],[798,1201],[513,-276],[312,573],[-284,249],[37,1048],[-296,32],[-64,731],[564,690],[942,-627],[517,1126],[848,593],[286,-514],[612,304],[-104,1398],[666,340],[223,930],[451,-385],[614,619],[70,449],[-398,843],[148,538],[426,276]],[[411740,521734],[-140,761],[4619,177]],[[416219,522672],[-3,2840],[10060,24],[-4,5474],[5278,170],[6320,-109],[28,5071],[2512,5],[-75,3081],[329,241],[5227,15],[0,-5615],[5618,-11],[-2,8027]],[[483837,256077],[-54,269],[601,978],[278,38],[223,668],[710,233]],[[485595,258263],[1,691]],[[485596,258954],[-1157,239],[-192,300],[282,2542],[-386,-152],[-842,603],[-761,-306],[-490,238],[-150,739],[207,453]],[[482107,263610],[-715,654],[-452,955],[1696,1958]],[[482636,267177],[407,136],[914,8425]],[[483957,275738],[-1466,371],[6,773],[298,-172],[-144,305],[182,389],[846,-191]],[[483679,277213],[-788,1508],[452,586],[-190,941],[1037,549],[488,-637],[44,927],[422,977],[307,24],[-73,874],[226,388],[183,-190],[265,620],[350,-91],[44,-588],[285,22],[-195,-505],[213,96],[324,-658],[-2,1168]],[[487071,283224],[254,646],[441,409]],[[487766,284279],[508,-662]],[[488274,283617],[-121,726],[306,23]],[[488459,284366],[14,429],[599,123]],[[489072,284918],[-158,557],[273,-315],[-147,401],[959,897],[420,-630],[262,208],[114,-576],[419,30],[-88,-424],[311,187]],[[491437,285253],[675,-477],[373,-871],[-219,26],[194,-609],[226,347],[411,-313],[265,1695],[202,-159],[265,483],[611,335],[116,-346],[439,429],[-383,226],[368,-4],[-403,700],[152,164],[492,-170],[-62,-394],[621,-573],[-128,-994],[951,-155],[-172,-420],[536,-482],[497,-43],[1086,608],[65,-351],[118,287],[1109,-898],[56,468],[473,259],[-302,113],[218,95],[334,1431],[441,-632],[126,509],[565,180],[38,-441],[475,50],[-299,-493],[679,-932],[-445,-170],[271,-417],[-271,-334],[513,-979],[-180,-182],[232,-574],[145,-131],[54,405],[132,-260],[-255,-301],[182,-1390],[347,7],[263,-704],[258,23],[103,-1138],[226,290],[235,-204],[-1237,-5023],[444,-862],[614,-221],[163,-538],[75,306],[344,-35],[241,-587],[-131,-339],[262,-155],[-866,-641],[371,-251],[-166,-557],[210,-547],[-302,-159],[501,-425],[-321,-1044],[209,-202],[-293,-336],[173,-457],[179,130],[-123,-858],[241,-368],[-136,-322],[-25,389],[-412,-236],[3,-340],[174,47],[-166,-372],[-215,86],[197,-306],[-264,-425],[333,-1458],[352,-231]],[[504885,261505],[204,250],[552,49],[-225,-214],[289,-488],[-21,-582],[-260,47],[-168,-521],[267,-454],[-398,-349],[193,-1059],[-916,-183],[-245,-1104],[-1261,1294]],[[502896,258191],[-657,-282],[-1078,305],[-489,1007],[-1033,829],[-1000,172],[-3690,-3506],[-117,-1170],[-1243,-211],[405,-532],[-785,-457],[-726,241],[78,2617],[-673,191],[-441,1473],[-286,378],[-386,-385],[-254,615],[-179,-1417],[-845,-523],[-317,-938],[-873,-108],[-252,-798],[-1328,-523],[-177,391],[-276,-62],[-379,-465],[-118,716],[-372,-9],[-81,343],[-482,-228],[-142,625],[-863,-403]],[[432869,264237],[144,384],[972,154],[34,497],[-413,513],[184,699],[1079,1310],[409,-105]],[[435278,267689],[-79,-1006],[498,-89],[467,-709],[884,59],[44,-782],[-678,-670],[152,-1290],[741,-958],[-67,-1332],[1464,-1311],[-171,-389]],[[438533,259212],[-471,-22],[-258,-751]],[[437804,258439],[-335,-1916],[257,-1362],[-251,-359]],[[437475,254802],[-5140,1014]],[[432335,255816],[314,2824]],[[432649,258640],[-197,79]],[[432452,258719],[59,640],[153,-30],[424,4183]],[[433088,263512],[-220,47],[1,678]],[[462774,182505],[-535,-863],[-3403,7270],[440,860],[-277,927],[455,464],[703,-432],[239,177],[399,1101],[-313,188],[18,56],[305,-223],[186,386],[525,2894],[242,3838]],[[461758,199148],[1000,-210],[570,425],[575,-450],[3499,-755],[-156,-1371]],[[347993,197715],[907,3578]],[[348900,201293],[-413,659],[260,1156],[-151,488],[-807,435],[-93,914],[-251,173],[278,613],[-249,185],[756,7551],[-928,456],[504,4625],[282,-330],[1252,-248],[260,2443],[2308,-475],[86,771],[571,582],[32,464],[575,397],[-157,348],[1759,840],[-169,593],[556,-198],[-15,1288],[223,-362],[1447,-267],[319,2793]],[[357135,227187],[6459,-1426],[256,-245],[-230,-508],[317,-742],[-290,-176]],[[363647,224090],[7,-402],[300,52],[511,-734],[-240,-476],[291,-428],[-268,-312],[144,-894],[-414,-49],[-105,-751],[219,-286],[-351,-1086],[474,-608],[224,-1282],[502,-439],[18,-662],[-266,197],[221,-1633],[785,-738],[-235,-922],[455,-106],[29,-682],[227,130],[-193,-1062],[235,-236],[-29,-958],[-517,-884],[87,-1007],[1049,-692],[497,566],[436,-448],[117,-747],[432,-272],[-133,-207],[579,-279],[-250,-94],[318,-561],[-292,-244],[37,-537],[-508,-135],[-106,-1427],[-427,-412],[450,-850],[558,-325],[571,132],[216,-1036],[992,-225],[76,-746],[801,-334],[-340,-637],[502,45],[85,-494],[705,453],[-183,-867],[-531,-102],[104,-1293],[-376,-1608],[942,1185],[4452,-967]],[[376531,194674],[64,-1199],[1020,-1228],[910,-268],[1208,650],[391,-1021],[673,-185],[884,-1111],[1552,-65],[307,1649],[-118,1126],[726,2994],[409,-992],[1395,839],[-1448,-981],[1478,-3183],[1693,-1931]],[[387675,189768],[-619,-5415],[-479,178],[-242,-2081],[-319,90],[-372,-383]],[[385644,182157],[310,-1331],[-257,-1396],[-472,-1270],[-805,-445],[-469,-2481],[75,2207],[-210,367],[-422,-64],[-655,1165],[-669,-179]],[[382070,178730],[-384,-819],[-392,-69],[-789,1822],[-457,345],[-522,2581],[-448,468],[-731,-216],[-523,217]],[[377824,183059],[-438,1368],[-396,-82]],[[376990,184345],[-217,314],[-753,-551],[136,-328],[-327,-70],[-71,-667],[-615,428],[-265,-292],[-128,347],[-1429,-371],[-111,267],[1798,2998],[-1362,287],[77,1126],[-510,522],[-681,2018]],[[372532,190373],[468,1078],[-397,1017],[-681,-23]],[[371922,192445],[-795,-1279],[-701,624]],[[370426,191790],[-64,-611],[-675,-146],[-54,-850],[-317,-191],[-231,146],[-55,1630],[-275,328]],[[368755,192096],[-928,211],[-471,-364],[-504,114],[-981,1690],[-2124,-750],[235,614],[-213,707],[-604,-361],[-256,-1067],[-299,18],[-32,382],[-678,-1100],[-671,481],[309,183],[-163,910],[-439,224],[-604,-308],[107,-234],[-295,-506],[-915,-434],[-96,-498],[-796,514],[-517,-399],[1,704],[570,308],[-470,1052],[-577,-110],[-509,546],[-584,-362],[-192,479],[-602,292],[-319,1100],[-447,-152],[-254,712],[-449,205],[18,533],[-328,516],[103,476],[-678,-84],[-77,358],[-583,138],[110,-2147],[-216,801],[-537,-358],[-494,1799],[-466,-1209],[-625,1131],[-290,-729],[173,-216],[-64,-1113],[-863,-566],[-489,8],[-285,1120],[-404,360]],[[630674,382780],[-240,750],[-10,2294],[-490,984],[107,1132],[-328,786],[20,854],[251,430],[922,411],[265,722],[1536,-841],[396,-1111],[334,-48],[1035,-1267],[-27,-1119],[338,-409],[681,-150],[444,-916],[2610,-1642],[758,89],[313,496],[1850,-78],[153,1244],[645,450],[453,-530],[304,601],[606,205],[-19,-329],[835,-556],[614,-1565],[1,-881],[455,-372],[209,-544],[-115,-537],[718,-1401],[1403,-674],[421,-605],[-98,-273],[1207,-154],[139,-480],[889,-534],[294,-2326],[372,171],[56285,-14079],[5304,12407]],[[712514,373385],[-271,682],[241,807],[-547,622],[-1198,470],[-102,598],[-694,1081]],[[709943,377645],[-327,1755],[-1353,1942],[-228,1927],[-690,568],[-236,724],[-508,184],[77,651],[-790,1593],[374,1656],[-86,929],[-453,559],[212,684],[-1008,1526],[4750,-93],[479,874],[-157,443],[327,1181],[552,-344],[369,607],[793,271],[-133,1452],[384,1674],[-216,203],[-56,4429],[1124,1215]],[[713143,404255],[-100,752],[-406,-256],[-1,439],[707,401],[-486,786],[340,481],[-319,713],[151,581],[-219,430],[-1801,33],[-877,-851]],[[710132,407764],[-897,313],[-582,-710],[-105,745],[-753,118],[-2,444],[-620,-2],[-2559,1891],[-707,1293],[-990,515],[-497,704],[-986,323],[-483,-610],[-808,-111],[-449,60],[-138,537],[-520,-144],[1980,15570],[792,615],[630,1247],[-400,2423],[3982,4912],[1591,1221],[537,1156],[-308,1556],[232,1006],[-402,1565],[23,1286],[-511,1744],[-1257,174],[-983,1249],[-1626,-1439],[-1087,626],[-759,51],[781,762],[184,2444],[-1285,1788],[-235,949],[-482,445],[-830,2786],[100,508],[952,926],[217,806],[657,-158],[544,651],[206,1639],[-466,857],[235,2802],[889,901]],[[702937,466198],[1358,284],[1733,-1376]],[[706028,465106],[2092,-43],[1496,847]],[[709616,465910],[1059,119],[330,-983]],[[711005,465046],[912,-1152],[254,-1367],[474,-764],[1003,-366],[1383,-1440],[152,-512],[-293,-1818],[753,-1160],[755,60],[472,-562],[-5,-746],[1078,-1782],[1552,-561],[786,-1053],[2039,-1016],[-976,2036],[-135,1430],[620,241],[272,910],[-84,949],[1593,630],[1281,-177],[97,545],[449,478],[1456,464],[653,-369],[1042,1073],[320,837],[-703,1619],[1518,2141],[172,1037],[-244,532],[46697,24431],[19330,-25467]],[[795678,464147],[-271,-232],[63,-1172],[-488,56],[25,-415],[-843,-621],[-133,-591],[720,-76],[-392,-432],[-90,-568],[-988,-715],[-223,-1091],[-618,-1205],[-158,-1494],[-252,-187],[-399,297],[232,-803],[513,297],[640,-1591],[-269,-157],[85,-319],[420,81],[719,-1101],[330,264],[100,657],[355,-96],[92,986],[942,-98],[-134,358],[289,89],[1100,-126],[232,668],[279,-262],[613,615],[150,-566],[609,121],[20,-472],[566,386],[472,-571],[704,-144],[296,-1620],[524,181],[881,1465],[197608,-137482],[-1298,-1313],[-262,-645],[234,-548],[-721,559],[-2412,-1193],[-1219,-949],[-1025,-1211],[-988,-1993],[-3369,483],[-1777,-277],[-1781,-806],[-2666,188],[-2644,-915],[-2464,-1655],[-1182,-1357],[-171,-836],[342,-283],[57,-712],[-1779,-800],[-1406,-1691],[-151,-927],[-472,-665],[74,-699],[-461,-330],[-881,-2171],[-189,26],[-174,-903],[265,-510],[-709,-1753],[-698,-2976],[-813,-841],[-511,-931],[48,-423],[-493,-276],[-212,-309],[106,-381],[-834,-938],[7,-1115],[-466,-659],[-60,-2176],[-1190,-668],[-1952,-398],[-3446,-1836],[-1891,-2339],[-319,-2613],[-255,-208],[-795,764],[-1986,-265],[-2677,-1005],[-429,-763],[-65,281],[-85,-509],[-439,223],[-1307,-807],[-914,-1163],[245,-425],[-347,-706],[-496,315],[-884,-325],[-814,-881],[-12,-481],[197,-36],[-338,-2369],[-215,-12],[-169,-744],[-774,-598],[-1222,973],[-958,240],[-2925,-553],[-851,-996],[-1029,148],[3,394],[-306,171],[-930,78],[-549,-106],[-331,-493],[-1048,153],[-843,-471],[-2143,560],[-2497,-270],[-5744,-2154],[-846,-1126],[36,-1064],[-627,298],[-407,-1266],[-1119,1036],[351,1116],[-436,858],[-1984,1502],[-3798,596],[-3170,-500],[-1526,413],[-5270,126],[-11753,-710],[-10071,-95],[-3019,-677],[-1144,-432],[-493,-540],[-1504,745],[-1458,239],[-5134,-257],[-4737,-1186],[-2184,-951],[-767,-907],[147,-836],[-965,-295],[-625,-1421],[-347,307],[35,947],[-943,767],[-2906,622],[-5015,-524],[-2066,-748],[-2136,1036],[-1956,133],[-5811,-78],[-1765,278],[-13328,-369],[-6343,-541],[-6646,-1181],[-5192,-1420],[-6936,-2609],[-5341,-2687],[-6363,-3715],[-876,-392],[-1163,-11],[-368,-419],[-6057,-2735],[-1655,-1135],[-2391,-678],[-3409,-1904],[-8466,-5213],[-6924,-4975],[-9121,-8315],[-2,351]],[[749445,225460],[557,908],[-287,1284],[-854,1662],[-193,-87],[-2094,-2182]],[[733956,211059],[-958,-1122],[-1979,226]],[[715863,208752],[-929,2107],[-1409,1066],[-189,-487],[-415,-168]],[[711858,212031],[-2753,26],[-3476,-1466]],[[699103,211924],[272,-1049]],[[669002,211149],[341,370],[-826,155]],[[663338,216006],[-1003,-295],[60,458]],[[658779,219416],[-760,186],[-796,-602]],[[656631,218635],[-190,-427],[-431,666]],[[654639,218255],[-405,-73],[-545,366]],[[653093,218904],[-220,517],[-655,-1296]],[[647733,220719],[-761,-903],[-411,960]],[[645656,223121],[-162,118],[-743,-185],[-26,-334],[-688,202]],[[632102,221178],[-1652,-390],[-802,588]],[[628569,225494],[-183,548],[-516,-326]],[[626935,225511],[-714,466],[-144,-656]],[[625301,225552],[32,-1259],[-243,62]],[[624959,225199],[-530,186],[-293,-669],[-710,385]],[[623426,225101],[-243,-619],[-923,-896],[-369,269]],[[621891,223855],[-419,-289],[-135,1020],[-616,600],[-289,790],[-393,30]],[[620039,226006],[126,-1031]],[[620165,224975],[-687,162],[140,1593],[-399,-21],[-596,526],[-320,-871],[-285,1018],[-558,178],[-519,-137],[-432,-2210]],[[616509,225213],[-686,-819]],[[615823,224394],[138,-788],[-599,-12],[-587,-412],[-167,-491],[-231,369],[-334,-465]],[[614043,222595],[-367,81],[-247,953],[-122,-555],[-854,-271],[-30,-735],[-1019,-551],[3484,58065],[-268,837],[1213,1175],[-131,644],[434,662],[-348,1278],[-588,144],[-239,1186],[-873,1696],[-133,1113]],[[613955,288317],[-622,1165],[-420,485],[-1547,341],[-1350,2199]],[[610016,292507],[-153,1034]],[[609863,293541],[-794,1605],[-423,-31],[-535,572],[-868,-1149],[12342,48357]],[[619585,342895],[11089,39885]],[[619986,209027],[200,560],[1886,-414],[322,2876],[-568,626],[271,912],[-305,902],[60,330],[857,-210],[1332,10082]],[[624041,224691],[516,677],[402,-169]],[[624959,225199],[131,-844]],[[625090,224355],[246,-61],[-35,1258]],[[625301,225552],[776,-231]],[[626077,225321],[147,656],[711,-466]],[[626935,225511],[-380,-511],[172,-600],[386,444],[307,1114],[450,-242]],[[627870,225716],[497,332],[202,-554]],[[628569,225494],[-410,-254],[555,-1760],[934,-2104]],[[629648,221376],[782,-585],[1672,387]],[[632102,221178],[728,723],[93,333],[-310,4],[220,1080],[274,44],[59,-315],[107,606],[767,-186],[66,-288],[479,394],[-8,-615],[284,532],[880,42],[284,-1035],[324,548],[80,-531],[-207,-240],[378,69],[472,-486],[206,242],[-47,-502],[229,320],[264,-122],[214,-823],[269,-191],[287,396],[-123,-318],[274,222],[-1,-343],[475,805],[261,-251],[477,257],[28,516],[359,377],[819,166],[228,-316],[-155,-566],[240,389],[392,-23],[-173,468],[263,271],[307,91],[82,-343],[110,380],[202,-176],[253,380],[413,-382],[-143,-303],[724,-230],[44,270],[145,-369],[254,280],[-212,493]],[[644037,222922],[698,-200],[10,328],[701,198],[210,-127]],[[645656,223121],[-391,-647],[66,-482],[490,134],[40,-392],[262,106],[-247,-347],[183,-205],[-124,-308],[314,113],[312,-317]],[[646561,220776],[404,-957],[768,900]],[[647733,220719],[236,-152],[-148,-371],[746,-452],[310,662],[913,63],[-189,-251],[456,-269],[198,190],[-123,-355],[314,-418],[293,-33],[246,439],[377,-1188],[476,-276],[360,318],[20,-501]],[[652218,218125],[661,1297],[214,-518]],[[653093,218904],[188,251],[16,-342],[297,447],[-120,-279],[215,-433]],[[653689,218548],[555,-368],[395,75]],[[654639,218255],[120,672],[485,227],[766,-280]],[[656010,218874],[552,-642],[69,403]],[[656631,218635],[447,52],[-58,279],[268,-252],[-65,286]],[[657223,219000],[782,602],[774,-186]],[[658779,219416],[-112,-229],[508,-543],[501,414],[156,-327],[275,186],[295,-744],[369,-315],[361,149],[339,-1126],[381,16],[-119,-424],[662,-304]],[[662395,216169],[-73,-451],[1016,288]],[[663338,216006],[-126,619],[492,-383],[93,352],[292,-196],[312,241],[416,-501],[-298,-209],[235,-145],[99,-682],[558,80],[-12,-589],[687,51],[-161,-360],[190,-664],[255,250],[42,-383],[291,52],[-114,226],[251,248],[-30,-257],[222,30],[-258,-329],[196,110],[53,-305],[146,244],[314,-551],[263,19],[122,-973],[452,120],[197,-447]],[[668517,211674],[822,-150],[-135,-420],[-202,45]],[[669002,211149],[435,-249],[-229,-617],[678,-160],[-287,-938],[-372,-154],[0,-954],[246,-533],[594,410],[118,-492],[-501,-183],[518,-109],[15,-472],[209,484],[182,-260],[319,136],[-135,-1126],[370,-74],[138,-630],[59,734],[408,67],[139,-449],[-35,643],[1224,1695],[-61,430],[16266,-3555],[4364,885],[1069,-841],[1303,617],[880,-406],[143,-385],[712,6047],[484,1179],[-900,1167],[1421,-1193],[599,-988]],[[699375,210875],[-356,988],[84,61]],[[699103,211924],[624,-1267],[495,1328],[882,397],[1167,-920],[790,-1316],[1085,-294],[953,82],[530,657]],[[705629,210591],[3600,1494],[2629,-54]],[[711858,212031],[1063,-761]],[[712921,211270],[789,623],[1282,-1116],[871,-2025]],[[715863,208752],[628,-4103],[-342,-2964],[620,-1497],[797,-863],[1212,1474],[408,906],[137,1265],[-369,3021],[1280,2334],[414,-97],[-56,-610],[359,-583],[-256,-239],[252,141],[28,-340],[-1356,-557],[208,-556],[552,-309],[1514,1237],[903,-52],[991,787],[431,-827],[1113,-44],[1097,2444],[1671,1476],[946,-1000],[1083,201],[891,766]],[[731019,210163],[1903,-275],[1034,1171]],[[733956,211059],[1172,2216],[2535,2325],[156,2560],[296,294],[814,-295],[1579,2015],[1559,1179],[101,2383],[985,1290],[2349,1371],[241,644],[831,4]],[[746574,227045],[2266,2280],[875,-1673],[285,-1210],[-87,-508],[-468,-474]],[[749445,225460],[-2030,-1385],[-200,-2267],[905,-694]],[[748120,221114],[-6,-383],[-9685,-10523],[-8971,-10655],[-5959,-7529],[-35016,-48215],[-4839,-7053],[-3746,-4805],[-10734,-15903],[-6696,-10927],[-4860,-7135],[-2068,-2376],[-2932,-4817],[-865,-2154],[-1555,-859],[-4431,416],[-3438,-2253],[-1212,-290],[-1789,-987],[-1063,-824],[-1891,-2749],[-1890,-4704],[-2686,-2434],[-3482,-834],[-773,496],[-2211,-928],[-1900,-1567],[-2421,-3309],[-1498,-879],[-850,207],[-895,1082],[-1286,830],[-2722,1125],[-1315,-629],[-1618,1098],[-3152,3205],[-1644,4042],[-86,1669],[257,947],[-781,117],[-560,-564],[-573,-173],[-1052,434],[-327,-240],[-221,400],[-180,-167],[-185,11],[-959,822],[134,2026],[-798,1538],[184,1504],[-218,1045],[372,-219],[90,72],[63,180],[-59,249],[-397,319],[88,300],[-139,146],[-47,-133],[-211,119],[-144,-64],[-10,-103],[167,-332],[-64,-110],[-249,66],[28,326],[-155,-300],[318,-163],[144,153],[-153,452],[307,-84],[155,72],[-70,-349],[425,-376],[-33,-354],[-314,479],[-1273,-312],[-1113,841],[-151,1188],[-410,247],[-910,-675],[-56,323],[-40,-224],[-233,509],[-66,63],[-94,24],[355,-606],[-129,-131],[23,-131],[365,45],[-45,-1131],[-499,-727],[-201,671],[-50,-214],[-135,341],[-166,15],[53,99],[-28,56],[94,142],[11,63],[-246,-1],[99,-376],[346,-398],[158,-402],[-196,325],[-197,101],[-45,-31],[570,-679],[-26,-304],[-572,-196],[-1374,510],[-1616,-813],[-474,122],[98,-1349],[-208,-136],[-489,242],[-154,870],[-338,-545],[-432,532],[-496,-48],[-290,921],[135,169],[-482,341],[206,314],[-52,489],[270,9],[-20,-373],[27,64],[63,283],[-162,136],[-226,-108],[-165,-848],[337,-669],[-978,324],[-1239,-311],[-151,148],[113,36],[45,429],[-58,165],[-128,-631],[185,-233],[-456,-452],[-157,618],[-169,-537],[197,195],[108,-306],[58,-30],[35,74],[21,-20],[-325,-609],[-1381,239],[-186,904],[160,395],[-214,235],[478,706],[37,297],[-142,129],[90,-413],[-520,-653],[149,-427],[-184,-635],[-669,-242],[-199,399],[16,191],[-107,217],[-276,108],[12,106],[-89,242],[141,-7],[41,27],[24,61],[-25,83],[-150,50],[162,-127],[-209,-85],[57,-369],[523,-776],[-204,-284],[-781,-299],[-396,201],[-449,-119],[-108,175],[-164,86],[191,-244],[-462,-13],[564,-75],[375,143],[451,-297],[590,306],[125,-287],[-368,-2078],[-641,132],[-500,-1179],[78,523],[-113,109],[-103,-39],[141,-268],[-296,-525],[-509,901],[-97,-7],[-59,-63],[-77,-259],[-20,-222],[-86,106],[-16,-161],[113,57],[203,503],[133,-603],[298,-73],[-82,-266],[369,-12],[-243,-1111],[-269,146],[-93,-38],[318,-297],[-92,-297],[-564,415],[73,-190],[-784,62],[17,162],[-183,137],[62,77],[76,-68],[66,42],[42,171],[-29,54],[-32,17],[-299,-329],[322,-443],[-286,-301],[17,-347],[-451,77],[294,-218],[382,220],[214,-720],[702,686],[289,-691],[-346,-1328],[341,-190],[-739,-588],[-234,499],[-183,-606],[-157,860],[-685,211],[73,848],[-320,-59],[-344,-894],[1,-1086],[-274,-290],[469,-120],[-73,441],[276,-267],[554,-2114],[440,-520],[284,-1661],[1661,-1253],[827,-2597],[153,-2848],[625,-1749],[822,-403],[1229,375],[1237,881],[1259,-360],[-501,-266],[-85,-1777],[-289,-863],[248,-3964],[280,-505],[13,-781],[-250,-145],[249,97],[69,-339],[-16,-1890],[1729,-1038],[13,-783],[766,-1357],[-607,-2243],[141,-2181],[275,-851],[1062,-420],[2355,487],[816,1674],[170,1420],[395,375],[37,961],[1178,962],[64,667],[591,759],[1073,403],[717,1183],[1477,60],[1241,1793],[327,-327],[1410,387],[419,-603],[246,236],[634,3338],[94,2536],[-209,686],[102,1369],[281,487],[-262,952],[696,311],[139,835],[813,397],[288,2010],[-243,889],[208,404],[347,-256],[389,447],[556,-588],[2337,-269],[556,-1942],[326,-3633],[-633,-5097],[379,-1060],[-687,-2729],[-216,-2591],[209,-1216],[535,-1000],[535,-228],[347,218],[189,-274],[-266,-1522],[602,-633],[-170,-2733],[401,-406],[-338,-478],[-235,208],[-551,-342],[27,-412],[-286,-285],[-291,148],[-2634,-6300],[-1587,-6272],[1014,-2833],[52,-1426],[-441,-832],[-1058,-220],[-50,-660],[147,-1065],[576,-781],[516,-88],[304,785],[792,-453],[962,86],[318,-513],[526,-153],[483,-812],[87,394],[96,-49],[95,-426],[-298,-202],[-346,497],[-708,-520],[783,-1301],[-587,-132],[-314,321],[-239,-520],[378,-944],[219,-92],[236,635],[196,-222],[329,-1145],[531,537],[-361,-2221],[548,477],[463,-1551],[-273,-209],[-97,-988],[-462,768],[-281,-497],[-1054,775],[-900,1443],[-899,-478],[-434,-1468],[-1437,-291],[-478,-1560],[-134,-2043],[1150,-1171],[239,32],[83,502],[349,-453],[-514,-795],[-223,-2668],[-288,-353],[-651,251],[-44,-525],[418,-601],[-697,-254],[-245,-1506],[563,-805],[-31,-600],[-383,-70],[-259,940],[-648,19],[-907,-1089],[-924,-99],[-388,-551],[-473,63],[-178,178],[208,321],[-395,483],[60,787],[-1481,-2178],[108,455],[-1318,343],[-1195,1375],[-762,-42],[-355,2922],[-289,-30],[-600,781],[-25,968],[-1163,1710],[-277,962],[-21,1879],[400,242],[1288,-386],[431,972],[197,1519],[-90,1208],[-722,228],[-35,1012],[-434,616],[-288,81],[-799,-744],[-411,267],[950,2013],[-401,867],[-1123,753],[-720,-1187],[-158,634],[364,875],[-6,734],[-535,944],[-653,-201],[-540,327],[-301,-895],[-30,287],[-510,174],[180,719],[669,361],[82,655],[-328,852],[-875,961],[-781,1989],[-1042,194],[-53,-523],[-273,-153],[-564,975],[-888,-432],[-49,387],[958,238],[396,446],[726,-170],[381,1936],[-370,796],[75,843],[-1366,2947],[-2354,7160],[-5194,9484],[-1157,571],[-6188,7138],[-2757,2118],[-2852,1430],[-2467,429],[-1934,-488],[-2463,-2304],[33,-522],[-1255,-3419],[-90,-2301],[128,-424],[548,-191],[-210,-149],[-62,-936],[470,-894],[143,-1433],[-270,117],[-257,-781],[-423,-31],[-492,-893],[-217,153],[-557,-905],[-364,-27],[-402,-925],[-552,11],[-502,-416],[-543,270],[-271,-491],[-689,520],[-410,-348],[-48,297],[-357,-86],[-237,344],[-1085,-325],[-578,-1226],[-533,-626],[-192,122],[-531,-889],[-257,1137],[-355,68],[-51,871],[-381,169],[349,928],[-531,245],[458,1315],[-38,808],[290,377],[-456,2588],[-1026,3330],[-508,746],[153,501],[-536,3926],[-870,1714],[-1900,7307],[-4022,9095],[-4169,7596],[-2192,3161],[-2177,2505],[-2006,1778],[-571,1040],[81,358],[1061,-68],[854,-603],[1278,-2],[629,-1311],[1297,-944],[987,122],[314,-203],[-57,-320],[216,362],[945,-190],[213,-678],[-641,-1107],[549,-1515],[412,-277],[99,-771],[658,-62],[1023,-953],[1156,-414],[454,-993],[358,-113],[5,379],[708,-588],[-246,280],[243,437],[-353,635],[103,541],[-955,859],[-2,1750],[-1191,2565],[-280,1219],[196,760],[-280,-216],[-177,356],[504,1335],[-940,-104],[135,434]],[[538684,95983],[-352,548],[411,448],[-375,77],[-32,1715],[-668,-110]],[[537668,98661],[-49,261],[901,8310]],[[538520,107232],[-5345,-3983],[-449,850],[1288,6170],[-2059,330],[529,5389],[-3662,634],[152,1905],[-1058,185],[-262,-2692],[-2188,413],[242,3887],[-680,2001],[125,713]],[[525153,123034],[-896,1558],[-1160,995],[-385,1616]],[[522712,127203],[212,-80],[271,2664],[-264,48],[66,701],[1319,-243],[41,1399],[-322,66],[1343,12364],[-560,1437],[347,962],[-154,1049],[-368,488],[-2082,408],[-679,626],[-1800,2463],[-569,2334],[-1215,-91],[-1161,1434],[-1983,731]],[[515154,155963],[400,3433],[-228,-105],[253,2738],[323,3016]],[[515902,165045],[717,-678],[680,581],[689,-19],[810,719],[-47,-465],[4675,-918],[135,1428],[1048,-166],[-144,-1364],[1008,-188],[109,1053],[3650,-703]],[[529232,164325],[305,2849]],[[529537,167174],[2894,-563],[-296,237],[15,739],[374,773],[-288,692],[1343,-270],[111,993],[3109,-622],[54,-930],[435,83],[867,-498],[-149,-131],[323,-373],[-178,-260],[393,-1109]],[[538544,165935],[-4,-858],[632,-862]],[[539172,164215],[-103,-665]],[[539069,163550],[822,-852],[-189,-78]],[[539702,162620],[89,-618],[344,-422],[-355,-3307],[3853,-758],[46,478],[1496,-304],[131,1410],[826,-112],[-56,-2334],[598,-102],[-139,-1445],[2001,-433],[-605,1431],[110,990],[4271,-825],[134,1434],[1339,-249],[42,452],[1231,-235],[224,2252],[1166,-208],[-130,-1284],[1246,-249],[-146,-1312],[2241,-392],[517,-592],[1407,623],[266,-326],[874,-106],[2184,1587],[-511,581],[1601,1944],[1004,-1574],[151,858],[1797,-2732],[679,500],[2847,-6653],[2839,2382],[1382,-284],[190,1689],[2999,-642],[374,3304],[1009,-225],[234,2123],[1435,-831],[205,212],[1277,-281]],[[584419,158035],[975,2680]],[[585394,160715],[3258,-685],[886,1045],[602,-506],[1290,863],[4132,-953],[289,603],[273,-628],[-260,-229],[247,-208],[-43,-713],[868,-541],[551,-1581],[539,683],[868,-259],[352,347],[781,-442],[1124,589],[715,-557],[806,-1930],[1299,-237],[725,398],[-51,-680],[2278,-648],[229,-366],[-38,323],[2928,-354],[45,379],[529,-116],[404,-707],[687,-210],[45,374],[390,-906],[299,433],[376,-234]],[[612817,153062],[-87,775],[865,-220]],[[613595,153617],[66,532]],[[613661,154149],[440,-862],[849,532],[-264,576],[-4,131]],[[614682,154526],[280,-437],[332,17],[-361,-3002],[846,-177],[-326,-510],[163,-469],[-315,-140],[187,-844],[311,218]],[[615799,149182],[553,-1701],[-294,-1188]],[[616058,146293],[225,-704],[-196,-9],[-192,-1736],[1056,-4],[-554,526],[404,222],[1040,-152],[1403,-2592],[-117,-869],[3994,-914],[1282,11617],[564,1572],[-251,409],[559,440],[48,495],[231,73],[-93,632],[206,-75],[61,403],[-207,687],[191,199],[-14,1033],[-364,535],[-261,1308],[136,881],[342,87],[870,1703],[634,156],[1086,1901],[-71,1892],[681,1393],[-5,774],[-214,97],[501,913],[10,1131],[801,1532],[338,131],[-9,331],[451,-54],[323,1161],[816,365],[-150,1179],[189,274],[-335,628],[258,572],[-108,489],[494,517],[524,-137],[442,1014],[743,-86],[613,982],[164,467],[-425,630],[133,803],[485,365],[560,1756],[669,795],[-110,434],[306,703],[884,830],[626,2353],[-159,657],[331,1331],[-466,452],[-430,-51],[-200,799],[-152,-1029],[-412,-453],[-472,171],[85,295],[-488,703],[-1571,-644],[-280,432],[-842,-434],[-830,583],[-687,-386],[-77,338],[-445,-138],[-190,305],[-34,415],[319,-92],[35,232],[-1174,323],[103,-687],[-466,-222],[-121,-459],[-213,224],[-218,-312],[-427,52],[-61,-902],[-1209,-285],[-925,-794],[1,923],[-238,-458],[-81,341],[-208,-552],[-477,787],[42,404],[-335,-369],[-434,709],[-1122,-331],[-859,330],[205,948],[-195,507],[604,244],[-59,392],[396,104],[135,-343],[350,247],[-178,155],[64,714],[-402,-22],[148,147],[-238,370],[-20,502],[255,309],[-191,92],[171,366],[-321,20],[131,1330],[564,437],[-213,365],[86,446],[770,288],[374,2586],[2474,6343],[-5223,1202],[-93,-767],[-2055,478],[109,1008]],[[472085,251847],[-807,-1489],[-52,-1070],[-429,-563],[188,-364]],[[470985,248361],[-772,-458],[47,-711],[-699,-638],[-428,-2629],[9,-383],[490,-454]],[[469632,243088],[-35,-788],[580,-787]],[[470177,241513],[53,-589],[683,-430]],[[470913,240494],[164,-478],[-115,-479],[-441,-341]],[[470521,239196],[200,-1008]],[[470721,238188],[-5832,1151]],[[464889,239339],[-942,1507],[1388,12026]],[[465335,252872],[3797,-782],[2941,885],[12,-1128]],[[437169,282054],[-662,50],[-161,655],[-380,-283],[-691,1147],[-591,-298],[-441,254],[-173,614]],[[434070,284193],[-1330,166],[-243,921]],[[432497,285280],[-431,378],[186,270],[-316,655],[-407,16],[-697,787],[-169,1762],[-1107,352],[252,2795]],[[429808,292295],[1965,-362]],[[432339,292632],[542,-423],[438,337],[377,1657],[-243,639],[268,1252],[-386,1273]],[[438327,298022],[2262,-277],[753,-1132],[677,113],[436,-867]],[[442455,295859],[238,88],[-77,-464]],[[442616,295483],[316,-252],[304,-1167],[-506,-532]],[[442730,293532],[663,-889],[-25,-1274],[714,-222],[431,-581],[48,-886]],[[444561,289680],[565,-727]],[[445126,288953],[-5067,1198],[325,-1705],[-632,-1973],[-425,-802],[-374,122],[121,-510],[-351,-384],[-63,-777],[-469,-714],[-671,-358],[-351,-996]],[[477763,142367],[625,826],[257,2047],[-85,489],[-504,208],[127,199],[-665,-117],[-6,233],[916,80],[276,645],[-449,4206],[593,2004],[475,5049],[668,2516],[-308,452],[49,1055],[198,955],[371,211],[-291,184],[-48,1087],[131,565],[434,348],[1508,-72],[1479,-1367],[1027,-345],[942,-2345],[953,-1115],[2354,-759],[1572,68],[3215,1708],[1588,-692],[2637,354],[448,-327],[9,262],[1243,-2273],[246,-1591],[1302,-1850],[830,-622],[430,24],[283,-867],[1218,-1834],[15,-294],[-258,249],[-2429,-1904],[-313,-641],[-2221,-28],[-717,-378],[-113,-602],[-594,539],[-1935,-570],[-721,312],[-985,-119],[-2233,-2709],[-83,-1094],[447,-567],[-148,68],[-34,-696],[-887,-643],[173,-1345],[-664,-74],[-106,-552],[-332,94],[-130,755],[-416,350],[-1068,-534],[-344,-1046],[-446,-432],[-198,-1146],[-406,27],[-700,1059],[-599,401],[-385,101],[-486,-548],[-507,716],[-555,-361],[-262,1138],[-704,985],[-701,65],[-491,593],[-1271,487],[-682,-248],[-811,465],[301,-345],[358,-1494],[-553,-329],[-192,-570],[-520,21],[75,870],[-551,310],[334,65]],[[489240,139431],[-399,-287],[-271,525],[308,991],[362,-1229]],[[467246,196787],[899,-936],[582,623],[3034,-668],[-119,-1104],[699,-148],[154,1396],[919,-129]],[[473414,195821],[-1584,-15671],[1651,-2494]],[[473481,177656],[2733,-605]],[[476214,177051],[-248,-409],[341,-81],[24,-1189],[-413,223],[34,-410],[303,-820],[522,-223],[221,-700],[-1270,-899],[112,-388],[-221,3],[-252,-962],[-2618,-4430],[-208,-2480],[108,-721],[392,-70],[-50,-1006],[-273,-422],[97,-795],[521,-328],[-104,-457],[-417,720],[3,-1912],[-1238,1152],[-1,843],[-789,128],[-131,845],[-599,104],[-404,-646],[293,-1498],[255,-248],[-217,-752],[-313,354],[-70,-211],[326,-1236],[-303,-494],[-216,167],[-152,423],[-53,21],[197,-554],[268,-304],[-55,-679],[298,-133],[-34,-723],[786,-802],[96,-792],[401,-391],[614,176],[-52,-370],[466,-730],[961,306],[94,-1871],[-395,-39],[-63,1193],[-627,-19],[-538,-1334],[166,-2273],[655,-877],[406,384],[116,-296],[-331,-194],[-112,-873],[-673,-294],[-1485,1168],[-190,1120],[-551,626],[-280,-69],[-15,-1489],[-847,200],[-113,-564],[1241,-253],[162,-468],[841,-136],[1326,-949],[336,-1106],[-122,-731],[555,-561],[-94,-353],[466,93],[277,-324],[88,-1050],[566,-236],[-87,-677],[-3248,874],[-2077,1266],[-1443,386],[-497,-231],[-1721,854],[-2217,448],[-774,-288],[-224,-482],[-283,209],[-514,-300],[-529,-1098],[-1364,-280]],[[459033,142357],[459,3498],[-775,-511],[0,2550],[534,5],[-14,3822],[645,122],[-1144,2865]],[[458738,154708],[-577,2867]],[[458161,157575],[5952,1],[-2,12711],[1027,7347],[-2859,792],[272,1558],[-512,1488]],[[462039,181472],[735,1033]],[[462774,182505],[705,-299],[913,588],[481,-80],[180,404],[2009,8671],[-16,5060],[200,-62]],[[450688,252557],[417,661],[-727,1091],[-385,-158],[-205,239],[-230,1620],[111,875],[4876,-1014]],[[454545,255871],[-84,-780],[2291,-468],[117,1064]],[[456869,255687],[2271,-473],[-573,-5748],[-4618,909]],[[453949,250375],[-156,-1128]],[[453793,249247],[-1319,1059],[-195,1395]],[[452279,251701],[-1180,208],[-411,648]],[[458848,269139],[-289,-61]],[[458559,269078],[-418,-970]],[[458141,268108],[-1026,563],[-78,-946]],[[457037,267725],[-275,467]],[[456762,268192],[-234,-369],[356,-442],[-751,72],[-73,-365],[426,197],[266,-735]],[[456752,266550],[-309,-981],[-546,57]],[[455897,265626],[571,-1234],[-607,463],[-196,-221],[-220,-2184],[-746,686],[-564,-496],[-137,249],[-119,-520]],[[453879,262369],[262,-15],[-91,-221]],[[454050,262133],[-809,998],[-426,-57],[-405,-793],[-345,408]],[[452065,262689],[184,541],[-469,104],[172,747],[-212,493],[305,-13],[0,380],[-505,-4],[-157,1053]],[[451383,265990],[-337,276],[240,678],[-99,472],[353,216],[-184,385],[98,772],[513,783],[-300,194],[192,399],[-347,1150],[907,1024],[-178,1001]],[[452241,273340],[2469,-477],[70,1083],[668,-129],[172,-375],[192,1054],[776,935],[427,-79],[-47,-489]],[[456968,274863],[3041,-597],[-199,-195],[321,-460]],[[460131,273611],[-345,-52],[140,-509],[-436,-667]],[[459490,272383],[570,-409],[-249,-300],[98,-428],[-599,-480],[53,-757]],[[459363,270009],[-515,-870]],[[438327,298022],[-400,333],[350,-2372],[-1350,277],[-27,-495],[-1024,229],[113,817],[-2654,556]],[[433335,297367],[384,-1084],[-262,-1381],[239,-695],[-183,-1100],[-417,-830],[-757,355]],[[432339,292632],[-566,-699]],[[431773,291933],[-3960,747]],[[427813,292680],[150,1483],[-897,1310],[-800,-90],[-298,777]],[[425968,296160],[705,137],[-110,353],[1207,1159],[-1312,597]],[[426458,298406],[787,-93],[-16,539],[335,159],[-533,276],[9,554],[-463,-22],[321,745],[362,-78]],[[427260,300486],[-502,985],[1096,109]],[[427854,301580],[380,646],[-331,427],[-21,738],[703,719],[213,-100],[544,897],[-399,504],[247,639],[-393,72],[138,578],[398,-147],[735,512],[-94,-806],[443,862]],[[430417,307121],[229,-309],[-119,-378],[414,-227],[189,253],[-351,566],[472,63],[100,714],[-241,310],[540,-113],[19,580],[393,55],[-280,584],[482,234],[-884,1017],[207,707],[190,-649],[196,923],[373,-204],[42,553],[-414,50],[318,810],[293,-691],[94,474],[587,438],[39,1066],[457,901],[-592,299],[292,421]],[[433462,315568],[-348,487],[564,239],[-393,474],[511,-308],[358,578],[237,-641],[611,88],[1,391],[-259,152],[747,990],[-148,550],[990,123],[-21,495],[-443,132],[576,275],[-551,467],[353,1304],[-169,324],[655,-128],[-183,890],[370,-187],[-96,1038],[357,441],[261,-173],[94,657],[-413,195],[-363,-345],[-234,661],[-572,229],[726,509],[-184,171],[173,1338],[-436,161],[519,555],[-383,345],[414,159],[137,763],[-371,300],[463,414],[-163,519],[249,187],[-439,350],[392,127],[-157,507],[-583,15],[22,735],[830,115]],[[437163,332236],[188,615],[-217,489]],[[437134,333340],[-151,-110],[73,391],[-346,65],[618,505],[-237,177],[19,662]],[[437110,335030],[-398,394],[639,111]],[[437351,335535],[-115,377],[429,676],[499,3850],[242,138],[133,1161],[398,480]],[[438937,342217],[18,453],[867,45]],[[439822,342715],[192,-1217]],[[440014,341498],[229,-118],[694,-39]],[[440937,341341],[83,831],[2821,-607],[486,356],[515,-555],[2331,-522],[89,793],[1240,-1055],[-225,-1411],[2545,-518]],[[450822,338653],[-1250,-2775],[-1901,-2055],[-1638,-3407],[-105,-1376]],[[445928,329040],[2134,-428],[-755,-7531],[-1372,-6057],[-647,-312],[-154,-383],[189,-753],[-383,-1157],[378,-320],[20,-490],[-319,-303],[-103,-728],[-413,132]],[[444503,310710],[-1673,-2042],[23,-915],[1280,-1989],[-253,-1361]],[[443880,304403],[235,-1234],[-327,-768],[100,-351],[-747,-609],[254,-1702],[-331,-2],[-315,-1002],[-75,-2035]],[[442674,296700],[-622,-10],[-710,-77],[-914,1197],[-2101,212]]]}