{"type":"Topology","objects":{"data":{"geometries":[{"properties":{"LGA_CODE25":"20110","LGA_NAME25":"Alpine","is_split":false,"primary_district":"Ovens Valley District","primary_pct":99.97,"district_count":1.0},"type":"Polygon","arcs":[[-1973,0,-1971,1,-1969,-760,2,-1961,3,-1959,4,-1957,5,-1955,6,-1953,7,-1951,8,-1949,9,-1947,10,-1945,11,-1943,12,-1941,13,-487,14,-485,15,-483,16,-481,17,-479,18,-477,19,-475,20,-473,21,-471,22,-469,23,-467,24,-465,25,-463,26,-461,27,-459,28,-457,29,-455,30,-453,31,-1995,32,-2065,33,-2063,34,-2061,35,-1975,36],[2449],[-2453,37,-2451,38,-2457,39,-2455,40]],"id":0},{"properties":{"LGA_CODE25":"20260","LGA_NAME25":"Ararat","is_split":true,"primary_district":"Lowan District","primary_pct":70.96,"district_count":2.0},"type":"Polygon","arcs":[[41,-1647,42,-1645,43,-1643,44,-1641,45,-1717,46,-1715,47,-1713,48,-1711,49,-1709,50,-1707,51,-347,52,-345,53,-343,54,-341,55,-1446,56,-1444,57,-1773,-1615]],"id":1},{"properties":{"LGA_CODE25":"20570","LGA_NAME25":"Ballarat","is_split":true,"primary_district":"Ripon District","primary_pct":74.44,"district_count":3.0},"type":"Polygon","arcs":[[58,-1299,59,-1297,60,-1345,61,-1343,62,-1341,63,-552,64,-550,-1663,65,-659,66,-672]],"id":2},{"properties":{"LGA_CODE25":"20660","LGA_NAME25":"Banyule","is_split":true,"primary_district":"Ivanhoe District","primary_pct":49.96,"district_count":3.0},"type":"Polygon","arcs":[[-1552,67,-976,68,-974,69,-972,70,-970,71,-968,72,-966,73,-964,74,-962,75,-960,76,-958,77,-956,78,-954,79,-952,80,-177,81,-175,82,-173,83,-171,84,-169,85,-167,86,-165,87,-2317,88,-425,89,-423,90,-421,91,-419,92,-417,93,-2244,94,-1554,95]],"id":3},{"properties":{"LGA_CODE25":"20740","LGA_NAME25":"Bass Coast","is_split":true,"primary_district":"Bass District","primary_pct":98.94,"district_count":1.0},"type":"MultiPolygon","arcs":[[[-1732,96,-262,97,-260,98,-1734,99]],[[100]],[[101]],[[102]],[[103]],[[104]],[[105]],[[106]],[[107]]],"id":4},{"properties":{"LGA_CODE25":"20830","LGA_NAME25":"Baw Baw","is_split":false,"primary_district":"Narracan District","primary_pct":99.98,"district_count":1.0},"type":"Polygon","arcs":[[-255,108,-253,109,-251,110,-249,-2405,111,-2403,112,-2401,113,-2399,114,-2397,115,-2395,116,-2393,117,-2391,118,-1029,119,-1027,120,-1025,121,-1023,122,-1021,-2052,123,-2050,124,-2048,125,-2046,126,-831,127,-829,-1729,128,-257,129],[2485]],"id":5},{"properties":{"LGA_CODE25":"20910","LGA_NAME25":"Bayside (Vic.)","is_split":true,"primary_district":"Sandringham District","primary_pct":53.46,"district_count":2.0},"type":"Polygon","arcs":[[-1633,130,-526,-767,131]],"id":6},{"properties":{"LGA_CODE25":"21010","LGA_NAME25":"Benalla","is_split":false,"primary_district":"Euroa District","primary_pct":99.91,"district_count":1.0},"type":"Polygon","arcs":[[-1990,132,-1988,133,-1986,134,-1984,135,-1982,136,-1018,137,-1016,138,-1014,139,-1012,140,-1010,141,-1008,142,-1006,143,-1004,144,-1002,145,-1829,146,-1827,147,-651,148,-1207]],"id":7},{"properties":{"LGA_CODE25":"21110","LGA_NAME25":"Boroondara","is_split":true,"primary_district":"Kew District","primary_pct":51.48,"district_count":4.0},"type":"Polygon","arcs":[[-944,149,-942,150,-940,151,-938,152,-2174,-1234,153,-1806,154,-1804,155,-2333,156,-2331,157,-2329,158,-2327,159,-2325,160,-2323,161,-2321,162,-2319,163,164,165,166,167,168,169,170,171,172,173,174,175,176,177,-950,178,-948,179,-946,180]],"id":8},{"properties":{"LGA_CODE25":"21180","LGA_NAME25":"Brimbank","is_split":true,"primary_district":"St Albans District","primary_pct":28.4,"district_count":6.0},"type":"Polygon","arcs":[[181,-1290,182,-1288,183,-1286,184,-1057,185,-687,186,-2281,187,-1104,188,-734,189,-732,190,-730,191,-728,192,-726]],"id":9},{"properties":{"LGA_CODE25":"21270","LGA_NAME25":"Buloke","is_split":false,"primary_district":"Mildura District","primary_pct":99.99,"district_count":1.0},"type":"Polygon","arcs":[[-2439,193,-1148,194,-1146,195,-1144,196,-1142,197,-1896,198,-1910,199,-1908,200,-1906,201,-524,202,-522,203,-520,204,-875,205,-1558,-2441,206]],"id":10},{"properties":{"LGA_CODE25":"21370","LGA_NAME25":"Campaspe","is_split":true,"primary_district":"Murray Plains District","primary_pct":63.81,"district_count":2.0},"type":"Polygon","arcs":[[-845,207,-843,208,-841,209,-839,210,-837,211,-515,212,-513,213,-511,214,-1227,215,-1225,216,-1223,217,-1221,218,-1219,219,-1217,220,-1215,221,-646,222,-657,-1816,223,-1878,-581,224,-847,225]],"id":11},{"properties":{"LGA_CODE25":"21450","LGA_NAME25":"Cardinia","is_split":true,"primary_district":"Narracan District","primary_pct":36.69,"district_count":5.0},"type":"Polygon","arcs":[[-282,226,-280,227,-278,228,-276,229,-274,230,-272,231,-270,232,-268,233,-266,234,-2432,235,-2430,236,-2428,237,-2426,238,-2424,239,-2422,240,-2420,241,-2418,242,-2416,243,-2414,244,-2412,245,-2410,246,-2408,247,-2406,248,249,250,251,252,253,254,255,256,257,-1727,258,259,260,261,262]],"id":12},{"properties":{"LGA_CODE25":"21610","LGA_NAME25":"Casey","is_split":true,"primary_district":"Bass District","primary_pct":35.77,"district_count":7.0},"type":"Polygon","arcs":[[-2361,263,-2434,264,265,266,267,268,269,270,271,272,273,274,275,276,277,278,279,280,281,282,-1351,283,-1349,-506,284,-619,285,-617,286,-615,287,-613,288,-611,289,-609,290,-773,291,-812,292]],"id":13},{"properties":{"LGA_CODE25":"21670","LGA_NAME25":"Central Goldfields","is_split":false,"primary_district":"Ripon District","primary_pct":99.97,"district_count":1.0},"type":"Polygon","arcs":[[-1651,293,-1612,294,-1610,295,-1608,296,-1606,297,-1604,298,-1602,299,-1600,300,-1598,301,-1596,302,-1594,303,-1592,304,-1590,305,-858,306,-856,307,-854,308,-852,309,-1378,310,-1376,311,-1440,312,-1438,313,-1436,314,-1434,315,-1432,316,-1430,317,-1428,318,-662,319,-1659,320,-1657,321,-1655,322,-1653,323]],"id":14},{"properties":{"LGA_CODE25":"21750","LGA_NAME25":"Colac Otway","is_split":false,"primary_district":"Polwarth District","primary_pct":100.0,"district_count":1.0},"type":"MultiPolygon","arcs":[[[-374,324,-372,325,-370,-567,-1894,326,-386,327,-384,328,-382,329,-380,330,-378,331,-376,332]],[[333]]],"id":15},{"properties":{"LGA_CODE25":"21830","LGA_NAME25":"Corangamite","is_split":true,"primary_district":"Polwarth District","primary_pct":92.98,"district_count":2.0},"type":"MultiPolygon","arcs":[[[-1458,334,-1456,335,-1454,336,-1452,337,-1450,338,-1448,339,340,341,342,343,344,345,346,347,-1705,348,-1703,349,-1701,350,-1699,351,-1697,352,-1695,353,-1693,354,-1691,355,-1689,356,-1687,357,-1685,358,-1683,359,-1681,360,-1679,361,-1677,362,-1675,363,-1673,364,-1671,-576,365,-574,366,-572,367,-570,368,-568,369,370,371,372,373,374,375,376,377,378,379,380,381,382,383,384,385,386,-1474,387,-1472,388,-1470,389,-1468,390,-1466,391,-1464,392,-1462,393,-1460,394]],[[395]],[[396]],[[397]],[[398]],[[399]],[[400]],[[401]],[[402]],[[403]],[[404]],[[405]],[[406]],[[407]],[[408]],[[409]],[[410]],[[411]],[[412]],[[413]],[[414]]],"id":16},{"properties":{"LGA_CODE25":"21890","LGA_NAME25":"Darebin","is_split":true,"primary_district":"Preston District","primary_pct":50.51,"district_count":3.0},"type":"Polygon","arcs":[[-2246,415,416,417,418,419,420,421,422,423,424,425,-2315,426,-2360,427,-2358,428,-2356,429,-2354,-1106,430,-1139,431,-1137,432,-1135,433,-1133,434,-1131,435,-1129,436,-1127,437,-1125,438,-1123,439,-1121,440,-1119,-2248,441]],"id":17},{"properties":{"LGA_CODE25":"22110","LGA_NAME25":"East Gippsland","is_split":false,"primary_district":"Gippsland East District","primary_pct":99.95,"district_count":1.0},"type":"MultiPolygon","arcs":[[[442,-2013,443,-2011,444,-2009,445,-2007,446,-2005,447,-2003,448,-2001,449,-1999,450,-1997,451,452,453,454,455,456,457,458,459,460,461,462,463,464,465,466,467,468,469,470,471,472,473,474,475,476,477,478,479,480,481,482,483,484,485,486,487,-1939,488,-1937,489,-1935,490,-1933,491,-1931,492,-1929,493,-1927,494,-1925,495,-1923,496,-1921,497,-1919,498,-1917,499,-1915,500,-1913]],[[501]]],"id":18},{"properties":{"LGA_CODE25":"22170","LGA_NAME25":"Frankston","is_split":true,"primary_district":"Carrum District","primary_pct":37.21,"district_count":4.0},"type":"Polygon","arcs":[[-1346,502,-765,503,-621,504,505,-1348,506]],"id":19},{"properties":{"LGA_CODE25":"22250","LGA_NAME25":"Gannawarra","is_split":false,"primary_district":"Murray Plains District","primary_pct":99.97,"district_count":1.0},"type":"Polygon","arcs":[[507,-1902,508,-1900,509,510,511,512,513,514,515,-835,516,-833,517,-877,518,519,520,521,522,523,524,-1904]],"id":20},{"properties":{"LGA_CODE25":"22310","LGA_NAME25":"Glen Eira","is_split":true,"primary_district":"Bentleigh District","primary_pct":42.54,"district_count":3.0},"type":"Polygon","arcs":[[525,526,-1631,527,-1814,528,-1812,529,-1810,530,-1231,531,-771,532,-769,533]],"id":21},{"properties":{"LGA_CODE25":"22410","LGA_NAME25":"Glenelg","is_split":true,"primary_district":"Lowan District","primary_pct":59.45,"district_count":1.0},"type":"Polygon","arcs":[[-2170,534,-2168,535,-1738,536,-1736,537,-1791,538,-1789,539,-1787,540,-1785,541,-1783,542,-1781,543,-1779,544,-1777,545,-1441,546,-1478,547,-2172,548]],"id":22},{"properties":{"LGA_CODE25":"22490","LGA_NAME25":"Golden Plains","is_split":true,"primary_district":"Eureka District","primary_pct":77.14,"district_count":3.0},"type":"Polygon","arcs":[[549,550,551,552,-1339,553,-1337,554,-1335,555,-1333,556,-1331,557,-1329,558,-1327,559,-1325,560,-630,561,-628,562,-1886,563,-1884,564,-1882,565,-1880,566,567,568,569,570,571,572,573,574,575,-1670,576,-1668,577,-1666,578,-1664]],"id":23},{"properties":{"LGA_CODE25":"22620","LGA_NAME25":"Greater Bendigo","is_split":true,"primary_district":"Bendigo East District","primary_pct":58.16,"district_count":3.0},"type":"Polygon","arcs":[[-849,579,580,-1877,581,-1157,582,-1155,583,-1153,584,-1202,585,-1200,-1413,586,-1411,587,-1409,588,-1407,589,-1405,590,-1403,591,-1401,592,-1399,593,-1397,594,-1395,595,-1393,596,-1391,597,-1389,598,-1387,599,-1385,600,-1383]],"id":24},{"properties":{"LGA_CODE25":"22670","LGA_NAME25":"Greater Dandenong","is_split":true,"primary_district":"Dandenong District","primary_pct":40.68,"district_count":5.0},"type":"Polygon","arcs":[[-763,601,-1229,602,-1264,603,-781,604,-779,605,-777,606,-775,607,608,609,610,611,612,613,614,615,616,617,618,619,620,621]],"id":25},{"properties":{"LGA_CODE25":"22750","LGA_NAME25":"Greater Geelong","is_split":true,"primary_district":"Lara District","primary_pct":55.66,"district_count":4.0},"type":"Polygon","arcs":[[-1721,622,-1723,623,-1892,624,-1890,625,-1888,626,627,628,629,630,-1323,631,-1321,632,-1319,633,-1317,634,-1315,635,-1313,636,-2309,637,-2307,638,-2305,639,-2303,640,-2301,641,-2299,642,-2297,643,-2295,644]],"id":26},{"properties":{"LGA_CODE25":"22830","LGA_NAME25":"Greater Shepparton","is_split":true,"primary_district":"Shepparton District","primary_pct":54.28,"district_count":3.0},"type":"Polygon","arcs":[[645,646,-1213,647,-1211,648,-1209,649,650,651,-1825,652,-1823,653,-1821,654,-1819,655,-1817,656,657]],"id":27},{"properties":{"LGA_CODE25":"22910","LGA_NAME25":"Hepburn","is_split":true,"primary_district":"Ripon District","primary_pct":51.18,"district_count":2.0},"type":"Polygon","arcs":[[658,659,-1661,660,661,662,-1426,663,-1424,664,-1422,665,-881,666,-879,667,-935,668,-933,669,-1301,670,671,672]],"id":28},{"properties":{"LGA_CODE25":"22980","LGA_NAME25":"Hindmarsh","is_split":false,"primary_district":"Lowan District","primary_pct":100.0,"district_count":1.0},"type":"Polygon","arcs":[[-1151,673,-2448,674,-2446,675,-691,676,-2145]],"id":29},{"properties":{"LGA_CODE25":"23110","LGA_NAME25":"Hobsons Bay","is_split":true,"primary_district":"Williamstown District","primary_pct":76.93,"district_count":3.0},"type":"Polygon","arcs":[[-1053,677,-1078,678,-1076,679,-2293,680,-2291,681,-2289,682,-2287,683,-2285,684,-2283,685,686,687,-1055,688]],"id":30},{"properties":{"LGA_CODE25":"23190","LGA_NAME25":"Horsham","is_split":false,"primary_district":"Lowan District","primary_pct":100.0,"district_count":1.0},"type":"Polygon","arcs":[[-2147,689,690,691,-2444,692,-1628,693,-1626,694,-1624,695,-1622,696,-1620,697,-1618,698,-1768,699,-1766,700,-1764,701,-1762,702,-1760,703,-1758,704,-1756,705,-1754,706,-1752,707,-1750,708,-1748,-2149,709]],"id":31},{"properties":{"LGA_CODE25":"23270","LGA_NAME25":"Hume","is_split":true,"primary_district":"Sunbury District","primary_pct":56.25,"district_count":4.0},"type":"Polygon","arcs":[[-2273,710,-2271,711,-2269,712,-2267,713,-2265,714,-2263,715,-2261,716,-2259,717,-2257,718,-2255,719,-2253,720,-2251,721,-2249,-1118,722,-1116,723,-1114,724,725,726,727,728,729,730,731,732,733,734,-1102,735,-926,736,-924,737,-922,738,-920,739,-918,740,-916,741,-914,742,-912,743,-910,744,-908,745,-906,746,-904,747,-902,748,-900,749,-898,750,-896,751,-894,752,-892,753,-890,754,-888,755,-1188,756]],"id":32},{"properties":{"LGA_CODE25":"23350","LGA_NAME25":"Indigo","is_split":false,"primary_district":"Benambra District","primary_pct":99.94,"district_count":1.0},"type":"Polygon","arcs":[[-2280,757,-1963,758,759,-1968,760,-1204,761]],"id":33},{"properties":{"LGA_CODE25":"23430","LGA_NAME25":"Kingston (Vic.)","is_split":true,"primary_district":"Clarinda District","primary_pct":40.74,"district_count":6.0},"type":"Polygon","arcs":[[762,763,764,765,766,767,768,769,770,771]],"id":34},{"properties":{"LGA_CODE25":"23670","LGA_NAME25":"Knox","is_split":true,"primary_district":"Rowville District","primary_pct":54.25,"district_count":3.0},"type":"Polygon","arcs":[[772,773,774,775,776,777,778,779,780,781,-1262,782,-1260,783,-1258,784,-1256,785,-1254,786,-1252,787,-1250,788,-1248,789,-1246,790,-1244,791,-1242,792,-1240,793,-1238,794,-1236,795,-2208,796,-2206,797,-2204,798,-2202,799,-2200,800,-2198,801,-2196,802,-2194,803,-2192,804,-2190,805,-2188,806,-1065,807,-1063,808,-1072,809,-2363,810,811,812]],"id":35},{"properties":{"LGA_CODE25":"23810","LGA_NAME25":"Latrobe (Vic.)","is_split":true,"primary_district":"Morwell District","primary_pct":63.59,"district_count":2.0},"type":"Polygon","arcs":[[813,-2044,814,-2042,815,-2040,816,-2038,817,-2036,818,-2034,819,-2032,820,-2030,821,-2028,822,-2026,823,-2024,824,-2022,825,-2020,826,-2018,827,-2016,-1730,828,829,830]],"id":36},{"properties":{"LGA_CODE25":"23940","LGA_NAME25":"Loddon","is_split":true,"primary_district":"Ripon District","primary_pct":45.77,"district_count":4.0},"type":"Polygon","arcs":[[831,832,833,834,835,836,837,838,839,840,841,842,843,844,845,846,847,848,-1382,849,-1380,850,851,852,853,854,855,856,857,858,-1588,859,-1586,860,-1584,861,-1582,862,-1580,863,-1578,864,-1576,865,-1574,866,-1572,867,-1570,868,-1568,869,-1566,870,-1564,871,-1562,872,-1560,873,874,875,876]],"id":37},{"properties":{"LGA_CODE25":"24130","LGA_NAME25":"Macedon Ranges","is_split":false,"primary_district":"Macedon District","primary_pct":99.97,"district_count":1.0},"type":"Polygon","arcs":[[877,878,879,880,881,-1420,882,-1196,883,-1194,884,-1192,885,-1190,886,887,888,889,890,891,892,893,894,895,896,897,898,899,900,901,902,903,904,905,906,907,908,909,910,911,912,913,914,915,916,917,918,919,920,921,922,923,924,925,926,-1100,927,-1098,-1309,928,-1307,929,-1305,930,-1303,931,932,933,934]],"id":38},{"properties":{"LGA_CODE25":"24210","LGA_NAME25":"Manningham","is_split":true,"primary_district":"Warrandyte District","primary_pct":64.57,"district_count":3.0},"type":"Polygon","arcs":[[-2178,935,-2176,936,937,938,939,940,941,942,943,944,945,946,947,948,949,950,951,952,953,954,955,956,957,958,959,960,961,962,963,964,965,966,967,968,969,970,971,972,973,974,975,976,-1550,977,-1548,978,-1546,979,-1544,980,-1542,981,-1540,982,-1538,983,-1536,984,-1534,985,-1532,986,-1530,987,-1528,988,-1526,989,-1524,990,-1522,991,-1520,992,-1518,993,-2369,994,-1068,995,-2184,996,-2182,997,-2180,998]],"id":39},{"properties":{"LGA_CODE25":"24250","LGA_NAME25":"Mansfield","is_split":false,"primary_district":"Eildon District","primary_pct":99.97,"district_count":1.0},"type":"Polygon","arcs":[[999,-1831,1000,1001,1002,1003,1004,1005,1006,1007,1008,1009,1010,1011,1012,1013,1014,1015,1016,1017,1018,-1980,1019,-2053,1020,1021,1022,1023,1024,1025,1026,1027,1028,1029,-2389,1030,-2387,-1497,1031,-1495,1032,-1493,1033,-1491,1034,-1489],[1035,-2463,1036,-2461,1037,-2459,1038,-2473,1039,-2471,1040,-2469,1041,-2467,1042,-2465]],"id":40},{"properties":{"LGA_CODE25":"24330","LGA_NAME25":"Maribyrnong","is_split":true,"primary_district":"Footscray District","primary_pct":73.56,"district_count":3.0},"type":"Polygon","arcs":[[1043,-1274,1044,-1272,1045,-1090,1046,-1088,1047,-1086,1048,-1084,1049,-1082,1050,-1080,1051,1052,1053,1054,1055,1056,1057,-1284,1058,-1282,1059,-1280,1060,-1278,1061,-1276]],"id":41},{"properties":{"LGA_CODE25":"24410","LGA_NAME25":"Maroondah","is_split":true,"primary_district":"Croydon District","primary_pct":56.13,"district_count":4.0},"type":"Polygon","arcs":[[1062,1063,1064,1065,-2186,1066,1067,1068,-2367,1069,-2365,1070,1071,1072]],"id":42},{"properties":{"LGA_CODE25":"24600","LGA_NAME25":"Melbourne","is_split":true,"primary_district":"Melbourne District","primary_pct":65.03,"district_count":6.0},"type":"Polygon","arcs":[[-1637,1073,-1635,1074,1075,1076,1077,1078,1079,1080,1081,1082,1083,1084,1085,1086,1087,1088,1089,1090,-1270,-1108,1091,-2351,1092,-2349,1093,-1794,1094,-1639,1095]],"id":43},{"properties":{"LGA_CODE25":"24650","LGA_NAME25":"Melton","is_split":true,"primary_district":"Melton District","primary_pct":55.89,"district_count":4.0},"type":"Polygon","arcs":[[-2312,1096,-1310,1097,1098,1099,1100,1101,1102,1103,1104]],"id":44},{"properties":{"LGA_CODE25":"24700","LGA_NAME25":"Merri-bek","is_split":true,"primary_district":"Pascoe Vale District","primary_pct":40.81,"district_count":5.0},"type":"Polygon","arcs":[[1105,-2353,1106,1107,1108,-1268,1109,-1266,1110,-1294,1111,-1292,1112,1113,1114,1115,1116,1117,1118,1119,1120,1121,1122,1123,1124,1125,1126,1127,1128,1129,1130,1131,1132,1133,1134,1135,1136,1137,1138,1139]],"id":45},{"properties":{"LGA_CODE25":"24780","LGA_NAME25":"Mildura","is_split":false,"primary_district":"Mildura District","primary_pct":99.99,"district_count":1.0},"type":"Polygon","arcs":[[-1898,1140,1141,1142,1143,1144,1145,1146,1147,1148,-2437,1149,1150,-2144,1151]],"id":46},{"properties":{"LGA_CODE25":"24850","LGA_NAME25":"Mitchell","is_split":true,"primary_district":"Euroa District","primary_pct":87.34,"district_count":3.0},"type":"Polygon","arcs":[[1152,1153,1154,1155,1156,1157,-1875,1158,-1873,1159,-1871,1160,-1869,1161,-1867,1162,-1865,1163,-1863,1164,-1861,1165,-1859,1166,-1857,1167,-1855,1168,-1853,1169,-1851,1170,-1849,1171,-1847,1172,-1845,1173,-1843,1174,-1841,-1483,1175,-1481,1176,-1506,-2225,1177,-2223,1178,-2221,1179,-2219,1180,-2217,1181,-2215,1182,-2213,1183,-2211,1184,-2276,1185,-2274,1186,1187,1188,1189,1190,1191,1192,1193,1194,1195,1196,-1418,1197,-1416,1198,-1414,1199,1200,1201,1202]],"id":47},{"properties":{"LGA_CODE25":"24900","LGA_NAME25":"Moira","is_split":true,"primary_district":"Ovens Valley District","primary_pct":51.17,"district_count":2.0},"type":"Polygon","arcs":[[1203,1204,-1966,1205,-1964,1206,1207,1208,1209,1210,1211,1212,1213,1214,1215,1216,1217,1218,1219,1220,1221,1222,1223,1224,1225,1226,1227]],"id":48},{"properties":{"LGA_CODE25":"24970","LGA_NAME25":"Monash","is_split":true,"primary_district":"Oakleigh District","primary_pct":31.57,"district_count":4.0},"type":"Polygon","arcs":[[1228,1229,1230,1231,-1808,1232,1233,1234,1235,1236,1237,1238,1239,1240,1241,1242,1243,1244,1245,1246,1247,1248,1249,1250,1251,1252,1253,1254,1255,1256,1257,1258,1259,1260,1261,1262,1263,1264]],"id":49},{"properties":{"LGA_CODE25":"25060","LGA_NAME25":"Moonee Valley","is_split":true,"primary_district":"Essendon District","primary_pct":52.21,"district_count":2.0},"type":"Polygon","arcs":[[1265,1266,1267,1268,1269,1270,1271,1272,1273,1274,1275,1276,1277,1278,1279,1280,1281,1282,1283,1284,1285,1286,1287,1288,1289,1290,1291,1292,1293,1294]],"id":50},{"properties":{"LGA_CODE25":"25150","LGA_NAME25":"Moorabool","is_split":true,"primary_district":"Eureka District","primary_pct":80.73,"district_count":3.0},"type":"Polygon","arcs":[[1295,1296,1297,1298,1299,1300,1301,1302,1303,1304,1305,1306,1307,1308,1309,1310,-2311,1311,1312,1313,1314,1315,1316,1317,1318,1319,1320,1321,1322,1323,1324,1325,1326,1327,1328,1329,1330,1331,1332,1333,1334,1335,1336,1337,1338,1339,1340,1341,1342,1343,1344]],"id":51},{"properties":{"LGA_CODE25":"25340","LGA_NAME25":"Mornington Peninsula","is_split":true,"primary_district":"Nepean District","primary_pct":53.1,"district_count":3.0},"type":"MultiPolygon","arcs":[[[1345,1346,1347,1348,1349,1350,1351]],[[1352]],[[1353]],[[1354]],[[1355]],[[1356]],[[1357]],[[1358]],[[1359]],[[1360]],[[1361]],[[1362]],[[1363]],[[1364]],[[1365]],[[1366]],[[1367]],[[1368]],[[1369]],[[1370]],[[1371]],[[1372]],[[1373]]],"id":52},{"properties":{"LGA_CODE25":"25430","LGA_NAME25":"Mount Alexander","is_split":true,"primary_district":"Bendigo West District","primary_pct":65.32,"district_count":2.0},"type":"Polygon","arcs":[[1374,1375,1376,1377,1378,1379,1380,1381,1382,1383,1384,1385,1386,1387,1388,1389,1390,1391,1392,1393,1394,1395,1396,1397,1398,1399,1400,1401,1402,1403,1404,1405,1406,1407,1408,1409,1410,1411,1412,1413,1414,1415,1416,1417,1418,1419,1420,1421,1422,1423,1424,1425,1426,1427,1428,1429,1430,1431,1432,1433,1434,1435,1436,1437,1438,1439]],"id":53},{"properties":{"LGA_CODE25":"25490","LGA_NAME25":"Moyne","is_split":true,"primary_district":"Lowan District","primary_pct":31.95,"district_count":1.0},"type":"Polygon","arcs":[[1440,1441,-1775,1442,1443,1444,1445,1446,1447,1448,1449,1450,1451,1452,1453,1454,1455,1456,1457,1458,1459,1460,1461,1462,1463,1464,1465,1466,1467,1468,1469,1470,1471,1472,1473,1474,-1991,1475,-1993,1476,1477,1478]],"id":54},{"properties":{"LGA_CODE25":"25620","LGA_NAME25":"Murrindindi","is_split":false,"primary_district":"Eildon District","primary_pct":99.99,"district_count":1.0},"type":"Polygon","arcs":[[1479,1480,1481,1482,1483,-1839,1484,-1837,1485,-1835,1486,-1833,1487,1488,1489,1490,1491,1492,1493,1494,1495,1496,-2386,1497,-2499,1498,-2497,1499,-2495,1500,-2381,1501,-2379,1502,-2377,1503,-1513,1504,-2226,1505]],"id":55},{"properties":{"LGA_CODE25":"25710","LGA_NAME25":"Nillumbik","is_split":true,"primary_district":"Eildon District","primary_pct":74.07,"district_count":5.0},"type":"Polygon","arcs":[[-2238,1506,-2236,1507,-2234,1508,-2232,1509,-2230,1510,-2228,1511,1512,1513,-2375,1514,-2373,1515,-2371,1516,1517,1518,1519,1520,1521,1522,1523,1524,1525,1526,1527,1528,1529,1530,1531,1532,1533,1534,1535,1536,1537,1538,1539,1540,1541,1542,1543,1544,1545,1546,1547,1548,1549,1550,1551,1552,1553,1554,-2242,1555,-2240,1556]],"id":56},{"properties":{"LGA_CODE25":"25810","LGA_NAME25":"Northern Grampians","is_split":true,"primary_district":"Ripon District","primary_pct":59.24,"district_count":2.0},"type":"Polygon","arcs":[[1557,1558,1559,1560,1561,1562,1563,1564,1565,1566,1567,1568,1569,1570,1571,1572,1573,1574,1575,1576,1577,1578,1579,1580,1581,1582,1583,1584,1585,1586,1587,1588,1589,1590,1591,1592,1593,1594,1595,1596,1597,1598,1599,1600,1601,1602,1603,1604,1605,1606,1607,1608,1609,1610,1611,1612,-1649,1613,1614,-1772,1615,-1770,1616,1617,1618,1619,1620,1621,1622,1623,1624,1625,1626,1627,1628,-2442]],"id":57},{"properties":{"LGA_CODE25":"25900","LGA_NAME25":"Port Phillip","is_split":true,"primary_district":"Albert Park District","primary_pct":67.35,"district_count":4.0},"type":"Polygon","arcs":[[-1792,1629,1630,1631,1632,1633,1634,1635,1636,1637,1638,1639]],"id":58},{"properties":{"LGA_CODE25":"25990","LGA_NAME25":"Pyrenees","is_split":false,"primary_district":"Ripon District","primary_pct":100.0,"district_count":1.0},"type":"Polygon","arcs":[[1640,1641,1642,1643,1644,1645,1646,1647,1648,1649,1650,1651,1652,1653,1654,1655,1656,1657,1658,1659,1660,1661,1662,1663,1664,1665,1666,1667,1668,1669,1670,1671,1672,1673,1674,1675,1676,1677,1678,1679,1680,1681,1682,1683,1684,1685,1686,1687,1688,1689,1690,1691,1692,1693,1694,1695,1696,1697,1698,1699,1700,1701,1702,1703,1704,1705,1706,1707,1708,1709,1710,1711,1712,1713,1714,1715,1716,1717]],"id":59},{"properties":{"LGA_CODE25":"26080","LGA_NAME25":"Queenscliffe","is_split":true,"primary_district":"Bellarine District","primary_pct":98.37,"district_count":1.0},"type":"MultiPolygon","arcs":[[[1718]],[[1719]],[[1720,1721,1722,1723]],[[1724]],[[1725]]],"id":60},{"properties":{"LGA_CODE25":"26170","LGA_NAME25":"South Gippsland","is_split":true,"primary_district":"Gippsland South District","primary_pct":99.42,"district_count":1.0},"type":"Polygon","arcs":[[1726,1727,1728,1729,-2015,1730,1731,1732,1733]],"id":61},{"properties":{"LGA_CODE25":"26260","LGA_NAME25":"Southern Grampians","is_split":false,"primary_district":"Lowan District","primary_pct":100.0,"district_count":1.0},"type":"Polygon","arcs":[[1734,1735,1736,1737,1738,-2166,1739,-2164,1740,-2162,1741,-2160,1742,-2158,1743,-2156,1744,-2154,1745,-2152,1746,-2150,1747,1748,1749,1750,1751,1752,1753,1754,1755,1756,1757,1758,1759,1760,1761,1762,1763,1764,1765,1766,1767,1768,1769,1770,1771,1772,1773,1774,1775,1776,1777,1778,1779,1780,1781,1782,1783,1784,1785,1786,1787,1788,1789,1790]],"id":62},{"properties":{"LGA_CODE25":"26350","LGA_NAME25":"Stonnington","is_split":true,"primary_district":"Malvern District","primary_pct":78.43,"district_count":4.0},"type":"Polygon","arcs":[[1791,1792,1793,1794,-2347,1795,-2345,1796,-2343,1797,-2341,1798,-2339,1799,-2337,1800,-2335,1801,1802,1803,1804,1805,1806,1807,1808,1809,1810,1811,1812,1813,1814]],"id":63},{"properties":{"LGA_CODE25":"26430","LGA_NAME25":"Strathbogie","is_split":false,"primary_district":"Euroa District","primary_pct":100.0,"district_count":1.0},"type":"Polygon","arcs":[[1815,1816,1817,1818,1819,1820,1821,1822,1823,1824,1825,1826,1827,1828,1829,1830,1831,1832,1833,1834,1835,1836,1837,1838,1839,1840,1841,1842,1843,1844,1845,1846,1847,1848,1849,1850,1851,1852,1853,1854,1855,1856,1857,1858,1859,1860,1861,1862,1863,1864,1865,1866,1867,1868,1869,1870,1871,1872,1873,1874,1875,1876,1877,1878]],"id":64},{"properties":{"LGA_CODE25":"26490","LGA_NAME25":"Surf Coast","is_split":true,"primary_district":"Polwarth District","primary_pct":85.13,"district_count":2.0},"type":"Polygon","arcs":[[1879,1880,1881,1882,1883,1884,1885,1886,1887,1888,1889,1890,1891,1892,1893]],"id":65},{"properties":{"LGA_CODE25":"26610","LGA_NAME25":"Swan Hill","is_split":true,"primary_district":"Mildura District","primary_pct":59.75,"district_count":2.0},"type":"Polygon","arcs":[[1894,1895,1896,1897,1898,1899,1900,1901,1902,1903,1904,1905,1906,1907,1908,1909]],"id":66},{"properties":{"LGA_CODE25":"26670","LGA_NAME25":"Towong","is_split":false,"primary_district":"Benambra District","primary_pct":99.84,"district_count":2.0},"type":"Polygon","arcs":[[1910,-2278,1911,1912,1913,1914,1915,1916,1917,1918,1919,1920,1921,1922,1923,1924,1925,1926,1927,1928,1929,1930,1931,1932,1933,1934,1935,1936,1937,1938,1939,1940,1941,1942,1943,1944,1945,1946,1947,1948,1949,1950,1951,1952,1953,1954,1955,1956,1957,1958,1959,1960,1961,1962]],"id":67},{"properties":{"LGA_CODE25":"26700","LGA_NAME25":"Wangaratta","is_split":false,"primary_district":"Ovens Valley District","primary_pct":99.99,"district_count":1.0},"type":"Polygon","arcs":[[1963,1964,1965,1966,1967,1968,1969,1970,1971,1972,1973,1974,1975,-2059,1976,-2057,1977,-2055,1978,1979,1980,1981,1982,1983,1984,1985,1986,1987,1988,1989]],"id":68},{"properties":{"LGA_CODE25":"26730","LGA_NAME25":"Warrnambool","is_split":null,"primary_district":null,"primary_pct":null,"district_count":null},"type":"Polygon","arcs":[[1990,1991,1992,1993]],"id":69},{"properties":{"LGA_CODE25":"26810","LGA_NAME25":"Wellington","is_split":true,"primary_district":"Gippsland East District","primary_pct":61.04,"district_count":2.0},"type":"MultiPolygon","arcs":[[[1994,1995,1996,1997,1998,1999,2000,2001,2002,2003,2004,2005,2006,2007,2008,2009,2010,2011,2012,2013,2014,2015,2016,2017,2018,2019,2020,2021,2022,2023,2024,2025,2026,2027,2028,2029,2030,2031,2032,2033,2034,2035,2036,2037,2038,2039,2040,2041,2042,2043,2044,2045,2046,2047,2048,2049,2050,2051,2052,2053,2054,2055,2056,2057,2058,2059,2060,2061,2062,2063,2064,2065]],[[2066]],[[2067]],[[2068]],[[2069]],[[2070]],[[2071]],[[2072]],[[2073]],[[2074]],[[2075]],[[2076]],[[2077]],[[2078]],[[2079]],[[2080]],[[2081]],[[2082]],[[2083]],[[2084]],[[2085]],[[2086]],[[2087]],[[2088]],[[2089]],[[2090]],[[2091]],[[2092]],[[2093]],[[2094]],[[2095]],[[2096]],[[2097]],[[2098]],[[2099]],[[2100]],[[2101]],[[2102]],[[2103]],[[2104]],[[2105]],[[2106]],[[2107]],[[2108]],[[2109]],[[2110]],[[2111]],[[2112]],[[2113]],[[2114]],[[2115]],[[2116]],[[2117]],[[2118]],[[2119]],[[2120]],[[2121]],[[2122]],[[2123]],[[2124]],[[2125]],[[2126]],[[2127]],[[2128]],[[2129]],[[2130]],[[2131]],[[2132]],[[2133]],[[2134]],[[2135]],[[2136]],[[2137]],[[2138]],[[2139]],[[2140]],[[2141]],[[2142]]],"id":70},{"properties":{"LGA_CODE25":"26890","LGA_NAME25":"West Wimmera","is_split":false,"primary_district":"Lowan District","primary_pct":100.0,"district_count":1.0},"type":"Polygon","arcs":[[2143,2144,2145,2146,2147,2148,2149,2150,2151,2152,2153,2154,2155,2156,2157,2158,2159,2160,2161,2162,2163,2164,2165,2166,2167,2168,2169,2170,2171,2172]],"id":71},{"properties":{"LGA_CODE25":"26980","LGA_NAME25":"Whitehorse","is_split":true,"primary_district":"Box Hill District","primary_pct":45.12,"district_count":5.0},"type":"Polygon","arcs":[[2173,2174,2175,2176,2177,2178,2179,2180,2181,2182,2183,2184,2185,2186,2187,2188,2189,2190,2191,2192,2193,2194,2195,2196,2197,2198,2199,2200,2201,2202,2203,2204,2205,2206,2207,2208]],"id":72},{"properties":{"LGA_CODE25":"27070","LGA_NAME25":"Whittlesea","is_split":true,"primary_district":"Yan Yean District","primary_pct":68.27,"district_count":5.0},"type":"Polygon","arcs":[[2209,2210,2211,2212,2213,2214,2215,2216,2217,2218,2219,2220,2221,2222,2223,2224,2225,2226,2227,2228,2229,2230,2231,2232,2233,2234,2235,2236,2237,2238,2239,2240,2241,2242,2243,2244,2245,2246,2247,2248,2249,2250,2251,2252,2253,2254,2255,2256,2257,2258,2259,2260,2261,2262,2263,2264,2265,2266,2267,2268,2269,2270,2271,2272,2273,2274,2275]],"id":73},{"properties":{"LGA_CODE25":"27170","LGA_NAME25":"Wodonga","is_split":false,"primary_district":"Benambra District","primary_pct":99.93,"district_count":1.0},"type":"Polygon","arcs":[[2276,2277,2278,2279]],"id":74},{"properties":{"LGA_CODE25":"27260","LGA_NAME25":"Wyndham","is_split":true,"primary_district":"Werribee District","primary_pct":62.48,"district_count":4.0},"type":"Polygon","arcs":[[2280,2281,2282,2283,2284,2285,2286,2287,2288,2289,2290,2291,2292,2293,2294,2295,2296,2297,2298,2299,2300,2301,2302,2303,2304,2305,2306,2307,2308,2309,2310,2311,2312]],"id":75},{"properties":{"LGA_CODE25":"27350","LGA_NAME25":"Yarra","is_split":true,"primary_district":"Richmond District","primary_pct":63.68,"district_count":3.0},"type":"Polygon","arcs":[[2313,2314,2315,2316,2317,2318,2319,2320,2321,2322,2323,2324,2325,2326,2327,2328,2329,2330,2331,2332,2333,2334,2335,2336,2337,2338,2339,2340,2341,2342,2343,2344,2345,2346,2347,2348,2349,2350,2351,2352,2353,2354,2355,2356,2357,2358,2359]],"id":76},{"properties":{"LGA_CODE25":"27450","LGA_NAME25":"Yarra Ranges","is_split":true,"primary_district":"Eildon District","primary_pct":78.89,"district_count":5.0},"type":"Polygon","arcs":[[2360,2361,2362,2363,2364,2365,2366,2367,2368,2369,2370,2371,2372,2373,2374,2375,2376,2377,2378,2379,2380,2381,-2493,2382,-2503,2383,-2501,2384,2385,2386,2387,2388,2389,2390,2391,2392,2393,2394,2395,2396,2397,2398,2399,2400,2401,2402,2403,2404,2405,2406,2407,2408,2409,2410,2411,2412,2413,2414,2415,2416,2417,2418,2419,2420,2421,2422,2423,2424,2425,2426,2427,2428,2429,2430,2431,2432,2433,2434]],"id":77},{"properties":{"LGA_CODE25":"27630","LGA_NAME25":"Yarriambiack","is_split":true,"primary_district":"Mildura District","primary_pct":51.81,"district_count":2.0},"type":"Polygon","arcs":[[2435,2436,2437,2438,2439,2440,2441,2442,2443,2444,2445,2446,2447]],"id":78},{"properties":{"LGA_CODE25":"29399","LGA_NAME25":"Unincorporated Vic","is_split":true,"primary_district":"Hastings District","primary_pct":60.06,"district_count":4.0},"type":"MultiPolygon","arcs":[[[2448]],[[2449]],[[2450,2451,2452,2453,2454,2455,2456,2457]],[[2458,2459,2460,2461,2462,2463,2464,2465,2466,2467,2468,2469,2470,2471,2472,2473]],[[2474]],[[2475]],[[2476]],[[2477]],[[2478]],[[2479]],[[2480]],[[2481]],[[2482]],[[2483]],[[2484]],[[2485]],[[2486]],[[2487]],[[2488]],[[2489]],[[2490]],[[2491]],[[2492,2493,2494,2495,2496,2497,2498,2499,2500,2501,2502,2503]],[[2504]],[[2505]],[[2506]],[[2507]],[[2508]]],"id":79}],"type":"GeometryCollection"}},"bbox":[140.9618657997175,-39.15917647027521,149.97619755281158,-33.980636402904565],"transform":{"scale":[8.955377905512206e-06,4.404186243844593e-06],"translate":[140.9631097787434,-39.15899004264636]},"arcs":[[[634842,605807],[567,381]],[[640077,608309],[84,-10]],[[688114,615575],[-44,32]],[[687920,615596],[-42,-575]],[[686332,607174],[-54,-1104]],[[686213,605915],[142,-215]],[[693095,584800],[-202,-412]],[[692858,574449],[123,-607]],[[693401,573527],[111,-808]],[[693449,572273],[873,-605]],[[704888,562711],[95,-241]],[[705246,562189],[79,-73]],[[705393,561986],[341,-49]],[[708988,551138],[-457,-75]],[[704664,541306],[-489,-417]],[[704078,540722],[-49,-499]],[[710609,528869],[429,100]],[[712068,522915],[-7,-265]],[[715377,483211],[304,108]],[[717216,483379],[76,29]],[[717484,483255],[99,-276]],[[717724,481466],[25,-278]],[[717738,479908],[171,-73]],[[717894,479802],[-103,-73]],[[717665,479724],[-467,-324]],[[717171,479286],[-19,-281]],[[717199,478886],[314,314]],[[717571,479215],[-1,-280]],[[716169,444679],[189,33]],[[716992,443455],[-84,-239]],[[716803,442971],[94,-591]],[[716947,442250],[128,-77]],[[711737,427653],[-47311,13586]],[[636863,461481],[-52,361]],[[636325,462250],[-245,74]],[[635196,462958],[15,105]],[[637331,588195],[-14,221]],[[681004,489421],[81,-320]],[[689392,493611],[843,-170]],[[695071,490300],[91,312]],[[681289,491064],[-337,-342]],[[237579,455008],[747,-160]],[[240085,454451],[92,-205]],[[250916,454114],[297,453]],[[251519,454760],[189,532]],[[251781,455347],[135,-29]],[[252132,455562],[115,-17]],[[252358,455399],[235,-233]],[[254045,451377],[135,-183]],[[254370,451044],[364,-269]],[[254793,450845],[389,295]],[[247628,324120],[-39,-16]],[[247144,322385],[-99,-432]],[[246933,321516],[-159,-221]],[[239179,301561],[15,-217]],[[239274,301043],[-8,-90]],[[213990,306654],[-2016,452]],[[184625,306456],[-228,64]],[[332155,382267],[-117,-1441]],[[332080,367960],[1500,-2645]],[[330392,359454],[-311,-791]],[[332365,332045],[-199,-2490]],[[326463,328406],[-428,-91]],[[326015,328049],[-25,-8]],[[320596,344627],[-9,126]],[[299808,417175],[10125,-2649]],[[321422,411822],[3037,-695]],[[465929,321986],[-74,-55]],[[464782,322153],[-418,-273]],[[463114,318688],[-1481,1448]],[[460373,319247],[-65,27]],[[459403,318549],[372,-412]],[[459754,318105],[-156,-55]],[[459173,318345],[-58,-6]],[[459078,318273],[-135,-284]],[[458981,317746],[330,248]],[[459532,317268],[-25,-641]],[[459268,315957],[-489,122]],[[458766,316028],[21,-311]],[[458702,315135],[-173,-776]],[[458323,313099],[-85,-324]],[[458334,312581],[-352,100]],[[457754,312813],[-180,306]],[[456903,312865],[-85,-130]],[[456936,311974],[-234,110]],[[456094,312947],[-97,28]],[[455695,313023],[-82,-96]],[[455502,312709],[-234,-556]],[[454865,313221],[-115,158]],[[454648,313336],[50,281]],[[454761,314062],[-111,531]],[[454888,315187],[-20,82]],[[459148,329281],[-600,132]],[[457241,330906],[181,1251]],[[457640,332776],[698,1485]],[[460629,333302],[201,-252]],[[532696,116706],[-21417,76205]],[[511937,196748],[579,-195]],[[517460,188032],[953,-359]],[[537042,131999],[-949,-5039]],[[487003,148026],[4054,-13445],[-27308,10884],[13827,16473],[9427,-13912]],[[489958,134678],[6,35],[21,-7],[-27,-28]],[[489575,135241],[-9,0],[2,72],[19,-33],[-12,-39]],[[488504,151035],[875,-2338],[41,-1045],[-1461,2094],[545,1289]],[[489199,135639],[-19,26],[4,20],[40,-34],[-25,-12]],[[483066,159823],[492,255],[327,-247],[-141,-106],[-678,98]],[[463506,145359],[-31,60],[135,64],[-63,-122],[-41,-2]],[[463052,145187],[-43,264],[294,-49],[-140,-236],[-111,21]],[[535939,264958],[1,142]],[[535252,266620],[-35,25]],[[533364,269563],[-180,379]],[[540646,296765],[-60,224]],[[541274,299442],[-127,1016]],[[541096,301128],[-1537,2117]],[[580469,354321],[37,597]],[[580718,354809],[283,-426]],[[581670,354129],[2,187]],[[583394,357449],[142,-409]],[[583875,356813],[44,-46]],[[584997,355224],[105,-191]],[[585271,354176],[243,-211]],[[588803,352192],[269,287]],[[594460,354267],[204,225]],[[614962,345577],[110,-197]],[[615261,344934],[165,-227]],[[625322,267445],[156,-631]],[[627508,268417],[512,-286]],[[589150,193395],[-766,-2067]],[[532897,200817],[128,1293]],[[534357,230729],[728,3844]],[[450445,289541],[450,-1084]],[[456551,266152],[-7448,21757]],[[590904,548645],[-12,-122]],[[589718,522167],[-85,-653]],[[589628,521408],[-44,-431]],[[589573,520043],[395,-1508]],[[593574,507261],[7,40]],[[592379,508649],[-193,327]],[[590902,509798],[-240,215]],[[590133,509614],[-1005,-254]],[[588083,509301],[-455,209]],[[587017,509783],[-146,417]],[[586515,510670],[-132,88]],[[568560,511326],[-319,180]],[[567192,512670],[-113,184]],[[546892,517787],[86,514]],[[537503,615553],[-72,63]],[[537432,616523],[-64,-7]],[[539944,642156],[-6,7234]],[[461166,313262],[791,-999]],[[461982,312032],[173,-480]],[[462469,310691],[77,-228]],[[462561,310419],[134,-67]],[[461058,292537],[4,-271]],[[458282,292714],[-210,528]],[[454177,299985],[-649,753]],[[453604,300814],[329,618]],[[452467,308428],[138,-528]],[[452938,307739],[194,181]],[[452368,309875],[-33,439]],[[452239,311780],[28,61]],[[452334,311844],[783,-313]],[[455831,312106],[-376,-126]],[[455366,311872],[136,837]],[[455502,312709],[111,218]],[[455613,312927],[82,96]],[[455695,313023],[302,-48]],[[455997,312975],[97,-28]],[[456094,312947],[608,-863]],[[456702,312084],[234,-110]],[[456936,311974],[-118,761]],[[456818,312735],[85,130]],[[456903,312865],[671,254]],[[457574,313119],[180,-306]],[[457754,312813],[228,-132]],[[457982,312681],[352,-100]],[[458334,312581],[-96,194]],[[458238,312775],[36,125]],[[459581,313799],[93,-75]],[[459735,313704],[46,-85]],[[460229,313238],[636,-34]],[[438024,329656],[-1538,-2968]],[[434430,317140],[33,-167]],[[434504,316673],[-312,-861]],[[434165,315732],[16,-402]],[[434685,305192],[-1039,-576]],[[433581,304564],[-2074,-1177]],[[431434,304733],[-8463,1462]],[[422469,339671],[1211,-250]],[[430671,334461],[-46,-606]],[[430784,333275],[-79,-307]],[[429533,331709],[305,-237]],[[429918,331530],[55,-28]],[[175620,875551],[154,-43]],[[175990,875472],[2009,-23]],[[180641,875637],[787,-247]],[[184409,878480],[-46,837]],[[193641,900026],[5678,-940]],[[199350,899050],[2986,-6531]],[[258958,795677],[653,-16]],[[259632,795726],[-13,542]],[[259623,797000],[5,425]],[[272911,713216],[93,210]],[[274105,716388],[47,135]],[[278510,721103],[2727,-6]],[[262646,608980],[-97,472]],[[175582,859836],[5,6233]],[[371411,687940],[45,137]],[[374234,705848],[110,-6]],[[374591,706225],[-47,179]],[[374453,707237],[-65,96]],[[368478,732834],[241,234]],[[372017,734199],[765,-747]],[[378222,741953],[1032,762]],[[384734,740230],[47038,-46297]],[[434939,694625],[-25,183]],[[436190,697162],[73,6]],[[436604,696907],[146,-83]],[[439080,696485],[-50,232]],[[463506,677313],[46,-95]],[[463587,677199],[252,41]],[[465279,676121],[225,202]],[[454349,634760],[-14,-14306]],[[443203,552705],[-24,-5252]],[[379126,629815],[-3175,3253]],[[371123,680618],[-110,359]],[[498825,214336],[-9,205]],[[493198,259522],[263,54]],[[493676,259900],[-45,653]],[[492964,264454],[-190,1097]],[[492914,265636],[263,332]],[[493401,267193],[0,127]],[[493414,267382],[-71,377]],[[493164,268365],[2,247]],[[493152,268737],[-31,196]],[[493145,268987],[91,77]],[[493275,269054],[78,-24]],[[493458,268874],[96,9]],[[493611,268947],[13,117]],[[493641,269687],[68,133]],[[494063,269682],[11,40]],[[509427,288736],[62,44]],[[509562,289215],[22,170]],[[509501,289615],[3,276]],[[509841,291347],[-72,290]],[[520668,281880],[287,106]],[[521040,281934],[144,-53]],[[534291,284174],[44,-19]],[[536204,286187],[-3020,-16245]],[[533184,269942],[180,-379]],[[533364,269563],[1853,-2918]],[[535217,266645],[35,-25]],[[535252,266620],[688,-1520]],[[535940,265100],[-1,-142]],[[535939,264958],[-854,-30385]],[[535085,234573],[-728,-3844]],[[534357,230729],[-1332,-28619]],[[533025,202110],[-221,-2233]],[[518413,187673],[-953,359]],[[517460,188032],[-4944,8521]],[[512516,196553],[-579,195]],[[511937,196748],[-658,-3837]],[[511279,192911],[-12488,21392]],[[490751,269677],[988,-493]],[[493124,268830],[28,-93]],[[493152,268737],[14,-125]],[[493166,268612],[-2,-247]],[[493164,268365],[179,-606]],[[493343,267759],[71,-377]],[[493414,267382],[-13,-62]],[[493401,267320],[0,-127]],[[493401,267193],[-224,-1225]],[[493177,265968],[-263,-332]],[[492914,265636],[-140,-85]],[[492774,265551],[190,-1097]],[[492964,264454],[667,-3901]],[[493631,260553],[45,-653]],[[493676,259900],[-215,-324]],[[493461,259576],[-263,-54]],[[493198,259522],[5618,-44981]],[[498816,214541],[9,-205]],[[498825,214336],[-34,-33]],[[498791,214303],[-19625,-1915]],[[474837,215766],[-57,780]],[[477259,242628],[1084,11409]],[[478359,255424],[-47,1353]],[[478321,257130],[286,2366]],[[476870,272364],[4,717]],[[476840,273504],[-51,205]],[[476783,273770],[-222,151]],[[476421,273974],[-49,67]],[[478014,276040],[3989,-982]],[[483291,271194],[2886,-733]],[[280181,504387],[-29,173]],[[280052,504757],[-110,508]],[[279627,505863],[-73,461]],[[283198,515509],[154,102]],[[283467,515788],[49,220]],[[283952,517566],[150,571]],[[284145,521602],[340,1100]],[[284428,524424],[-251,536]],[[283414,528862],[-240,589]],[[283737,532211],[413,1086]],[[284018,533610],[-311,865]],[[281034,542956],[-125,177]],[[279270,545557],[-80,208]],[[302806,542670],[161,-1798]],[[303095,532574],[943,-1349]],[[305728,530383],[1806,-2943]],[[323758,512726],[438,-89]],[[322067,506676],[-89,-183]],[[338124,478082],[959,-883]],[[339129,472362],[-543,-1105]],[[337881,470769],[-660,-1044]],[[336905,467727],[-199,-84]],[[335204,467406],[-4,-445]],[[334101,447580],[-110,-256]],[[333840,447013],[-158,-327]],[[333645,446127],[-5009,1108]],[[301782,436524],[-8,488]],[[288995,449877],[154,1054]],[[289234,451339],[-5,225]],[[289255,453266],[-101,978]],[[289090,468838],[1174,13745]],[[280436,223884],[65,855]],[[280258,227857],[-219,494]],[[333096,131599],[-73587,-40443]],[[255431,98023],[108,532]],[[256792,119285],[36,85]],[[257336,119847],[-5,126]],[[257077,120175],[21,301]],[[279181,220603],[162,366]],[[279978,221977],[344,1158]],[[272409,85708],[-7,97],[41,-3],[-4,-66],[-30,-28]],[[236863,284520],[-80,156]],[[235604,286638],[-53,43]],[[235517,286961],[72,92]],[[235813,287257],[246,-44]],[[237162,290236],[87,225]],[[239251,300871],[23,172]],[[239274,301043],[-80,301]],[[239194,301344],[-15,217]],[[239179,301561],[7595,19734]],[[246774,321295],[159,221]],[[246933,321516],[112,437]],[[247045,321953],[99,432]],[[247144,322385],[445,1719]],[[247589,324104],[119,27]],[[249748,323208],[131,-232]],[[249908,323000],[135,371]],[[252558,322862],[49,-428]],[[261180,319055],[81,-112]],[[261391,318419],[84,122]],[[273393,337386],[320,465]],[[275632,338060],[-39,-298]],[[275639,337739],[170,32]],[[277201,338404],[54,-203]],[[277296,338184],[43,49]],[[277905,339761],[75,55]],[[277981,339848],[158,293]],[[278348,340402],[1,-221]],[[278350,340129],[58,-42]],[[278549,340169],[147,-74]],[[278984,340108],[62,14]],[[279076,340162],[83,172]],[[299024,266625],[201,-449]],[[299835,265803],[-1,-114]],[[300591,260438],[-389,-153]],[[300093,260145],[-125,32]],[[297677,257845],[-17638,-29494]],[[280039,228351],[219,-494]],[[280258,227857],[243,-3118]],[[280501,224739],[-65,-855]],[[280436,223884],[-114,-749]],[[280322,223135],[-344,-1158]],[[279978,221977],[-635,-1008]],[[279343,220969],[-162,-366]],[[279181,220603],[-22083,-100127]],[[257098,120476],[-21,-301]],[[257077,120175],[254,-202]],[[257331,119973],[5,-126]],[[257336,119847],[-508,-477]],[[256828,119370],[-36,-85]],[[256792,119285],[-1253,-20730]],[[255539,98555],[-108,-532]],[[255431,98023],[4078,-6867]],[[259509,91156],[-45431,33848]],[[214244,125850],[303,684]],[[214560,126776],[-44,160]],[[213123,132213],[8,127]],[[212972,134047],[-98,378]],[[209713,192284],[-299,-224]],[[207521,192609],[-130,30]],[[207025,192669],[-230,977]],[[207957,195717],[962,10133]],[[257055,88295],[0,125],[94,-52],[-36,-79],[-58,6]],[[239514,111361],[-21,15],[26,49],[12,-23],[-17,-41]],[[239422,111363],[-29,17],[35,33],[-6,-50]],[[238950,112208],[-27,41],[-2,39],[41,-27],[-12,-53]],[[238698,112498],[-6,44],[51,0],[-3,-42],[-42,-2]],[[238570,112709],[-9,31],[17,24],[14,-34],[-22,-21]],[[238082,113034],[27,66],[43,-1],[-24,-99],[-46,34]],[[237301,113628],[-51,41],[14,92],[73,-49],[-36,-84]],[[236794,114729],[2,-54],[-23,-9],[3,59],[18,4]],[[236564,114456],[57,-78],[-5,-69],[-101,43],[49,104]],[[235963,115173],[31,99],[29,-1],[-19,-73],[-41,-25]],[[235866,115050],[-1,42],[42,11],[-9,-52],[-32,-1]],[[235868,115340],[18,-35],[-33,-27],[-11,34],[26,28]],[[235750,115292],[-21,72],[4,31],[45,-31],[-28,-72]],[[235489,115439],[11,109],[112,144],[-1,-71],[-122,-182]],[[235136,115633],[-13,75],[241,220],[-71,-178],[-157,-117]],[[234352,115603],[193,301],[263,-29],[-64,-108],[-392,-164]],[[233782,116758],[-10,39],[45,30],[-2,-29],[-33,-40]],[[232743,117512],[-54,92],[141,-17],[-32,-106],[-55,31]],[[229892,120079],[-5,172],[86,73],[-18,-129],[-63,-116]],[[457280,331280],[-39,-374]],[[457241,330906],[1307,-1493]],[[458548,329413],[600,-132]],[[459148,329281],[-4280,-14012]],[[454868,315269],[20,-82]],[[454888,315187],[-238,-594]],[[454650,314593],[111,-531]],[[454761,314062],[-63,-445]],[[454698,313617],[-50,-281]],[[454648,313336],[102,43]],[[454750,313379],[-182,-322]],[[450818,312075],[-152,-193]],[[450536,311833],[-288,268]],[[450129,312310],[-264,523]],[[449886,313004],[-183,144]],[[449009,315426],[42,594]],[[448735,316926],[-34,185]],[[448822,317162],[74,76]],[[448266,328099],[160,296]],[[448407,328705],[-175,216]],[[448223,328958],[185,498]],[[448397,330078],[61,232]],[[448378,332083],[10,184]],[[448426,332511],[-251,37]],[[448138,332397],[-68,41]],[[447583,332934],[-108,29]],[[448783,333112],[4529,-961]],[[800788,548402],[-47869,-284842]],[[754721,269587],[88,594]],[[724462,246663],[109,-9]],[[725475,246807],[105,101]],[[725415,249928],[217,479]],[[696821,327340],[2084,19227]],[[697349,358342],[59,78]],[[698097,358741],[52,150]],[[698971,359758],[79,30]],[[717102,442154],[-155,96]],[[716947,442250],[-50,130]],[[716897,442380],[-94,591]],[[716803,442971],[105,245]],[[716908,443216],[84,239]],[[716992,443455],[-634,1257]],[[716358,444712],[-189,-33]],[[716169,444679],[1401,34256]],[[717570,478935],[1,280]],[[717571,479215],[-58,-15]],[[717513,479200],[-314,-314]],[[717199,478886],[-47,119]],[[717152,479005],[19,281]],[[717171,479286],[27,114]],[[717198,479400],[467,324]],[[717665,479724],[126,5]],[[717791,479729],[103,73]],[[717894,479802],[15,33]],[[717909,479835],[-171,73]],[[717738,479908],[11,1280]],[[717749,481188],[-25,278]],[[717724,481466],[-141,1513]],[[717583,482979],[-99,276]],[[717484,483255],[-192,153]],[[717292,483408],[-76,-29]],[[717216,483379],[-1535,-60]],[[715681,483319],[-304,-108]],[[715377,483211],[-3316,39439]],[[712061,522650],[7,265]],[[712068,522915],[-1030,6054]],[[711038,528969],[-429,-100]],[[710609,528869],[-6580,11354]],[[704029,540223],[49,499]],[[704078,540722],[97,167]],[[704175,540889],[489,417]],[[704664,541306],[3867,9757]],[[708531,551063],[875,-303]],[[716035,546774],[411,90]],[[716875,546178],[186,-288]],[[719185,543859],[211,-215]],[[719626,543502],[114,-341]],[[719719,542420],[-34,-244]],[[719465,541002],[128,-567]],[[720247,539681],[574,-220]],[[723658,535631],[282,-75]],[[725305,534941],[189,87]],[[725831,536835],[537,156]],[[729977,540852],[321,295]],[[733238,542762],[11,500]],[[733395,544105],[10,249]],[[991700,364061],[102,203],[175,-530],[-379,7],[102,320]],[[461711,226285],[2779,17575]],[[468227,247857],[6293,-1584]],[[477532,245523],[-273,-2895]],[[477259,242628],[-2387,-25028]],[[468373,221395],[-363,-1759]],[[317587,834940],[59,145]],[[317743,835249],[9,316]],[[318491,842828],[66243,-102598]],[[384734,740230],[-5480,2485]],[[379254,742715],[-1032,-762]],[[378222,741953],[-5440,-8501]],[[372782,733452],[-765,747]],[[372017,734199],[-3298,-1131]],[[368719,733068],[-224,-216]],[[367492,733721],[-13,-157]],[[359817,730647],[-27,-1100]],[[280568,721100],[-2058,3]],[[278510,721103],[-4358,-4580]],[[274152,716523],[-47,-135]],[[274105,716388],[-1101,-2962]],[[273004,713426],[-93,-210]],[[272911,713216],[-13283,84209]],[[259628,797425],[9,12476]],[[454618,278370],[-3723,10087]],[[450895,288457],[-480,1154]],[[451954,294897],[2263,-1744]],[[454310,293036],[630,-1018]],[[456466,289889],[281,-231]],[[457899,289337],[1611,-555]],[[460297,283625],[-448,-4606]],[[458978,277276],[-538,98]],[[456909,277802],[-2291,568]],[[34020,394250],[148,735]],[[47609,406766],[9338,-2200]],[[67819,351662],[-6,-138]],[[68221,351088],[-46,-242]],[[69457,348286],[-89,-136]],[[69707,343892],[68,-11]],[[76185,343385],[-154,-276]],[[76415,342776],[-5,-229]],[[76724,341965],[50,-301]],[[78085,339617],[186,-371]],[[78484,338174],[72,-336]],[[101604,276989],[186,-401]],[[96962,249671],[1680,-4214]],[[101219,203146],[-100095,205730]],[[9302,398971],[5460,-9935]],[[301392,360248],[19195,-15495]],[[320587,344753],[9,-126]],[[320596,344627],[5394,-16586]],[[325990,328041],[81,25]],[[328004,320475],[235,-376]],[[327798,315881],[-67,6]],[[327351,314472],[-125,-189]],[[327139,314309],[-670,367]],[[326118,314489],[-64,-110]],[[326074,314274],[17,-542]],[[327692,310636],[89,-215]],[[363954,306255],[-109,-543]],[[371018,245993],[-11,-157]],[[368511,231194],[-98,-111]],[[364805,231277],[-158,-282]],[[364146,230079],[-152,111]],[[328960,239425],[-87,1]],[[323197,232867],[-25520,24978]],[[297677,257845],[2291,2332]],[[299968,260177],[125,-32]],[[300093,260145],[109,140]],[[300202,260285],[389,153]],[[300591,260438],[-757,5251]],[[299834,265689],[1,114]],[[299835,265803],[-610,373]],[[299225,266176],[-201,449]],[[299024,266625],[-19679,73977]],[[279557,340667],[-129,69]],[[279299,340954],[91,540]],[[279617,341781],[299,-109]],[[377537,629806],[1589,9]],[[379126,629815],[48727,-82998]],[[434132,517587],[296,-181]],[[399592,485396],[80,-322]],[[399658,484982],[-192,-564]],[[400158,481818],[-279,-1815]],[[400454,478341],[-455,-1240]],[[390130,504085],[-124,123]],[[389983,504159],[-101,-355]],[[386279,504184],[-121,494]],[[385310,506085],[-26,275]],[[385144,507508],[-100,131]],[[384919,507623],[-822,-969]],[[384080,506474],[-206,-387]],[[383903,505678],[-170,-293]],[[383562,505058],[-30,-357]],[[383703,503095],[-25,-391]],[[383508,501168],[-11,-338]],[[383486,500650],[-654,-272]],[[382350,500916],[-470,-971]],[[381782,499928],[-101,173]],[[381594,500393],[-121,59]],[[466556,278751],[36,-9]],[[468280,278340],[3994,-1013]],[[474304,276978],[952,-394]],[[475308,276610],[-33,-223]],[[475581,276045],[50,-194]],[[475996,274782],[39,-201]],[[476123,274374],[298,-400]],[[476421,273974],[140,-53]],[[476561,273921],[222,-151]],[[476783,273770],[6,-61]],[[476789,273709],[51,-205]],[[476840,273504],[34,-423]],[[476874,273081],[-4,-717]],[[476870,272364],[1737,-12868]],[[478607,259496],[-286,-2366]],[[478321,257130],[-9,-353]],[[478312,256777],[47,-1353]],[[478359,255424],[-16,-1387]],[[478343,254037],[-811,-8514]],[[477532,245523],[-3012,750]],[[474520,246273],[-6408,1616]],[[409002,204609],[-2615,-6378]],[[406196,197804],[-25249,-3036]],[[382351,196819],[291,-14]],[[382831,196584],[283,20]],[[368369,231034],[142,160]],[[368511,231194],[2496,14642]],[[371007,245836],[11,157]],[[371018,245993],[-7173,59719]],[[363845,305712],[113,562]],[[386254,298598],[-60,-499]],[[386312,297695],[98,-154]],[[386621,297040],[67,-85]],[[387176,295381],[174,429]],[[387494,296138],[201,-117]],[[388394,294580],[464,-512]],[[389066,293203],[209,-218]],[[389311,293027],[81,208]],[[391823,288628],[110,-92]],[[392046,288837],[680,-463]],[[392802,288061],[-59,-203]],[[394429,269555],[58,-596]],[[402962,263819],[100,-268]],[[403440,262980],[5586,-58291]],[[454349,634760],[11155,41563]],[[465504,676323],[59,105]],[[466143,678672],[-241,221]],[[465890,678977],[78,330]],[[539938,649367],[6,-7211]],[[539944,642156],[-2576,-25640]],[[537368,616516],[-23,-8]],[[536291,617025],[-38,141]],[[533388,619224],[-107,590]],[[474558,570196],[-126,-120]],[[470904,558330],[-199,-124]],[[465487,563927],[-11152,56527]],[[454335,620454],[14,14306]],[[321422,411822],[-11489,2704]],[[309933,414526],[-10118,2647]],[[301455,433807],[327,2717]],[[301782,436524],[26854,10711]],[[328636,447235],[4670,-1778]],[[334053,442436],[26,-258]],[[338704,436814],[64,-76]],[[380930,450895],[1,-24]],[[381186,450400],[196,-46]],[[381599,450470],[-151,-361]],[[374618,425719],[-159,174]],[[381466,390586],[-3573,1510]],[[332178,382546],[-23,-279]],[[332155,382267],[-7696,28860]],[[324459,411127],[-3037,695]],[[115504,831157],[1,-32046]],[[134594,717757],[15,-4699]],[[134299,623589],[18,-12924]],[[112846,588663],[-27357,4986]],[[440234,303374],[-149,-291]],[[439488,302014],[-200,-1696]],[[439429,299215],[-10480,-12067]],[[428042,285954],[-813,203]],[[427099,286003],[-589,-107]],[[426256,286133],[36,463]],[[425741,288471],[-152,372]],[[425257,289349],[-304,-46]],[[430552,302210],[3029,2354]],[[433581,304564],[65,52]],[[433646,304616],[1481,814]],[[437513,302958],[509,419]],[[97659,591417],[15187,-2754]],[[112846,588663],[21471,22002]],[[134317,610665],[-8,8368]],[[168221,544370],[180,0]],[[169492,538778],[17,-200]],[[169549,538151],[30,-208]],[[174445,526528],[330,-122]],[[175342,524879],[178,-1219]],[[179522,517762],[56,-202]],[[142040,465882],[-9,-4771]],[[140627,462839],[-142,397]],[[106720,463426],[-138,79]],[[106497,463762],[-88,116]],[[105852,464454],[-192,-63]],[[97522,451459],[-268,-111]],[[93564,452372],[-153,-154]],[[92894,450404],[-57,124]],[[90891,450969],[337,-51]],[[91282,450806],[43,-147]],[[91322,450586],[-155,-210]],[[86845,569194],[8407,-1733]],[[447933,373073],[37,-129]],[[447744,370817],[98,-112]],[[447886,370672],[215,-438]],[[448115,370208],[-112,-400]],[[447721,368932],[-60,-285]],[[447701,339851],[-10,-337]],[[447735,339443],[328,-299]],[[447874,338187],[-1,-426]],[[448301,336634],[-15,-79]],[[447507,334070],[4,-114]],[[447533,333902],[124,-93]],[[447771,333862],[74,-141]],[[441043,332600],[-882,71]],[[439881,332483],[-829,-1334]],[[438074,329517],[-50,139]],[[438024,329656],[-8051,1846]],[[429973,331502],[-55,28]],[[429918,331530],[-80,-58]],[[429838,331472],[-305,237]],[[429533,331709],[1172,1259]],[[430705,332968],[79,307]],[[430784,333275],[-159,580]],[[430625,333855],[46,606]],[[430671,334461],[-6991,4960]],[[423680,339421],[-1600,767]],[[414395,360747],[-407,826]],[[412609,364287],[-233,393]],[[411594,377564],[63,-1]],[[411886,377410],[-4,-133]],[[414988,376822],[181,230]],[[415217,377080],[26,55]],[[414869,377473],[-7,486]],[[415048,378067],[216,140]],[[415394,378366],[87,12]],[[417283,380401],[62,339]],[[417448,380776],[36,-360]],[[419931,380126],[204,-230]],[[421702,379105],[102,11]],[[422701,377664],[185,-204]],[[422935,377438],[144,-73]],[[436449,373588],[-538,404]],[[435995,375863],[201,45]],[[436237,375773],[159,-159]],[[436832,376198],[95,-69]],[[436998,375741],[364,-294]],[[437767,375832],[20,69]],[[441517,375017],[6717,-1446]],[[682360,674239],[720,-2656]],[[688252,615427],[-138,148]],[[688114,615575],[-44626,-2572]],[[585008,701507],[-170,223]],[[582239,709544],[61569,951]],[[466556,278751],[1556,-30862]],[[468112,247889],[115,-32]],[[468227,247857],[-3737,-3997]],[[464490,243860],[-7939,22292]],[[456551,266152],[-1933,12218]],[[454618,278370],[2291,-568]],[[456909,277802],[1531,-428]],[[458440,277374],[538,-98]],[[458978,277276],[871,1743]],[[459849,279019],[6707,-268]],[[478014,276040],[-1642,-1999]],[[476372,274041],[-249,333]],[[476123,274374],[-88,207]],[[476035,274581],[-39,201]],[[475996,274782],[-365,1069]],[[475631,275851],[-50,194]],[[475581,276045],[-306,342]],[[475275,276387],[33,223]],[[475308,276610],[-52,-26]],[[475256,276584],[2,513]],[[473618,286857],[-105,-62]],[[473475,286795],[-160,180]],[[473231,287062],[-28,118]],[[473154,287311],[-46,295]],[[472503,289388],[1,353]],[[472472,289915],[-32,4]],[[472238,290112],[-65,280]],[[472185,290485],[21,422]],[[472240,291761],[127,34]],[[472342,292036],[-55,242]],[[472340,292294],[77,366]],[[472421,292813],[97,307]],[[472477,293236],[90,140]],[[472546,293563],[30,276]],[[472652,293834],[70,43]],[[472752,293839],[27,159]],[[472845,294145],[43,19]],[[472907,294119],[100,96]],[[473181,294599],[37,-71]],[[473232,294700],[-51,91]],[[473097,294995],[30,79]],[[473552,295595],[147,54]],[[473929,295789],[23,71]],[[474314,297880],[37,562]],[[474509,299011],[1148,959]],[[476271,299632],[456,-142]],[[482083,300931],[773,20]],[[486286,298599],[-24,-236]],[[483517,271137],[-226,57]],[[483291,271194],[-1288,3864]],[[482003,275058],[-3989,982]],[[628020,268131],[282,366]],[[628298,268689],[219,251]],[[629148,267655],[261,325]],[[629581,269072],[528,-178]],[[630667,267778],[102,16]],[[641916,227972],[-11,-191]],[[640944,222583],[-103,-148]],[[640327,221925],[-117,-346]],[[640076,220694],[-17,-160]],[[638193,214612],[-36,-235]],[[637633,213859],[-71,35]],[[637459,213816],[-128,89]],[[637322,213865],[19,-146]],[[635987,212368],[-223,33]],[[635587,212053],[30,-126]],[[588148,190107],[236,1221]],[[588384,191328],[766,2067]],[[589150,193395],[38870,74736]],[[359790,729547],[27,1100]],[[359817,730647],[7662,2917]],[[367479,733564],[13,157]],[[367492,733721],[1003,-869]],[[368495,732852],[-17,-18]],[[368478,732834],[5910,-25501]],[[374388,707333],[65,-96]],[[374453,707237],[91,-833]],[[374544,706404],[47,-179]],[[374591,706225],[-247,-383]],[[374344,705842],[-110,6]],[[374234,705848],[-2778,-17771]],[[371456,688077],[-45,-137]],[[371411,687940],[-398,-6963]],[[371013,680977],[110,-359]],[[371123,680618],[4828,-47550]],[[375951,633068],[1586,-3262]],[[377537,629806],[-35531,-116406]],[[341949,513374],[-5496,1346]],[[325316,512410],[-1558,316]],[[323758,512726],[-16224,14714]],[[307534,527440],[-1806,2943]],[[305728,530383],[-1690,842]],[[304038,531225],[-943,1349]],[[303095,532574],[-128,8298]],[[302967,540872],[-161,1798]],[[302806,542670],[-23616,3095]],[[279190,545765],[-20,56]],[[278823,547460],[-23,59]],[[278768,547755],[83,392]],[[278883,548172],[155,373]],[[279459,549475],[77,160]],[[279157,550518],[-37,66]],[[278974,550590],[65,200]],[[278996,550914],[-97,-57]],[[278882,550890],[172,376]],[[282883,561124],[22,54]],[[281761,575096],[-32,131]],[[276395,577836],[66,402]],[[264840,600779],[-138,245]],[[264107,602749],[-41,238]],[[264083,603230],[57,504]],[[262690,608894],[-44,86]],[[262646,608980],[18591,112117]],[[281237,721097],[-669,3]],[[280568,721100],[79222,8447]],[[381448,450109],[151,361]],[[381599,450470],[-217,-116]],[[381382,450354],[-196,46]],[[381186,450400],[-255,471]],[[380931,450871],[22,235]],[[399573,464012],[-12,135]],[[440185,384271],[-8,-440]],[[438287,378253],[-159,-191]],[[437609,376550],[-67,-11]],[[437753,375961],[14,-129]],[[437767,375832],[-405,-385]],[[437362,375447],[-364,294]],[[436998,375741],[-71,388]],[[436927,376129],[-95,69]],[[436832,376198],[-436,-584]],[[436396,375614],[-159,159]],[[436237,375773],[-41,135]],[[436196,375908],[-201,-45]],[[435995,375863],[-84,-1871]],[[435911,373992],[538,-404]],[[436449,373588],[-13370,3777]],[[423079,377365],[-144,73]],[[422935,377438],[-49,22]],[[422886,377460],[-185,204]],[[422701,377664],[-897,1452]],[[421804,379116],[-102,-11]],[[421702,379105],[-1567,791]],[[420135,379896],[-204,230]],[[419931,380126],[-2447,290]],[[417484,380416],[-36,360]],[[417448,380776],[-103,-36]],[[417345,380740],[-62,-339]],[[417283,380401],[-1802,-2023]],[[415481,378378],[-87,-12]],[[415394,378366],[-130,-159]],[[415264,378207],[-216,-140]],[[415048,378067],[-186,-108]],[[414862,377959],[7,-486]],[[414869,377473],[374,-338]],[[415243,377135],[-26,-55]],[[415217,377080],[-48,-28]],[[415169,377052],[-181,-230]],[[414988,376822],[-3106,455]],[[411882,377277],[4,133]],[[411886,377410],[-229,153]],[[411657,377563],[-63,1]],[[411594,377564],[782,-12884]],[[412376,364680],[233,-393]],[[412609,364287],[1379,-2714]],[[413988,361573],[126,-261]],[[403093,364465],[-1324,319]],[[386673,386026],[-212,259]],[[386183,386564],[-118,477]],[[385851,387222],[2,857]],[[385671,388806],[-4205,1780]],[[381466,390586],[-7007,35307]],[[374459,425893],[159,-174]],[[374618,425719],[6830,24390]],[[469181,308065],[-81,17]],[[462902,310149],[-341,270]],[[462561,310419],[-15,44]],[[462546,310463],[-77,228]],[[462469,310691],[-314,861]],[[462155,311552],[-173,480]],[[461982,312032],[-25,231]],[[461957,312263],[-791,999]],[[461166,313262],[-301,-58]],[[460865,313204],[-636,34]],[[460229,313238],[-448,381]],[[459781,313619],[-46,85]],[[459735,313704],[-61,20]],[[459674,313724],[-93,75]],[[459581,313799],[-1307,-899]],[[458274,312900],[49,199]],[[458323,313099],[206,1260]],[[458529,314359],[173,776]],[[458702,315135],[85,582]],[[458787,315717],[-21,311]],[[458766,316028],[13,51]],[[458779,316079],[489,-122]],[[459268,315957],[239,670]],[[459507,316627],[25,641]],[[459532,317268],[-221,726]],[[459311,317994],[-330,-248]],[[458981,317746],[-38,243]],[[458943,317989],[135,284]],[[459078,318273],[37,66]],[[459115,318339],[58,6]],[[459173,318345],[425,-295]],[[459598,318050],[156,55]],[[459754,318105],[21,32]],[[459775,318137],[-372,412]],[[459403,318549],[905,725]],[[460308,319274],[65,-27]],[[460373,319247],[1260,889]],[[461633,320136],[1481,-1448]],[[463114,318688],[1250,3192]],[[464364,321880],[418,273]],[[464782,322153],[1073,-222]],[[465855,321931],[228,330]],[[467525,322553],[517,1005]],[[468129,323568],[96,-85]],[[470532,322592],[241,65]],[[477747,323082],[121,650]],[[477039,326219],[510,-202]],[[480666,329994],[158,513]],[[481378,328222],[-187,-546]],[[481233,327631],[471,42]],[[481736,327770],[-6,383]],[[481861,328268],[200,-89]],[[482189,328138],[145,-206]],[[482380,327788],[-5,-535]],[[482355,327123],[51,-127]],[[482447,326995],[366,760]],[[483208,329394],[54,-297]],[[483327,329247],[178,-255]],[[483360,328821],[203,-323]],[[483114,317013],[-1269,221]],[[474643,306136],[-20,-237]],[[469998,307839],[-169,64]],[[469811,307865],[-90,26]],[[469659,307951],[-237,59]],[[523378,502443],[-12,38]],[[546730,516812],[162,975]],[[546892,517787],[20187,-4933]],[[567079,512854],[113,-184]],[[567192,512670],[1049,-1164]],[[568241,511506],[319,-180]],[[568560,511326],[17823,-568]],[[586383,510758],[132,-88]],[[586515,510670],[356,-470]],[[586871,510200],[146,-417]],[[587017,509783],[611,-273]],[[587628,509510],[455,-209]],[[588083,509301],[1045,59]],[[589128,509360],[1005,254]],[[590133,509614],[529,399]],[[590662,510013],[240,-215]],[[590902,509798],[1284,-822]],[[592186,508976],[193,-327]],[[592379,508649],[1202,-1348]],[[593581,507301],[35,-384]],[[634696,453169],[-11160,-46681]],[[611111,349885],[-16447,4607]],[[594664,354492],[-204,-225]],[[594460,354267],[-5388,-1788]],[[589072,352479],[-269,-287]],[[588803,352192],[-3289,1773]],[[585514,353965],[-243,211]],[[585271,354176],[-169,857]],[[585102,355033],[-105,191]],[[584997,355224],[-1078,1543]],[[583919,356767],[-148,152]],[[583897,358109],[43,157]],[[570009,401606],[-50,206]],[[570174,403028],[-68,91]],[[569707,402714],[-88,220]],[[543197,466854],[-96,96]],[[609381,466798],[-13,-521]],[[606889,466063],[-242,-666]],[[606605,465063],[632,-201]],[[610974,459231],[-1870,-591]],[[617056,456990],[192,141]],[[612079,466392],[-139,36]],[[611780,465955],[-339,-98]],[[611188,465625],[-65,-13]],[[439709,316514],[-122,-1196]],[[439493,315250],[-307,-1044]],[[440031,311677],[-95,-1008]],[[441116,309621],[318,-505]],[[441423,308778],[-82,-170]],[[441039,308667],[-200,-119]],[[440775,308427],[-244,-902]],[[440337,304221],[16,-424]],[[440297,303519],[-63,-145]],[[440234,303374],[-2212,3]],[[438022,303377],[-509,-419]],[[437513,302958],[-2386,2472]],[[435127,305430],[-442,-238]],[[434685,305192],[-504,10138]],[[434181,315330],[284,-845]],[[436447,316679],[350,755]],[[437142,317787],[256,383]],[[437805,318599],[65,-739]],[[439138,316483],[139,79]],[[482083,300931],[-5356,-1441]],[[476727,299490],[-456,142]],[[476271,299632],[-614,338]],[[475657,299970],[-1049,5819]],[[474618,305798],[25,338]],[[474643,306136],[7202,11098]],[[481845,317234],[2035,-365]],[[485122,313771],[38,-179]],[[486369,299425],[-83,-826]],[[486286,298599],[-3430,2352]],[[482856,300951],[-773,-20]],[[446289,302153],[-4061,35]],[[441086,298970],[-1657,245]],[[439429,299215],[-141,1103]],[[439288,300318],[200,1696]],[[439488,302014],[597,1069]],[[440085,303083],[212,436]],[[440297,303519],[56,278]],[[440353,303797],[-16,424]],[[440337,304221],[194,3304]],[[440531,307525],[244,902]],[[440775,308427],[64,121]],[[440839,308548],[200,119]],[[441039,308667],[302,-59]],[[441341,308608],[82,170]],[[441423,308778],[11,338]],[[441434,309116],[-318,505]],[[441116,309621],[-1180,1048]],[[439936,310669],[-21,250]],[[443942,314146],[2534,-624]],[[446601,313306],[21,-392]],[[449813,306361],[-382,-4921]],[[449107,298197],[-490,-1029]],[[447577,301783],[-612,-361]],[[392454,312882],[1097,13041]],[[401225,363314],[544,1470]],[[401769,364784],[1324,-319]],[[403093,364465],[11021,-3153]],[[414114,361312],[281,-565]],[[414395,360747],[7685,-20559]],[[422080,340188],[389,-517]],[[422469,339671],[502,-33476]],[[422971,306195],[-12526,2693]],[[449009,315426],[488,-1499]],[[447174,313351],[-3232,795]],[[443942,314146],[-189,-529]],[[443753,313617],[-73,888]],[[442392,324646],[-214,41]],[[441453,325911],[-95,-100]],[[440893,326420],[-217,118]],[[438813,329071],[-739,446]],[[438074,329517],[978,1632]],[[439052,331149],[829,1334]],[[439881,332483],[280,188]],[[440161,332671],[882,-71]],[[441043,332600],[6616,720]],[[447659,333320],[-184,-357]],[[447475,332963],[108,-29]],[[447583,332934],[487,-496]],[[448070,332438],[68,-41]],[[448138,332397],[37,151]],[[448175,332548],[251,-37]],[[448426,332511],[-38,-244]],[[448388,332267],[-10,-184]],[[448378,332083],[80,-1773]],[[448458,330310],[-61,-232]],[[448397,330078],[11,-622]],[[448408,329456],[-185,-498]],[[448223,328958],[9,-37]],[[448232,328921],[175,-216]],[[448407,328705],[19,-310]],[[448426,328395],[-160,-296]],[[448266,328099],[630,-10861]],[[448896,317238],[-74,-76]],[[448822,317162],[-121,-51]],[[448701,317111],[34,-185]],[[448735,316926],[316,-906]],[[449051,316020],[-42,-594]],[[197804,899352],[-4163,674]],[[193641,900026],[-9278,-20709]],[[184363,879317],[46,-837]],[[184409,878480],[-2981,-3090]],[[181428,875390],[-787,247]],[[180641,875637],[-2642,-188]],[[177999,875449],[-2009,23]],[[175990,875472],[-216,36]],[[175774,875508],[-974,194]],[[115504,839089],[0,-7932]],[[115504,831157],[-74484,-56788]],[[0,774370],[173520,225629]],[[400158,481818],[-692,2600]],[[399466,484418],[192,564]],[[399658,484982],[14,92]],[[399672,485074],[-80,322]],[[399592,485396],[34836,32010]],[[434428,517406],[373,-228]],[[464177,514252],[66,-404]],[[481782,501188],[294,-106]],[[483269,501302],[175,-317]],[[484846,488743],[-274,-1659]],[[484571,486867],[1218,-290]],[[486814,487683],[-214,834]],[[486866,489138],[47,455]],[[486793,489656],[451,430]],[[487715,489561],[111,164]],[[487801,490724],[150,1082]],[[488050,492080],[248,813]],[[488442,493092],[1628,724]],[[490364,493679],[1358,380]],[[495330,494355],[195,-175]],[[495947,492257],[1839,-1297]],[[498083,490579],[153,-703]],[[498105,489519],[388,-613]],[[498676,486879],[18,-591]],[[498686,485978],[52,-685]],[[475453,383124],[-194,808]],[[472058,389195],[-572,443]],[[471739,391720],[-51,412]],[[471639,393575],[-1891,2066]],[[469303,396410],[-1799,-1464]],[[467241,393804],[-203,-904]],[[466922,392934],[-435,111]],[[465983,393949],[-715,1134]],[[451587,376192],[-43,-114]],[[448234,373571],[-6717,1446]],[[441517,375017],[-3730,884]],[[437787,375901],[-34,60]],[[437753,375961],[-211,578]],[[437542,376539],[67,11]],[[437609,376550],[519,1512]],[[438128,378062],[159,191]],[[438287,378253],[1890,5578]],[[440177,383831],[8,440]],[[440185,384271],[-40624,79876]],[[399561,464147],[-55,189]],[[398374,467189],[8,342]],[[400046,475716],[21,136]],[[399899,476540],[100,561]],[[399999,477101],[455,1240]],[[400454,478341],[-575,1662]],[[399879,480003],[279,1815]],[[582239,709544],[2599,-7814]],[[584838,701730],[258,-337]],[[586219,697424],[259,-369]],[[577119,659345],[-37181,-9955]],[[539938,649390],[0,-23]],[[539938,649367],[-73970,29940]],[[465968,679307],[-78,-330]],[[465890,678977],[12,-84]],[[465902,678893],[241,-221]],[[466143,678672],[-580,-2244]],[[465563,676428],[-284,-307]],[[465279,676121],[-1440,1119]],[[463839,677240],[-252,-41]],[[463587,677199],[-35,19]],[[463552,677218],[-46,95]],[[463506,677313],[-24476,19404]],[[439030,696717],[50,-232]],[[439080,696485],[-2330,339]],[[436750,696824],[-146,83]],[[436604,696907],[-341,261]],[[436263,697168],[-73,-6]],[[436190,697162],[-1276,-2354]],[[434914,694808],[25,-183]],[[434939,694625],[-3167,-692]],[[431772,693933],[150467,15611]],[[468280,278340],[-1688,402]],[[466592,278742],[-6295,4883]],[[460297,283625],[-787,5157]],[[459510,288782],[239,-177]],[[460883,289965],[175,2572]],[[461058,292537],[342,3920]],[[461400,296457],[11146,-2894]],[[472546,293563],[21,-187]],[[472567,293376],[-90,-140]],[[472477,293236],[41,-116]],[[472518,293120],[-97,-307]],[[472421,292813],[-4,-153]],[[472417,292660],[-77,-366]],[[472340,292294],[-53,-16]],[[472287,292278],[55,-242]],[[472342,292036],[25,-241]],[[472367,291795],[-127,-34]],[[472240,291761],[-34,-854]],[[472206,290907],[-21,-422]],[[472185,290485],[-12,-93]],[[472173,290392],[65,-280]],[[472238,290112],[202,-193]],[[472440,289919],[32,-4]],[[472472,289915],[32,-174]],[[472504,289741],[-1,-353]],[[472503,289388],[605,-1782]],[[473108,287606],[46,-295]],[[473154,287311],[49,-131]],[[473203,287180],[28,-118]],[[473231,287062],[84,-87]],[[473315,286975],[160,-180]],[[473475,286795],[38,0]],[[473513,286795],[105,62]],[[473618,286857],[1640,-9760]],[[475258,277097],[-954,-119]],[[474304,276978],[-2030,349]],[[472274,277327],[-3994,1013]],[[441453,325911],[725,-1224]],[[442178,324687],[214,-41]],[[442392,324646],[1288,-10141]],[[443680,314505],[73,-888]],[[443753,313617],[-3838,-2698]],[[439915,310919],[116,758]],[[440031,311677],[-845,2529]],[[439186,314206],[307,1044]],[[439493,315250],[94,68]],[[439587,315318],[122,1196]],[[439709,316514],[-432,48]],[[439277,316562],[-139,-79]],[[439138,316483],[-1268,1377]],[[437870,317860],[-65,739]],[[437805,318599],[-407,-429]],[[437398,318170],[-256,-383]],[[437142,317787],[-345,-353]],[[436797,317434],[-350,-755]],[[436447,316679],[-1982,-2194]],[[434465,314485],[-300,1247]],[[434165,315732],[27,80]],[[434192,315812],[312,861]],[[434504,316673],[-41,300]],[[434463,316973],[-33,167]],[[434430,317140],[2056,9548]],[[436486,326688],[2327,2383]],[[438813,329071],[1863,-2533]],[[440676,326538],[217,-118]],[[440893,326420],[465,-609]],[[441358,325811],[95,100]],[[330081,358663],[311,791]],[[330392,359454],[3188,5861]],[[333580,365315],[-1500,2645]],[[332080,367960],[-42,12866]],[[332038,380826],[140,1720]],[[332178,382546],[45715,9550]],[[377893,392096],[7778,-3290]],[[385671,388806],[182,-727]],[[385853,388079],[-2,-857]],[[385851,387222],[214,-181]],[[386065,387041],[118,-477]],[[386183,386564],[278,-279]],[[386461,386285],[212,-259]],[[386673,386026],[14552,-22712]],[[401225,363314],[-7674,-37391]],[[393551,325923],[-1097,-13041]],[[388700,294031],[-306,549]],[[388394,294580],[-699,1441]],[[387695,296021],[-201,117]],[[387494,296138],[-144,-328]],[[387350,295810],[-174,-429]],[[387176,295381],[-488,1574]],[[386688,296955],[-67,85]],[[386621,297040],[-211,501]],[[386410,297541],[-98,154]],[[386312,297695],[-118,404]],[[386194,298099],[60,499]],[[386254,298598],[-22296,7676]],[[363958,306274],[-4,-19]],[[363954,306255],[-36173,4166]],[[327781,310421],[-89,215]],[[327692,310636],[-1601,3096]],[[326091,313732],[-17,542]],[[326074,314274],[-20,105]],[[326054,314379],[64,110]],[[326118,314489],[351,187]],[[326469,314676],[670,-367]],[[327139,314309],[87,-26]],[[327226,314283],[125,189]],[[327351,314472],[380,1415]],[[327731,315887],[67,-6]],[[327798,315881],[441,4218]],[[328239,320099],[-235,376]],[[328004,320475],[-1933,7591]],[[326071,328066],[-56,-17]],[[326015,328049],[20,266]],[[326035,328315],[428,91]],[[326463,328406],[5703,1149]],[[332166,329555],[199,2490]],[[332365,332045],[-2284,26618]],[[461711,226285],[6299,-6649]],[[468010,219636],[363,1759]],[[468373,221395],[6499,-3795]],[[474872,217600],[-92,-1054]],[[474780,216546],[57,-780]],[[474837,215766],[4329,-3378]],[[479166,212388],[-17455,13897]],[[440369,151087],[4,69],[67,-10],[-9,-93],[-62,34]],[[440421,151236],[19,-51],[-50,78],[31,-27]],[[440297,151124],[12,67],[69,47],[-45,-108],[-36,-6]],[[438983,151085],[-19,40],[12,35],[20,-9],[-13,-66]],[[438360,149525],[37,163],[67,-77],[-20,-165],[-84,79]],[[438305,149038],[34,-34],[-61,-46],[-5,64],[32,16]],[[438048,150217],[-18,16],[35,28],[6,-18],[-23,-26]],[[438025,150826],[-2,37],[30,6],[-7,-40],[-21,-3]],[[438028,150721],[-15,23],[29,5],[-14,-28]],[[438013,150313],[-12,18],[13,14],[10,-15],[-11,-17]],[[437999,150602],[-18,9],[1,18],[23,5],[-6,-32]],[[437953,150454],[-47,40],[12,71],[59,-43],[-24,-68]],[[437881,150545],[1,69],[32,7],[-1,-39],[-32,-37]],[[427057,173788],[-2,48],[22,15],[10,-65],[-30,2]],[[421793,182334],[30,42],[44,-20],[-17,-23],[-57,1]],[[421829,181792],[-31,16],[3,18],[22,12],[6,-46]],[[421761,182035],[-6,58],[34,-29],[-7,-29],[-21,0]],[[421779,181751],[-12,18],[13,23],[8,-24],[-9,-17]],[[421733,182308],[-1,49],[27,27],[-7,-54],[-19,-22]],[[421308,182657],[-7,30],[10,29],[18,-20],[-21,-39]],[[421079,183113],[1,36],[36,29],[-16,-48],[-21,-17]],[[420787,183633],[4,-29],[-10,-5],[-5,29],[11,5]],[[339083,477199],[-959,883]],[[338124,478082],[-16146,28411]],[[321978,506493],[89,183]],[[322067,506676],[2129,5961]],[[324196,512637],[1120,-227]],[[325316,512410],[11137,2310]],[[336453,514720],[5496,-1346]],[[341949,513374],[57,26]],[[342006,513400],[39467,-12948]],[[381473,500452],[121,-59]],[[381594,500393],[87,-292]],[[381681,500101],[101,-173]],[[381782,499928],[98,17]],[[381880,499945],[470,971]],[[382350,500916],[482,-538]],[[382832,500378],[654,272]],[[383486,500650],[11,180]],[[383497,500830],[11,338]],[[383508,501168],[170,1536]],[[383678,502704],[25,391]],[[383703,503095],[-171,1606]],[[383532,504701],[30,357]],[[383562,505058],[171,327]],[[383733,505385],[170,293]],[[383903,505678],[-29,409]],[[383874,506087],[206,387]],[[384080,506474],[17,180]],[[384097,506654],[822,969]],[[384919,507623],[125,16]],[[385044,507639],[100,-131]],[[385144,507508],[140,-1148]],[[385284,506360],[26,-275]],[[385310,506085],[848,-1407]],[[386158,504678],[121,-494]],[[386279,504184],[3603,-380]],[[389882,503804],[101,355]],[[389983,504159],[23,49]],[[390006,504208],[124,-123]],[[390130,504085],[9769,-27545]],[[399899,476540],[168,-688]],[[400067,475852],[-21,-136]],[[400046,475716],[-1664,-8185]],[[398382,467531],[-8,-342]],[[398374,467189],[1132,-2853]],[[399506,464336],[67,-324]],[[399573,464012],[-18620,-12906]],[[380953,451106],[-23,-211]],[[380930,450895],[-42162,-14157]],[[338768,436738],[-64,76]],[[338704,436814],[-4625,5364]],[[334079,442178],[-26,258]],[[334053,442436],[-747,3021]],[[333306,445457],[339,670]],[[333645,446127],[37,559]],[[333682,446686],[158,327]],[[333840,447013],[151,311]],[[333991,447324],[110,256]],[[334101,447580],[1099,19381]],[[335200,466961],[4,445]],[[335204,467406],[1502,237]],[[336706,467643],[199,84]],[[336905,467727],[316,1998]],[[337221,469725],[660,1044]],[[337881,470769],[705,488]],[[338586,471257],[543,1105]],[[339129,472362],[-46,4837]],[[96962,249671],[4828,26917]],[[101790,276588],[7,-46]],[[184316,306096],[309,360]],[[184625,306456],[27349,650]],[[211974,307106],[2016,-452]],[[213990,306654],[25276,-5701]],[[239266,300953],[-15,-82]],[[239251,300871],[-2002,-10410]],[[237249,290461],[-87,-225]],[[237162,290236],[-1103,-3023]],[[236059,287213],[-246,44]],[[235813,287257],[-224,-204]],[[235589,287053],[-72,-92]],[[235517,286961],[34,-280]],[[235551,286681],[53,-43]],[[235604,286638],[1179,-1962]],[[236783,284676],[80,-156]],[[236863,284520],[-27944,-78670]],[[208919,205850],[-962,-10133]],[[207957,195717],[-1162,-2071]],[[206795,193646],[230,-977]],[[207025,192669],[366,-30]],[[207391,192639],[130,-30]],[[207521,192609],[1893,-549]],[[209414,192060],[299,224]],[[209713,192284],[3161,-57859]],[[212874,134425],[98,-378]],[[212972,134047],[159,-1707]],[[213131,132340],[-8,-127]],[[213123,132213],[1393,-5277]],[[214516,126936],[44,-160]],[[214560,126776],[-13,-242]],[[214547,126534],[-303,-684]],[[214244,125850],[-166,-846]],[[214078,125004],[-30288,35947]],[[167573,191980],[-207,-39]],[[162947,178604],[-61728,24542]],[[101219,203146],[-2577,42311]],[[98642,245457],[-1680,4214]],[[498738,485293],[-52,685]],[[498686,485978],[8,310]],[[498694,486288],[-18,591]],[[498676,486879],[-137,1968]],[[498539,488847],[432,-297]],[[500547,487165],[744,-521]],[[505199,484898],[363,405]],[[505493,485501],[86,239]],[[523261,502709],[117,-266]],[[523378,502443],[19723,-35493]],[[543101,466950],[96,-96]],[[543197,466854],[26422,-63920]],[[569619,402934],[88,-220]],[[569707,402714],[399,405]],[[570106,403119],[68,-91]],[[570174,403028],[-215,-1216]],[[569959,401812],[50,-206]],[[570009,401606],[13205,-32825]],[[549449,370588],[-39,-20]],[[548285,371216],[-90,-279]],[[545371,371652],[-401,-843]],[[544228,369443],[-276,22]],[[533315,361644],[-100,-77]],[[497537,370658],[-132,72]],[[491920,366394],[-860,184]],[[477502,379472],[193,2274]],[[475599,382909],[23139,102384]],[[461002,335953],[-61,-18]],[[460890,335869],[-456,-342]],[[477087,375880],[-30,256]],[[477114,376552],[-5,255]],[[477058,376984],[247,567]],[[477360,377778],[142,1694]],[[477502,379472],[13558,-12894]],[[491060,366578],[634,-136]],[[486750,329647],[-25,-99]],[[486685,329550],[-103,99]],[[483807,328359],[-447,462]],[[483360,328821],[145,171]],[[483505,328992],[-178,255]],[[483327,329247],[-65,-150]],[[483262,329097],[-54,297]],[[483208,329394],[-395,-1639]],[[482813,327755],[-366,-760]],[[482447,326995],[-41,1]],[[482406,326996],[-51,127]],[[482355,327123],[20,130]],[[482375,327253],[5,535]],[[482380,327788],[-46,144]],[[482334,327932],[-145,206]],[[482189,328138],[-128,41]],[[482061,328179],[-200,89]],[[481861,328268],[-131,-115]],[[481730,328153],[6,-383]],[[481736,327770],[-32,-97]],[[481704,327673],[-471,-42]],[[481233,327631],[-42,45]],[[481191,327676],[187,546]],[[481378,328222],[-554,2285]],[[480824,330507],[-158,-513]],[[480666,329994],[-3117,-3977]],[[477549,326017],[-510,202]],[[477039,326219],[829,-2487]],[[477868,323732],[-121,-650]],[[477747,323082],[-6974,-425]],[[470773,322657],[-241,-65]],[[470532,322592],[-2307,891]],[[468225,323483],[-96,85]],[[468129,323568],[-87,-10]],[[468042,323558],[-517,-1005]],[[467525,322553],[-1442,-292]],[[466083,322261],[-154,-275]],[[465929,321986],[-5099,11064]],[[460830,333050],[-201,252]],[[460629,333302],[-2291,959]],[[458338,334261],[3567,-593]],[[462199,334969],[7,332]],[[462171,335374],[-312,13]],[[206985,612924],[55564,-3472]],[[262549,609452],[141,-558]],[[262690,608894],[1450,-5160]],[[264140,603734],[-57,-504]],[[264083,603230],[-17,-243]],[[264066,602987],[41,-238]],[[264107,602749],[595,-1725]],[[264702,601024],[138,-245]],[[264840,600779],[11621,-22541]],[[276461,578238],[-66,-402]],[[276395,577836],[5334,-2609]],[[281729,575227],[32,-131]],[[281761,575096],[1144,-13918]],[[282905,561178],[-22,-54]],[[282883,561124],[-3829,-9858]],[[279054,551266],[-172,-376]],[[278882,550890],[17,-33]],[[278899,550857],[97,57]],[[278996,550914],[43,-124]],[[279039,550790],[-65,-200]],[[278974,550590],[146,-6]],[[279120,550584],[37,-66]],[[279157,550518],[379,-883]],[[279536,549635],[-77,-160]],[[279459,549475],[-421,-930]],[[279038,548545],[-155,-373]],[[278883,548172],[-32,-25]],[[278851,548147],[-83,-392]],[[278768,547755],[32,-236]],[[278800,547519],[23,-59]],[[278823,547460],[347,-1639]],[[279170,545821],[100,-264]],[[279270,545557],[1639,-2424]],[[280909,543133],[125,-177]],[[281034,542956],[2673,-8481]],[[283707,534475],[311,-865]],[[284018,533610],[132,-313]],[[284150,533297],[-413,-1086]],[[283737,532211],[-563,-2760]],[[283174,529451],[240,-589]],[[283414,528862],[763,-3902]],[[284177,524960],[251,-536]],[[284428,524424],[57,-1722]],[[284485,522702],[-340,-1100]],[[284145,521602],[-43,-3465]],[[284102,518137],[-150,-571]],[[283952,517566],[-436,-1558]],[[283516,516008],[-49,-220]],[[283467,515788],[-115,-177]],[[283352,515611],[-154,-102]],[[283198,515509],[-3644,-9185]],[[279554,506324],[73,-461]],[[279627,505863],[315,-598]],[[279942,505265],[110,-508]],[[280052,504757],[100,-197]],[[280152,504560],[-728,172]],[[238117,454893],[-538,115]],[[237579,455008],[-64136,-31371]],[[141998,459092],[148,1533]],[[142031,461166],[9,4716]],[[142040,465882],[37538,51678]],[[179578,517560],[-56,202]],[[179522,517762],[-4002,5898]],[[175520,523660],[-178,1219]],[[175342,524879],[-567,1527]],[[174775,526406],[-330,122]],[[174445,526528],[-4866,11415]],[[169579,537943],[-30,208]],[[169549,538151],[-40,427]],[[169509,538578],[-17,200]],[[169492,538778],[-1091,5592]],[[168401,544370],[3061,16]],[[450028,295422],[1926,-525]],[[451954,294897],[-1539,-5286]],[[450415,289611],[30,-70]],[[450445,289541],[-1342,-1632]],[[449103,287909],[-8017,11061]],[[441086,298970],[1142,3218]],[[442228,302188],[4061,-35]],[[446289,302153],[676,-731]],[[446965,301422],[612,361]],[[447577,301783],[1040,-4615]],[[448617,297168],[299,-1234]],[[251781,455347],[-73,-55]],[[251708,455292],[-189,-532]],[[251519,454760],[-306,-193]],[[251213,454567],[-297,-453]],[[250916,454114],[-10739,132]],[[240177,454246],[-92,205]],[[240085,454451],[-1759,397]],[[238326,454848],[-209,45]],[[238117,454893],[41307,49839]],[[279424,504732],[757,-345]],[[280181,504387],[10083,-21804]],[[290264,482583],[-1174,-13745]],[[289090,468838],[64,-14594]],[[289154,454244],[101,-978]],[[289255,453266],[-26,-1702]],[[289229,451564],[5,-225]],[[289234,451339],[-85,-408]],[[289149,450931],[-154,-1054]],[[288995,449877],[12779,-12865]],[[301774,437012],[-319,-3205]],[[301455,433807],[-1640,-16634]],[[299815,417173],[-7,2]],[[299808,417175],[1584,-56927]],[[301392,360248],[-21476,-18576]],[[279916,341672],[-299,109]],[[279617,341781],[-227,-287]],[[279390,341494],[-91,-540]],[[279299,340954],[129,-218]],[[279428,340736],[129,-69]],[[279557,340667],[-212,-65]],[[279345,340602],[-186,-268]],[[279159,340334],[-83,-172]],[[279076,340162],[-30,-40]],[[279046,340122],[-62,-14]],[[278984,340108],[-288,-13]],[[278696,340095],[-147,74]],[[278549,340169],[-141,-82]],[[278408,340087],[-58,42]],[[278350,340129],[-1,52]],[[278349,340181],[-1,221]],[[278348,340402],[-209,-261]],[[278139,340141],[-158,-293]],[[277981,339848],[-1,-32]],[[277980,339816],[-75,-55]],[[277905,339761],[-566,-1528]],[[277339,338233],[-43,-49]],[[277296,338184],[-41,17]],[[277255,338201],[-54,203]],[[277201,338404],[-1392,-633]],[[275809,337771],[-170,-32]],[[275639,337739],[-46,23]],[[275593,337762],[39,298]],[[275632,338060],[-1919,-209]],[[273713,337851],[-320,-465]],[[273393,337386],[-11918,-18845]],[[261475,318541],[-84,-122]],[[261391,318419],[-130,524]],[[261261,318943],[-81,112]],[[261180,319055],[-8573,3379]],[[252607,322434],[-49,428]],[[252558,322862],[-2515,509]],[[250043,323371],[-135,-371]],[[249908,323000],[-29,-24]],[[249879,322976],[-131,232]],[[249748,323208],[-2040,923]],[[247708,324131],[-80,-11]],[[247628,324120],[7554,127020]],[[255182,451140],[-389,-295]],[[254793,450845],[-59,-70]],[[254734,450775],[-364,269]],[[254370,451044],[-190,150]],[[254180,451194],[-135,183]],[[254045,451377],[-1452,3789]],[[252593,455166],[-235,233]],[[252358,455399],[-111,146]],[[252247,455545],[-115,17]],[[252132,455562],[-216,-244]],[[251916,455318],[-135,29]],[[413656,203624],[-487,2345],[1662,3176],[2673,-1190],[-3848,-4331]],[[415692,207359],[-140,141],[-38,128],[391,-190],[-213,-79]],[[409002,204609],[24,80]],[[409026,204689],[-2830,-6885]],[[406196,197804],[191,427]],[[406387,198231],[2615,6378]],[[413539,204445],[-219,-331],[-292,266],[487,403],[24,-338]],[[410337,202479],[76,135],[48,-163],[-62,-17],[-62,45]],[[518413,187673],[14391,12204]],[[532804,199877],[93,940]],[[532897,200817],[55251,-10710]],[[588148,190107],[10698,-47102]],[[620671,106720],[-87975,9986]],[[532696,116706],[3397,10254]],[[536093,126960],[949,5039]],[[537042,131999],[-18629,55674]],[[68175,350846],[46,242]],[[68221,351088],[-408,436]],[[67813,351524],[6,138]],[[67819,351662],[-10872,52904]],[[56947,404566],[-4640,1117]],[[72418,452304],[72,-205]],[[72684,451760],[212,124]],[[74557,454832],[165,127]],[[84826,447803],[322,-208]],[[88146,450747],[9,113]],[[88173,450891],[168,-141]],[[89827,449577],[25,-97]],[[90391,450864],[226,188]],[[90791,450033],[376,343]],[[91167,450376],[155,210]],[[91322,450586],[3,73]],[[91325,450659],[-43,147]],[[91282,450806],[-54,112]],[[91228,450918],[-337,51]],[[90891,450969],[1946,-441]],[[92837,450528],[57,-124]],[[92894,450404],[517,1814]],[[93411,452218],[153,154]],[[93564,452372],[3690,-1024]],[[97254,451348],[268,111]],[[97522,451459],[8138,12932]],[[105660,464391],[192,63]],[[105852,464454],[557,-576]],[[106409,463878],[88,-116]],[[106497,463762],[85,-257]],[[106582,463505],[138,-79]],[[106720,463426],[33765,-190]],[[140485,463236],[142,-397]],[[140627,462839],[1404,-1728]],[[142031,461111],[0,55]],[[142031,461166],[115,-541]],[[142146,460625],[-148,-1533]],[[141998,459092],[31445,-35455]],[[173443,423637],[10954,-117117]],[[184397,306520],[-81,-424]],[[184316,306096],[-82519,-29554]],[[101797,276542],[-193,447]],[[101604,276989],[-23048,60849]],[[78556,337838],[-72,336]],[[78484,338174],[-213,1072]],[[78271,339246],[-186,371]],[[78085,339617],[-1311,2047]],[[76774,341664],[-50,301]],[[76724,341965],[-314,582]],[[76410,342547],[5,229]],[[76415,342776],[-384,333]],[[76031,343109],[154,276]],[[76185,343385],[-6410,496]],[[69775,343881],[-68,11]],[[69707,343892],[-339,4258]],[[69368,348150],[89,136]],[[69457,348286],[-1282,2560]],[[450028,295422],[-1112,512]],[[448916,295934],[191,2263]],[[449107,298197],[324,3243]],[[449431,301440],[0,404]],[[449619,301488],[228,-461]],[[450341,300801],[351,68]],[[451153,300733],[61,23]],[[451207,301402],[430,-69]],[[451972,301374],[394,189]],[[452682,301248],[268,132]],[[453295,300908],[233,-170]],[[453528,300738],[649,-753]],[[454177,299985],[3895,-6743]],[[458072,293242],[210,-528]],[[458282,292714],[2780,-448]],[[461062,292266],[-179,-2301]],[[460883,289965],[-1134,-1360]],[[459749,288605],[-1850,732]],[[457899,289337],[-1152,321]],[[456747,289658],[-281,231]],[[456466,289889],[-1526,2129]],[[454940,292018],[-630,1018]],[[454310,293036],[-93,117]],[[454217,293153],[-4189,2269]],[[443203,552705],[22284,11222]],[[465487,563927],[5218,-5721]],[[470705,558206],[199,124]],[[470904,558330],[3528,11746]],[[474432,570076],[126,120]],[[474558,570196],[58723,49618]],[[533281,619814],[107,-590]],[[533388,619224],[2865,-2058]],[[536253,617166],[38,-141]],[[536291,617025],[1054,-517]],[[537345,616508],[87,15]],[[537432,616523],[-1,-907]],[[537431,615616],[72,-63]],[[537503,615553],[9475,-97252]],[[546978,518301],[-248,-1489]],[[546730,516812],[-23364,-14331]],[[523366,502481],[-105,228]],[[523261,502709],[-17682,-16969]],[[505579,485740],[-86,-239]],[[505493,485501],[69,-198]],[[505562,485303],[-363,-405]],[[505199,484898],[-3908,1746]],[[501291,486644],[-744,521]],[[500547,487165],[-1576,1385]],[[498971,488550],[-432,297]],[[498539,488847],[-46,59]],[[498493,488906],[-388,613]],[[498105,489519],[131,357]],[[498236,489876],[-153,703]],[[498083,490579],[-297,381]],[[497786,490960],[-1839,1297]],[[495947,492257],[-422,1923]],[[495525,494180],[-195,175]],[[495330,494355],[-3608,-296]],[[491722,494059],[-1358,-380]],[[490364,493679],[-294,137]],[[490070,493816],[-1628,-724]],[[488442,493092],[-144,-199]],[[488298,492893],[-248,-813]],[[488050,492080],[-99,-274]],[[487951,491806],[-150,-1082]],[[487801,490724],[25,-999]],[[487826,489725],[-111,-164]],[[487715,489561],[-471,525]],[[487244,490086],[-451,-430]],[[486793,489656],[120,-63]],[[486913,489593],[-47,-455]],[[486866,489138],[-266,-621]],[[486600,488517],[214,-834]],[[486814,487683],[-1025,-1106]],[[485789,486577],[-1218,290]],[[484571,486867],[1,217]],[[484572,487084],[274,1659]],[[484846,488743],[-1402,12242]],[[483444,500985],[-175,317]],[[483269,501302],[-1193,-220]],[[482076,501082],[-294,106]],[[481782,501188],[-17539,12660]],[[464243,513848],[-66,404]],[[464177,514252],[-29376,2926]],[[434801,517178],[-669,409]],[[434132,517587],[-6279,29230]],[[427853,546817],[15326,636]],[[443179,547453],[24,5252]],[[323197,232867],[5676,6559]],[[328873,239426],[87,-1]],[[328960,239425],[35034,-9235]],[[363994,230190],[152,-111]],[[364146,230079],[501,916]],[[364647,230995],[158,282]],[[364805,231277],[3608,-194]],[[368413,231083],[-44,-49]],[[368369,231034],[14745,-34430]],[[383114,196604],[-283,-20]],[[382831,196584],[-189,221]],[[382642,196805],[-291,14]],[[382351,196819],[-1404,-2051]],[[380947,194768],[-47851,-63169]],[[333096,131599],[-9899,101268]],[[202336,892519],[-2986,6531]],[[199350,899050],[-31,36]],[[199319,899086],[-1515,266]],[[197804,899352],[-24284,100647]],[[173520,999999],[144971,-157171]],[[318491,842828],[-739,-7263]],[[317752,835565],[-9,-316]],[[317743,835249],[-97,-164]],[[317646,835085],[-59,-145]],[[317587,834940],[-57950,-25039]],[[259637,809901],[-14,-12901]],[[259623,797000],[-4,-732]],[[259619,796268],[13,-542]],[[259632,795726],[-21,-65]],[[259611,795661],[-653,16]],[[258958,795677],[-56622,96842]],[[683080,671583],[-1317,4862]],[[678024,691167],[122764,-142765]],[[800788,548402],[-67383,-4048]],[[733405,544354],[-10,-249]],[[733395,544105],[-146,-843]],[[733249,543262],[-11,-500]],[[733238,542762],[-2940,-1615]],[[730298,541147],[-321,-295]],[[729977,540852],[-3609,-3861]],[[726368,536991],[-537,-156]],[[725831,536835],[-337,-1807]],[[725494,535028],[-189,-87]],[[725305,534941],[-1365,615]],[[723940,535556],[-282,75]],[[723658,535631],[-2837,3830]],[[720821,539461],[-574,220]],[[720247,539681],[-654,754]],[[719593,540435],[-128,567]],[[719465,541002],[220,1174]],[[719685,542176],[34,244]],[[719719,542420],[21,741]],[[719740,543161],[-114,341]],[[719626,543502],[-230,142]],[[719396,543644],[-211,215]],[[719185,543859],[-2124,2031]],[[717061,545890],[-186,288]],[[716875,546178],[-429,686]],[[716446,546864],[-411,-90]],[[716035,546774],[-6629,3986]],[[709406,550760],[-418,378]],[[708988,551138],[-3254,10799]],[[705734,561937],[-341,49]],[[705393,561986],[-68,130]],[[705325,562116],[-79,73]],[[705246,562189],[-263,281]],[[704983,562470],[-95,241]],[[704888,562711],[-10566,8957]],[[694322,571668],[-873,605]],[[693449,572273],[63,446]],[[693512,572719],[-111,808]],[[693401,573527],[-420,315]],[[692981,573842],[-123,607]],[[692858,574449],[35,9939]],[[692893,584388],[202,412]],[[693095,584800],[-6740,20900]],[[686355,605700],[-142,215]],[[686213,605915],[65,155]],[[686278,606070],[54,1104]],[[686332,607174],[1546,7847]],[[687878,615021],[42,575]],[[687920,615596],[150,11]],[[688070,615607],[182,-180]],[[688252,615427],[-5172,56156]],[[577119,659345],[9359,37710]],[[586478,697055],[-259,369]],[[586219,697424],[-1123,3969]],[[585096,701393],[-88,114]],[[585008,701507],[58480,-88504]],[[643488,613003],[-3327,-4704]],[[640161,608299],[-84,10]],[[640077,608309],[-4668,-2121]],[[635409,606188],[-567,-381]],[[634842,605807],[2475,-17391]],[[637317,588416],[14,-221]],[[637331,588195],[-2120,-125132]],[[635211,463063],[-36,-182]],[[634722,462060],[-720,-428]],[[633755,461220],[46,-389]],[[634703,453441],[-7,-272]],[[634696,453169],[-41080,53748]],[[593616,506917],[-42,344]],[[593574,507261],[-3606,11274]],[[589968,518535],[-395,1508]],[[589573,520043],[11,934]],[[589584,520977],[44,431]],[[589628,521408],[5,106]],[[589633,521514],[85,653]],[[589718,522167],[1174,26356]],[[590892,548523],[12,122]],[[590904,548645],[-13785,110700]],[[167573,191980],[16217,-31029]],[[183790,160951],[-20843,17653]],[[162947,178604],[4419,13337]],[[167366,191941],[207,39]],[[711737,427653],[5338,14520]],[[717075,442173],[27,-19]],[[717102,442154],[-18052,-82366]],[[699050,359788],[-79,-30]],[[698971,359758],[-822,-867]],[[698149,358891],[-52,-150]],[[698097,358741],[-689,-321]],[[697408,358420],[-59,-78]],[[697349,358342],[1556,-11775]],[[698905,346567],[-2084,-19227]],[[696821,327340],[28811,-76933]],[[725632,250407],[-217,-479]],[[725415,249928],[165,-3020]],[[725580,246908],[-105,-101]],[[725475,246807],[-904,-153]],[[724571,246654],[-109,9]],[[724462,246663],[30347,23518]],[[754809,270181],[-88,-594]],[[754721,269587],[-1802,-6027]],[[752919,263560],[-132248,-156840]],[[620671,106720],[-21825,36285]],[[598846,143005],[36771,68922]],[[635617,211927],[-30,126]],[[635587,212053],[177,348]],[[635764,212401],[223,-33]],[[635987,212368],[1354,1351]],[[637341,213719],[-19,146]],[[637322,213865],[9,40]],[[637331,213905],[128,-89]],[[637459,213816],[103,78]],[[637562,213894],[71,-35]],[[637633,213859],[524,518]],[[638157,214377],[36,235]],[[638193,214612],[1866,5922]],[[640059,220534],[17,160]],[[640076,220694],[134,885]],[[640210,221579],[117,346]],[[640327,221925],[514,510]],[[640841,222435],[103,148]],[[640944,222583],[961,5198]],[[641905,227781],[11,191]],[[641916,227972],[-11147,39822]],[[630769,267794],[-102,-16]],[[630667,267778],[-558,1116]],[[630109,268894],[-528,178]],[[629581,269072],[-172,-1092]],[[629409,267980],[-261,-325]],[[629148,267655],[-631,1285]],[[628517,268940],[-219,-251]],[[628298,268689],[4,-192]],[[628302,268497],[-794,-80]],[[627508,268417],[-2030,-1603]],[[625478,266814],[-156,631]],[[625322,267445],[-9896,77262]],[[615426,344707],[-165,227]],[[615261,344934],[-189,446]],[[615072,345380],[-110,197]],[[614962,345577],[-3851,4308]],[[611111,349885],[12425,56603]],[[623536,406488],[11167,46953]],[[634703,453441],[-902,7390]],[[633801,460831],[-46,389]],[[633755,461220],[247,412]],[[634002,461632],[720,428]],[[634722,462060],[453,821]],[[635175,462881],[21,77]],[[635196,462958],[884,-634]],[[636080,462324],[245,-74]],[[636325,462250],[486,-408]],[[636811,461842],[52,-361]],[[636863,461481],[27563,-20242]],[[664426,441239],[47311,-13586]],[[660590,124575],[150,127],[146,-155],[-135,-87],[-161,115]],[[657594,119127],[-3599,-3699],[-3218,4029],[9953,3905],[-3136,-4235]],[[656573,112549],[-823,2088],[4843,3641],[-5125,-9404],[-510,-8],[1615,3683]],[[660045,119681],[279,32],[236,780],[-275,-929],[-445,155],[205,-38]],[[657679,118679],[-11,64],[49,103],[10,-34],[-48,-133]],[[654033,112210],[809,949],[119,-68],[-449,-573],[-479,-308]],[[653293,109515],[1421,-1688],[-8200,-1260],[5043,3128],[1736,-180]],[[654332,109228],[2,101],[67,-228],[40,-374],[-109,501]],[[652137,111905],[69,112],[867,204],[1122,1083],[-1369,-1387],[-689,-12]],[[653491,113514],[-2007,-426],[-1266,-1872],[894,2808],[2379,-510]],[[653189,111589],[-22,58],[77,-68],[-19,-36],[-36,46]],[[652957,111790],[39,57],[56,-210],[-27,4],[-68,149]],[[652058,109640],[163,-46],[36,-117],[-56,84],[-143,79]],[[651321,111719],[213,249],[218,-59],[-14,-35],[-417,-155]],[[651053,111789],[-8,113],[182,-64],[-55,-154],[-119,105]],[[649271,113748],[-526,9],[322,338],[808,-362],[-604,15]],[[647679,113513],[-809,1004],[2045,-1163],[-455,-348],[-781,507]],[[647093,109915],[310,345],[184,77],[-804,-783],[-188,219],[498,142]],[[646961,110500],[229,515],[225,-10],[-345,-641],[-109,136]],[[646335,109983],[-67,-374],[-258,-73],[295,528],[30,-81]],[[645989,112482],[147,-37],[22,-126],[-327,76],[158,87]],[[645156,111686],[686,-165],[142,-269],[-1100,-24],[272,458]],[[645717,110487],[29,153],[118,26],[-152,-370],[5,191]],[[645705,109216],[-192,-331],[-469,75],[578,1021],[83,-765]],[[643299,109377],[-983,-1503],[-603,1665],[2000,3485],[-414,-3647]],[[644140,111706],[-111,898],[-179,313],[916,-1203],[-626,-8]],[[644351,109173],[88,102],[65,-88],[-170,-62],[17,48]],[[644270,108242],[-12,37],[127,92],[-14,-87],[-101,-42]],[[643723,107705],[22,118],[522,-239],[-348,-205],[-196,326]],[[641476,101939],[1481,2621],[1248,506],[-5172,-7127],[-372,-221],[-355,344],[3170,3877]],[[643675,109044],[128,419],[86,16],[64,-371],[-278,-64]],[[643386,107745],[-326,-401],[-326,230],[542,364],[110,-193]],[[640233,107114],[1289,2395],[845,-2370],[-1936,-1361],[-198,1336]],[[641580,109615],[170,100],[15,-10],[-111,-92],[-188,-15],[114,17]],[[641177,47060],[-142,544],[352,-61],[35,-365],[-245,-118]],[[640760,103609],[148,266],[191,-156],[-111,-77],[-228,-33]],[[639755,102219],[271,405],[579,-573],[-740,-189],[-110,357]],[[639303,108420],[19,74],[364,112],[-26,-49],[-357,-137]],[[639496,104893],[-298,-160],[-54,-240],[-7,148],[140,347],[219,-95]],[[639346,107245],[21,302],[119,34],[-40,-279],[-100,-57]],[[639178,104227],[34,154],[275,-338],[-171,8],[-138,176]],[[639405,101839],[3,-344],[-260,235],[23,262],[164,202],[70,-355]],[[638992,107424],[18,137],[34,42],[-5,-251],[-47,72]],[[637120,108169],[788,1318],[1071,-240],[-228,-2689],[-1631,1611]],[[638442,110319],[140,57],[298,-460],[-147,35],[-291,368]],[[638356,46310],[104,561],[395,-281],[-302,-344],[-197,64]],[[637966,49314],[-331,661],[39,273],[585,-698],[-293,-236]],[[631632,103775],[4988,93],[1488,-1542],[-10293,-1713],[3817,3162]],[[632762,98737],[3769,700],[645,624],[-1856,-2018],[-2558,694]],[[625845,94610],[11161,-1246],[-13667,-9782],[-5648,3645],[-3368,8110],[11522,-727]],[[636374,53788],[279,-309],[84,-573],[-523,-200],[160,1082]],[[635408,112955],[228,637],[284,-13],[-176,-399],[-336,-225]],[[635136,107347],[155,189],[441,-14],[138,-108],[-734,-67]],[[635161,110376],[83,489],[322,289],[88,-774],[-493,-4]],[[634155,107333],[130,407],[294,223],[347,112],[223,-106],[-994,-636]],[[631887,92817],[2075,1363],[233,-677],[-1639,-247],[-669,-439]],[[632351,106012],[252,-654],[645,-495],[-1384,570],[487,579]],[[632428,108764],[50,144],[429,98],[-251,-298],[-228,56]],[[630419,107762],[-197,-446],[-948,159],[846,496],[299,-209]],[[630290,108707],[37,-322],[-222,85],[95,234],[90,3]],[[628772,106806],[-32,-266],[-474,-487],[-192,290],[698,463]],[[627105,103733],[11,60],[172,-51],[-98,-143],[-85,134]],[[626890,104486],[128,-190],[-57,-324],[-114,284],[43,230]],[[626830,102539],[-23,35],[40,80],[11,-66],[-28,-49]],[[626458,104020],[131,-759],[-349,-135],[118,1041],[100,-147]],[[625538,101028],[174,199],[653,-415],[-535,-199],[-292,415]],[[626070,106251],[91,282],[34,6],[19,-218],[-144,-70]],[[625815,104853],[403,-266],[-897,269],[199,119],[295,-122]],[[624055,103316],[221,362],[892,-616],[-567,58],[-546,196]],[[623234,94266],[170,938],[829,-300],[-597,-1019],[-402,381]],[[622955,93759],[-16,-250],[-282,-140],[196,384],[102,6]],[[622740,93753],[88,208],[50,30],[-83,-248],[-55,10]],[[621487,101297],[452,-572],[406,-250],[-542,157],[-316,665]],[[621212,94783],[83,323],[156,-151],[-77,-252],[-162,80]],[[619377,98710],[-27,587],[805,139],[-517,-722],[-261,-4]],[[614132,101113],[1728,413],[2631,-997],[-7052,-2637],[2693,3221]],[[614247,96055],[67,197],[162,-380],[-199,-248],[-30,431]],[[0,774370],[41020,-1]],[[41020,774369],[44469,-180720]],[[85489,593649],[12170,-2232]],[[97659,591417],[-2407,-23956]],[[95252,567461],[-8407,1733]],[[86845,569194],[3946,-119161]],[[90791,450033],[-174,1019]],[[90617,451052],[-226,-188]],[[90391,450864],[-539,-1384]],[[89852,449480],[-25,97]],[[89827,449577],[-1486,1173]],[[88341,450750],[-168,141]],[[88173,450891],[-18,-31]],[[88155,450860],[-9,-113]],[[88146,450747],[-2998,-3152]],[[85148,447595],[-322,208]],[[84826,447803],[-10104,7156]],[[74722,454959],[-165,-127]],[[74557,454832],[-1661,-2948]],[[72896,451884],[-212,-124]],[[72684,451760],[-194,339]],[[72490,452099],[-72,205]],[[72418,452304],[-20111,-46621]],[[52307,405683],[-4698,1083]],[[47609,406766],[-13441,-11781]],[[34168,394985],[-148,-735]],[[34020,394250],[-19258,-5214]],[[14762,389036],[-5460,9935]],[[9302,398971],[-8178,9905]],[[1124,408876],[-1124,365494]],[[461400,296457],[1295,13895]],[[462695,310352],[207,-203]],[[462902,310149],[6198,-2067]],[[469100,308082],[81,-17]],[[469181,308065],[241,-55]],[[469422,308010],[237,-59]],[[469659,307951],[62,-60]],[[469721,307891],[90,-26]],[[469811,307865],[18,38]],[[469829,307903],[169,-64]],[[469998,307839],[4625,-1940]],[[474623,305899],[-5,-101]],[[474618,305798],[-10,-9]],[[474608,305789],[-99,-6778]],[[474509,299011],[-158,-569]],[[474351,298442],[-37,-562]],[[474314,297880],[-362,-2020]],[[473952,295860],[-23,-71]],[[473929,295789],[-230,-140]],[[473699,295649],[-147,-54]],[[473552,295595],[-425,-521]],[[473127,295074],[-30,-79]],[[473097,294995],[84,-204]],[[473181,294791],[51,-91]],[[473232,294700],[-14,-172]],[[473218,294528],[-37,71]],[[473181,294599],[-174,-384]],[[473007,294215],[-100,-96]],[[472907,294119],[-19,45]],[[472888,294164],[-43,-19]],[[472845,294145],[-66,-147]],[[472779,293998],[-27,-159]],[[472752,293839],[-30,38]],[[472722,293877],[-70,-43]],[[472652,293834],[-76,5]],[[472576,293839],[-11176,2618]],[[465268,395083],[715,-1134]],[[465983,393949],[504,-904]],[[466487,393045],[435,-111]],[[466922,392934],[116,-34]],[[467038,392900],[203,904]],[[467241,393804],[263,1142]],[[467504,394946],[1799,1464]],[[469303,396410],[445,-769]],[[469748,395641],[1891,-2066]],[[471639,393575],[49,-1443]],[[471688,392132],[51,-412]],[[471739,391720],[-253,-2082]],[[471486,389638],[572,-443]],[[472058,389195],[3201,-5263]],[[475259,383932],[194,-808]],[[475453,383124],[146,-215]],[[475599,382909],[2096,-1163]],[[477695,381746],[-335,-3968]],[[477360,377778],[-55,-227]],[[477305,377551],[-247,-567]],[[477058,376984],[51,-177]],[[477109,376807],[5,-255]],[[477114,376552],[-57,-416]],[[477057,376136],[30,-256]],[[477087,375880],[-16653,-40353]],[[460434,335527],[456,342]],[[460890,335869],[51,66]],[[460941,335935],[61,18]],[[461002,335953],[857,-566]],[[461859,335387],[312,-13]],[[462171,335374],[35,-73]],[[462206,335301],[-7,-332]],[[462199,334969],[-294,-1301]],[[461905,333668],[-4265,-892]],[[457640,332776],[-218,-619]],[[457422,332157],[-142,-877]],[[457280,331280],[-3968,871]],[[453312,332151],[-4529,961]],[[448783,333112],[-1124,208]],[[447659,333320],[186,401]],[[447845,333721],[-74,141]],[[447771,333862],[-114,-53]],[[447657,333809],[-124,93]],[[447533,333902],[-22,54]],[[447511,333956],[-4,114]],[[447507,334070],[779,2485]],[[448286,336555],[15,79]],[[448301,336634],[-428,1127]],[[447873,337761],[1,426]],[[447874,338187],[189,957]],[[448063,339144],[-328,299]],[[447735,339443],[-44,71]],[[447691,339514],[10,337]],[[447701,339851],[-40,28796]],[[447661,368647],[60,285]],[[447721,368932],[282,876]],[[448003,369808],[112,400]],[[448115,370208],[-14,26]],[[448101,370234],[-215,438]],[[447886,370672],[-44,33]],[[447842,370705],[-98,112]],[[447744,370817],[226,2127]],[[447970,372944],[-37,129]],[[447933,373073],[301,498]],[[448234,373571],[3310,2507]],[[451544,376078],[43,114]],[[451587,376192],[13681,18891]],[[643808,710495],[34216,-19328]],[[678024,691167],[3739,-14722]],[[681763,676445],[597,-2206]],[[682360,674239],[-38552,36256]],[[431434,304733],[73,-1346]],[[431507,303387],[-955,-1177]],[[430552,302210],[-5599,-12907]],[[424953,289303],[304,46]],[[425257,289349],[332,-506]],[[425589,288843],[152,-372]],[[425741,288471],[551,-1875]],[[426292,286596],[-36,-463]],[[426256,286133],[254,-237]],[[426510,285896],[589,107]],[[427099,286003],[130,154]],[[427229,286157],[813,-203]],[[428042,285954],[907,1194]],[[428949,287148],[-25509,-24168]],[[403440,262980],[-378,571]],[[403062,263551],[-100,268]],[[402962,263819],[-8475,5140]],[[394487,268959],[-58,596]],[[394429,269555],[-1686,18303]],[[392743,287858],[59,203]],[[392802,288061],[-76,313]],[[392726,288374],[-680,463]],[[392046,288837],[-113,-301]],[[391933,288536],[-110,92]],[[391823,288628],[-2431,4607]],[[389392,293235],[-81,-208]],[[389311,293027],[-36,-42]],[[389275,292985],[-209,218]],[[389066,293203],[-208,865]],[[388858,294068],[-158,-37]],[[388700,294031],[3754,18851]],[[392454,312882],[17991,-3994]],[[410445,308888],[20989,-4155]],[[450666,311882],[152,193]],[[450818,312075],[3750,982]],[[454568,313057],[297,164]],[[454865,313221],[403,-1068]],[[455268,312153],[98,-281]],[[455366,311872],[89,108]],[[455455,311980],[376,126]],[[455831,312106],[-2714,-575]],[[453117,311531],[-783,313]],[[452334,311844],[-67,-3]],[[452267,311841],[-28,-61]],[[452239,311780],[96,-1466]],[[452335,310314],[33,-439]],[[452368,309875],[764,-1955]],[[453132,307920],[-194,-181]],[[452938,307739],[-333,161]],[[452605,307900],[-138,528]],[[452467,308428],[1466,-6996]],[[453933,301432],[-329,-618]],[[453604,300814],[-76,-76]],[[453528,300738],[-233,170]],[[453295,300908],[-345,472]],[[452950,301380],[-268,-132]],[[452682,301248],[-316,315]],[[452366,301563],[-394,-189]],[[451972,301374],[-335,-41]],[[451637,301333],[-430,69]],[[451207,301402],[7,-646]],[[451214,300756],[-61,-23]],[[451153,300733],[-461,136]],[[450692,300869],[-351,-68]],[[450341,300801],[-494,226]],[[449847,301027],[-228,461]],[[449619,301488],[-188,356]],[[449431,301844],[382,4517]],[[449813,306361],[-3191,6553]],[[446622,312914],[-21,392]],[[446601,313306],[-125,216]],[[446476,313522],[698,-171]],[[447174,313351],[2323,576]],[[449497,313927],[206,-779]],[[449703,313148],[183,-144]],[[449886,313004],[-21,-171]],[[449865,312833],[264,-523]],[[450129,312310],[119,-209]],[[450248,312101],[288,-268]],[[450536,311833],[130,49]],[[490751,269677],[-4574,784]],[[486177,270461],[-2660,676]],[[483517,271137],[2745,27226]],[[486262,298363],[107,1062]],[[486369,299425],[-1209,14167]],[[485160,313592],[-38,179]],[[485122,313771],[-1242,3098]],[[483880,316869],[-766,144]],[[483114,317013],[449,11485]],[[483563,328498],[244,-139]],[[483807,328359],[2775,1290]],[[486582,329649],[103,-99]],[[486685,329550],[40,-2]],[[486725,329548],[25,99]],[[486750,329647],[4944,36795]],[[491694,366442],[226,-48]],[[491920,366394],[5485,4336]],[[497405,370730],[132,-72]],[[497537,370658],[35678,-9091]],[[533215,361567],[100,77]],[[533315,361644],[10637,7821]],[[543952,369465],[698,-57]],[[544967,369898],[415,432]],[[548829,370788],[178,177]],[[549113,370991],[336,-403]],[[549449,370588],[33765,-1807]],[[583214,368781],[726,-10515]],[[583940,358266],[-43,-157]],[[583897,358109],[-126,-1190]],[[583771,356919],[104,-106]],[[583875,356813],[-339,227]],[[583536,357040],[-142,409]],[[583394,357449],[-1722,-3133]],[[581672,354316],[-2,-187]],[[581670,354129],[-669,254]],[[581001,354383],[-283,426]],[[580718,354809],[-212,109]],[[580506,354918],[-37,-597]],[[580469,354321],[-40910,-51076]],[[539559,303245],[1537,-2117]],[[541096,301128],[51,-670]],[[541147,300458],[127,-1016]],[[541274,299442],[-688,-2453]],[[540586,296989],[60,-224]],[[540646,296765],[-4442,-10578]],[[536204,286187],[-1869,-2032]],[[534335,284155],[-44,19]],[[534291,284174],[-13107,-2293]],[[521184,281881],[-144,53]],[[521040,281934],[-85,52]],[[520955,281986],[-287,-106]],[[520668,281880],[-10899,9757]],[[509769,291637],[72,-290]],[[509841,291347],[-337,-1456]],[[509504,289891],[-3,-276]],[[509501,289615],[83,-230]],[[509584,289385],[-22,-170]],[[509562,289215],[-73,-435]],[[509489,288780],[-62,-44]],[[509427,288736],[-15353,-19014]],[[494074,269722],[-11,-40]],[[494063,269682],[-354,138]],[[493709,269820],[-68,-133]],[[493641,269687],[-17,-623]],[[493624,269064],[-13,-117]],[[493611,268947],[-57,-64]],[[493554,268883],[-96,-9]],[[493458,268874],[-105,156]],[[493353,269030],[-78,24]],[[493275,269054],[-39,10]],[[493236,269064],[-91,-77]],[[493145,268987],[-24,-54]],[[493121,268933],[3,-103]],[[493124,268830],[-1385,354]],[[491739,269184],[-988,493]],[[115505,799111],[-1,39978]],[[115504,839089],[59296,36613]],[[174800,875702],[820,-151]],[[175620,875551],[-33,-9482]],[[175587,866069],[-5,-6233]],[[175582,859836],[31403,-246912]],[[206985,612924],[-35523,-68538]],[[171462,544386],[-3241,-16]],[[168221,544370],[-33912,74663]],[[134309,619033],[-10,4556]],[[134299,623589],[310,89469]],[[134609,713058],[-15,4699]],[[134594,717757],[-19089,81354]],[[998583,362076],[326,2041],[-426,1604],[1516,-4549],[-1416,904]],[[706342,518718],[-4880,-2026],[-1109,3162],[2607,7504],[3382,-8640]],[[689392,493611],[-8307,-4510]],[[681085,489101],[-81,320]],[[681004,489421],[-52,1301]],[[680952,490722],[337,342]],[[681289,491064],[13873,-452]],[[695162,490612],[-91,-312]],[[695071,490300],[-4836,3141]],[[690235,493441],[-843,170]],[[610974,459231],[-3737,5631]],[[607237,464862],[-632,201]],[[606605,465063],[42,334]],[[606647,465397],[242,666]],[[606889,466063],[2479,214]],[[609368,466277],[13,521]],[[609381,466798],[1742,-1186]],[[611123,465612],[65,13]],[[611188,465625],[253,232]],[[611441,465857],[339,98]],[[611780,465955],[160,473]],[[611940,466428],[139,-36]],[[612079,466392],[5169,-9261]],[[617248,457131],[-192,-141]],[[617056,456990],[-7952,1650]],[[609104,458640],[1870,591]],[[619835,56490],[-218,-801],[-695,78],[746,1136],[167,-413]],[[606434,80065],[41,-149],[-190,-74],[20,157],[129,66]],[[603523,71997],[340,176],[-30,-601],[-242,-89],[-68,514]],[[602222,4576],[455,317],[894,-379],[-979,-388],[-370,450]],[[598366,3278],[-489,596],[-586,1629],[1945,-1142],[-870,-1083]],[[597113,397],[-429,1082],[256,572],[725,-1511],[-552,-143]],[[596469,1611],[-25,166],[126,-110],[-9,-30],[-92,-26]],[[596195,1084],[-49,62],[47,172],[72,-166],[-70,-68]],[[595780,775],[-6,99],[79,162],[17,-206],[-90,-55]],[[595145,275],[131,392],[227,-92],[-126,-575],[-232,275]],[[593350,87786],[17,301],[305,-102],[-116,-284],[-206,85]],[[588363,297714],[460,-1632],[893,3641],[3805,1330],[-4618,-5241],[-477,873],[-63,1029]],[[589150,31765],[790,-1192],[-433,-1153],[-446,155],[89,2190]],[[589274,9822],[223,392],[162,-673],[-164,-150],[-221,431]],[[588284,16019],[-728,745],[-304,3145],[2152,-3980],[-531,-2045],[-589,2135]],[[588955,11293],[-213,987],[125,897],[527,-1603],[-439,-281]],[[588629,10138],[430,596],[108,-582],[-245,-788],[-293,774]],[[587446,42980],[10,684],[1098,-253],[-1077,-992],[-31,561]],[[544967,369898],[-317,-490]],[[544650,369408],[-422,35]],[[544228,369443],[742,1366]],[[544970,370809],[401,843]],[[545371,371652],[2824,-715]],[[548195,370937],[90,279]],[[548285,371216],[1125,-648]],[[549410,370568],[-297,423]],[[549113,370991],[-106,-26]],[[549007,370965],[-178,-177]],[[548829,370788],[-3447,-458]],[[545382,370330],[-415,-432]],[[481338,181026],[2731,18114],[22923,-16198],[-16845,-15158],[-8809,13242]],[[491656,168615],[310,1161],[363,-1438],[-401,-336],[-272,613]],[[489654,167397],[-24,14],[17,65],[26,-35],[-19,-44]],[[474548,188476],[-353,-805],[-133,-108],[95,1392],[391,-479]],[[116756,168441],[-1110,-1890],[-589,1841],[2310,1150],[-611,-1101]]]}