{"type":"Topology","objects":{"data":{"geometries":[{"properties":{"POA_CODE21":"3000","POA_NAME21":"3000","is_split":false,"primary_district":"Melbourne District","primary_pct":99.89,"district_count":2.0},"type":"Polygon","arcs":[[-38,0,-13,1,-503,-513,2,-519,3,-21,4,-31]],"id":0},{"properties":{"POA_CODE21":"3002","POA_NAME21":"3002","is_split":true,"primary_district":"Melbourne District","primary_pct":97.79,"district_count":2.0},"type":"Polygon","arcs":[[-25,5,-23,6,-680,7]],"id":1},{"properties":{"POA_CODE21":"3003","POA_NAME21":"3003","is_split":true,"primary_district":"Melbourne District","primary_pct":97.14,"district_count":3.0},"type":"Polygon","arcs":[[-36,8,-2254,-62,-44,9,-42,10,-254,-505,11,12,13]],"id":2},{"properties":{"POA_CODE21":"3004","POA_NAME21":"3004","is_split":true,"primary_district":"Prahran District","primary_pct":60.99,"district_count":3.0},"type":"Polygon","arcs":[[-2071,14,-2082,15,-2239,16,-2237,17,-2234,18,-2232,19,20,21,22,23,24,25,-1678,26]],"id":3},{"properties":{"POA_CODE21":"3006","POA_NAME21":"3006","is_split":true,"primary_district":"Albert Park District","primary_pct":85.19,"district_count":3.0},"type":"Polygon","arcs":[[27,-2230,28,-33,29,-39,30]],"id":4},{"properties":{"POA_CODE21":"3008","POA_NAME21":"3008","is_split":true,"primary_district":"Melbourne District","primary_pct":78.89,"district_count":2.0},"type":"Polygon","arcs":[[31,32,33,-2256,34,35,36,37,38]],"id":5},{"properties":{"POA_CODE21":"3011","POA_NAME21":"3011","is_split":false,"primary_district":"Footscray District","primary_pct":99.95,"district_count":1.0},"type":"Polygon","arcs":[[39,-256,40,41,42,43,-61,44,-66,45,-59,46,-261]],"id":6},{"properties":{"POA_CODE21":"3012","POA_NAME21":"3012","is_split":true,"primary_district":"Footscray District","primary_pct":49.99,"district_count":3.0},"type":"Polygon","arcs":[[-64,47,-161,48,-159,49,-173,50,-171,51,-92,52,-90,53,-113,54,-86,55,-287,56,-263,57,58,59]],"id":7},{"properties":{"POA_CODE21":"3013","POA_NAME21":"3013","is_split":true,"primary_district":"Footscray District","primary_pct":68.79,"district_count":2.0},"type":"Polygon","arcs":[[60,61,-71,62,63,64,65,66]],"id":8},{"properties":{"POA_CODE21":"3015","POA_NAME21":"3015","is_split":false,"primary_district":"Williamstown District","primary_pct":99.67,"district_count":2.0},"type":"Polygon","arcs":[[-75,67,-152,68,-163,69,70,-2253,71]],"id":9},{"properties":{"POA_CODE21":"3016","POA_NAME21":"3016","is_split":false,"primary_district":"Williamstown District","primary_pct":99.68,"district_count":1.0},"type":"Polygon","arcs":[[-80,72,-154,73,74,75]],"id":10},{"properties":{"POA_CODE21":"3018","POA_NAME21":"3018","is_split":true,"primary_district":"Williamstown District","primary_pct":95.23,"district_count":3.0},"type":"Polygon","arcs":[[-186,76,-198,-177,77,-156,78,79,80]],"id":11},{"properties":{"POA_CODE21":"3019","POA_NAME21":"3019","is_split":false,"primary_district":"Laverton District","primary_pct":99.95,"district_count":1.0},"type":"Polygon","arcs":[[-107,81,-293,82,-291,83,-289,84,85,86,-111,87,-109,88]],"id":12},{"properties":{"POA_CODE21":"3020","POA_NAME21":"3020","is_split":true,"primary_district":"Laverton District","primary_pct":63.62,"district_count":3.0},"type":"Polygon","arcs":[[89,90,91,92,-169,93,-167,94,-132,95,-121,96,-123,-115,97,-119,98,-279,99,-277,100,-303,101,-301,102,-299,103,-297,104,-295,105,106,107,108,109,110,111,112,113]],"id":13},{"properties":{"POA_CODE21":"3021","POA_NAME21":"3021","is_split":true,"primary_district":"St Albans District","primary_pct":77.12,"district_count":3.0},"type":"Polygon","arcs":[[114,-129,115,-339,116,-316,-281,117,118,119]],"id":14},{"properties":{"POA_CODE21":"3022","POA_NAME21":"3022","is_split":true,"primary_district":"Laverton District","primary_pct":48.99,"district_count":3.0},"type":"Polygon","arcs":[[120,121,-130,122,123]],"id":15},{"properties":{"POA_CODE21":"3023","POA_NAME21":"3023","is_split":true,"primary_district":"Kororoit District","primary_pct":84.06,"district_count":3.0},"type":"Polygon","arcs":[[-210,124,-3622,125,-3636,126,-335,127,128,129,130,131,132,-165,133]],"id":16},{"properties":{"POA_CODE21":"3024","POA_NAME21":"3024","is_split":true,"primary_district":"Werribee District","primary_pct":53.92,"district_count":4.0},"type":"Polygon","arcs":[[-219,134,-2263,135,-253,-3678,136,-3695,137,-3693,138,-3691,139,-3689,140,-206,141,-204,142,-202,143,-200,144,-231,145,-229,146,-227,147,-225,148,-223,149,-221,150]],"id":17},{"properties":{"POA_CODE21":"3025","POA_NAME21":"3025","is_split":false,"primary_district":"Williamstown District","primary_pct":100.0,"district_count":1.0},"type":"Polygon","arcs":[[151,152,153,154,155,156,-175,157,158,159,160,161,162,163]],"id":18},{"properties":{"POA_CODE21":"3026","POA_NAME21":"3026","is_split":true,"primary_district":"Laverton District","primary_pct":81.67,"district_count":2.0},"type":"Polygon","arcs":[[164,165,166,167,168,169,170,171,172,173,174,175,176,-197,177,-181,178,-212,179]],"id":19},{"properties":{"POA_CODE21":"3027","POA_NAME21":"3027","is_split":true,"primary_district":"Laverton District","primary_pct":99.39,"district_count":2.0},"type":"Polygon","arcs":[[-214,180,181,-195,182,-193,183]],"id":20},{"properties":{"POA_CODE21":"3028","POA_NAME21":"3028","is_split":true,"primary_district":"Point Cook District","primary_pct":74.6,"district_count":3.0},"type":"Polygon","arcs":[[184,185,186,-247,187,-245,188,-243,189,-241,190,-239,191,-237,192,193,194,195,196,197]],"id":21},{"properties":{"POA_CODE21":"3029","POA_NAME21":"3029","is_split":true,"primary_district":"Tarneit District","primary_pct":44.42,"district_count":3.0},"type":"Polygon","arcs":[[-233,198,199,200,201,202,203,204,205,206,-3610,207,-3624,208,209,210,211,212,213,214,-235,215]],"id":22},{"properties":{"POA_CODE21":"3030","POA_NAME21":"3030","is_split":true,"primary_district":"Werribee District","primary_pct":68.45,"district_count":2.0},"type":"MultiPolygon","arcs":[[[-2269,216,-2265,217,218,219,220,221,222,223,224,225,226,227,228,229,230,231,232,233,234,235,236,237,238,239,240,241,242,243,244,245,246,247]],[[248,-3700,249,-3698,250,-3773,251,-3679,252]]],"id":23},{"properties":{"POA_CODE21":"3031","POA_NAME21":"3031","is_split":true,"primary_district":"Essendon District","primary_pct":57.68,"district_count":2.0},"type":"Polygon","arcs":[[253,254,255,256,-272,257,-508,258,-506]],"id":24},{"properties":{"POA_CODE21":"3032","POA_NAME21":"3032","is_split":true,"primary_district":"Footscray District","primary_pct":56.29,"district_count":2.0},"type":"Polygon","arcs":[[259,260,261,262,263,-285,264,-309,265,-355,266,-353,267,-347,268,-532,-517,269,-515,270,271]],"id":25},{"properties":{"POA_CODE21":"3033","POA_NAME21":"3033","is_split":true,"primary_district":"Niddrie District","primary_pct":98.73,"district_count":2.0},"type":"Polygon","arcs":[[272,-381,273,-402,-361,274,-305,275,276,277,278,279,280,-315,281,-387,282,-385,283,-383]],"id":26},{"properties":{"POA_CODE21":"3034","POA_NAME21":"3034","is_split":false,"primary_district":"Niddrie District","primary_pct":99.88,"district_count":1.0},"type":"Polygon","arcs":[[284,285,286,287,288,289,290,291,292,293,294,295,296,297,298,299,300,301,302,303,304,305,-359,306,-357,307,308,309]],"id":27},{"properties":{"POA_CODE21":"3036","POA_NAME21":"3036","is_split":true,"primary_district":"Sydenham District","primary_pct":40.85,"district_count":4.0},"type":"Polygon","arcs":[[-437,310,-435,311,-433,312,-389,313,314,315,316,-337,317,-342,-333,318,-331,319,-4608,320,-4606,321,-4604,322,-4640,323,-4638,324,-4636,325,-4634,326,-4632,327,-439,328]],"id":28},{"properties":{"POA_CODE21":"3037","POA_NAME21":"3037","is_split":false,"primary_district":"Sydenham District","primary_pct":99.97,"district_count":1.0},"type":"Polygon","arcs":[[329,330,331,332,-341,333,334,335,-3634]],"id":29},{"properties":{"POA_CODE21":"3038","POA_NAME21":"3038","is_split":true,"primary_district":"Sydenham District","primary_pct":43.76,"district_count":3.0},"type":"Polygon","arcs":[[336,337,338,339,340,341,342]],"id":30},{"properties":{"POA_CODE21":"3039","POA_NAME21":"3039","is_split":true,"primary_district":"Essendon District","primary_pct":97.83,"district_count":2.0},"type":"Polygon","arcs":[[-367,343,-536,344,-534,345,346,347,-351,348,-369,349]],"id":31},{"properties":{"POA_CODE21":"3040","POA_NAME21":"3040","is_split":true,"primary_district":"Essendon District","primary_pct":55.51,"district_count":2.0},"type":"Polygon","arcs":[[350,351,352,353,354,355,356,357,358,359,360,-401,361,-377,-423,362,-542,363,-540,364,-538,365,366,367,368,369]],"id":32},{"properties":{"POA_CODE21":"3041","POA_NAME21":"3041","is_split":true,"primary_district":"Essendon District","primary_pct":97.41,"district_count":4.0},"type":"Polygon","arcs":[[370,-455,371,-453,372,-430,373,-428,374,-426,375,-424,376,377,-399,378,-397,379,-395]],"id":33},{"properties":{"POA_CODE21":"3042","POA_NAME21":"3042","is_split":false,"primary_district":"Niddrie District","primary_pct":99.94,"district_count":1.0},"type":"Polygon","arcs":[[380,381,382,383,384,385,386,387,388,389,-417,390,-415,391,-413,392,-411,393,394,395,396,397,398,399,400,401,402]],"id":34},{"properties":{"POA_CODE21":"3043","POA_NAME21":"3043","is_split":true,"primary_district":"Sunbury District","primary_pct":83.49,"district_count":4.0},"type":"Polygon","arcs":[[-487,403,-473,404,-471,405,-463,406,-461,407,-459,408,-457,409,410,411,412,413,414,415,416,417,-451,-489,418]],"id":35},{"properties":{"POA_CODE21":"3044","POA_NAME21":"3044","is_split":false,"primary_district":"Pascoe Vale District","primary_pct":99.76,"district_count":2.0},"type":"Polygon","arcs":[[419,-569,420,-567,421,422,423,424,425,426,427,428,429,430,-467]],"id":36},{"properties":{"POA_CODE21":"3045","POA_NAME21":"3045","is_split":false,"primary_district":"Sunbury District","primary_pct":99.94,"district_count":1.0},"type":"Polygon","arcs":[[431,432,433,434,435,436,437,438,439,-4630,440,-4628,441,-4657,442,-587,443,-585,444,-583,445,-581,446,-579,447,-577,448,-492,449,-490,450]],"id":37},{"properties":{"POA_CODE21":"3046","POA_NAME21":"3046","is_split":true,"primary_district":"Broadmeadows District","primary_pct":97.89,"district_count":3.0},"type":"Polygon","arcs":[[451,452,453,454,455,456,457,458,459,460,461,462,463,-469,464,-605,465,466]],"id":38},{"properties":{"POA_CODE21":"3047","POA_NAME21":"3047","is_split":false,"primary_district":"Broadmeadows District","primary_pct":100.0,"district_count":1.0},"type":"Polygon","arcs":[[-617,-607,467,468,469,470,471,472,473,-485,474,-501,475,-499,476,-479,477]],"id":39},{"properties":{"POA_CODE21":"3048","POA_NAME21":"3048","is_split":true,"primary_district":"Greenvale District","primary_pct":59.81,"district_count":2.0},"type":"Polygon","arcs":[[478,479,-497,480,-495,481,-573,482,-650,-619,483]],"id":40},{"properties":{"POA_CODE21":"3049","POA_NAME21":"3049","is_split":true,"primary_district":"Greenvale District","primary_pct":75.6,"district_count":3.0},"type":"Polygon","arcs":[[484,485,486,487,488,489,490,491,492,-575,493,494,495,496,497,498,499,500,501]],"id":41},{"properties":{"POA_CODE21":"3051","POA_NAME21":"3051","is_split":false,"primary_district":"Melbourne District","primary_pct":100.0,"district_count":1.0},"type":"Polygon","arcs":[[502,503,504,505,506,507,508]],"id":42},{"properties":{"POA_CODE21":"3052","POA_NAME21":"3052","is_split":false,"primary_district":"Melbourne District","primary_pct":99.96,"district_count":1.0},"type":"Polygon","arcs":[[-528,509,-526,510,-521,511,512,513,514,515,516,-531,517]],"id":43},{"properties":{"POA_CODE21":"3053","POA_NAME21":"3053","is_split":false,"primary_district":"Melbourne District","primary_pct":100.0,"district_count":1.0},"type":"Polygon","arcs":[[518,519,520,521,-524,522]],"id":44},{"properties":{"POA_CODE21":"3054","POA_NAME21":"3054","is_split":false,"primary_district":"Brunswick District","primary_pct":99.99,"district_count":1.0},"type":"Polygon","arcs":[[523,524,525,526,527,528,-548,529]],"id":45},{"properties":{"POA_CODE21":"3055","POA_NAME21":"3055","is_split":true,"primary_district":"Brunswick District","primary_pct":66.41,"district_count":4.0},"type":"Polygon","arcs":[[530,531,532,533,534,535,536,537,538,539,540,541,542,-550,543]],"id":46},{"properties":{"POA_CODE21":"3056","POA_NAME21":"3056","is_split":false,"primary_district":"Brunswick District","primary_pct":100.0,"district_count":1.0},"type":"Polygon","arcs":[[544,-557,545,-555,546,547,548,549,550,-559]],"id":47},{"properties":{"POA_CODE21":"3057","POA_NAME21":"3057","is_split":false,"primary_district":"Brunswick District","primary_pct":99.88,"district_count":2.0},"type":"Polygon","arcs":[[-708,551,-706,552,-704,-691,553,554,555,556,557,558,559,-710,560]],"id":48},{"properties":{"POA_CODE21":"3058","POA_NAME21":"3058","is_split":false,"primary_district":"Pascoe Vale District","primary_pct":99.97,"district_count":1.0},"type":"Polygon","arcs":[[-604,561,-740,562,-732,563,-722,564,-720,565,566,567,568,569]],"id":49},{"properties":{"POA_CODE21":"3059","POA_NAME21":"3059","is_split":false,"primary_district":"Greenvale District","primary_pct":99.86,"district_count":2.0},"type":"Polygon","arcs":[[-654,570,-652,571,572,573,574,575,576,577,578,579,580,581,582,583,584,585,586,587,-4655,-632,588,-630,589,-643,-656,590]],"id":50},{"properties":{"POA_CODE21":"3060","POA_NAME21":"3060","is_split":false,"primary_district":"Broadmeadows District","primary_pct":99.86,"district_count":2.0},"type":"Polygon","arcs":[[-764,591,-762,592,-760,593,-758,594,-756,595,-754,596,-752,597,-750,598,-748,599,-746,600,-744,601,-742,602,603,604,605,606,-616,-772,607,-770,608,-768,609,-766,610]],"id":51},{"properties":{"POA_CODE21":"3061","POA_NAME21":"3061","is_split":false,"primary_district":"Broadmeadows District","primary_pct":99.77,"district_count":2.0},"type":"Polygon","arcs":[[-810,611,-808,612,-806,613,-783,614,-781,615,616,617,618,-626,619]],"id":52},{"properties":{"POA_CODE21":"3062","POA_NAME21":"3062","is_split":true,"primary_district":"Greenvale District","primary_pct":98.56,"district_count":2.0},"type":"Polygon","arcs":[[-819,620,-817,621,-815,622,-813,623,-811,624,625,-649,-823,626,-821,627]],"id":53},{"properties":{"POA_CODE21":"3063","POA_NAME21":"3063","is_split":true,"primary_district":"Kalkallo District","primary_pct":89.78,"district_count":2.0},"type":"Polygon","arcs":[[628,629,630,631,-4654,632,-4662,633,-4660,634,-4716,635,-4714,-669,636,-667,637,-665,638,-663,639,-661,640,-659,641,-657,642]],"id":54},{"properties":{"POA_CODE21":"3064","POA_NAME21":"3064","is_split":true,"primary_district":"Kalkallo District","primary_pct":69.61,"district_count":4.0},"type":"Polygon","arcs":[[-7441,643,-7404,644,-7402,645,646,-826,647,-824,648,649,650,651,652,653,654,655,656,657,658,659,660,661,662,663,664,665,666,667,668,-4713,669,-4711,670,-4709,671,-4707,672,-4705,673,-4703,674,-4701,675,-4699,676,-7443,677]],"id":55},{"properties":{"POA_CODE21":"3065","POA_NAME21":"3065","is_split":false,"primary_district":"Richmond District","primary_pct":99.94,"district_count":1.0},"type":"Polygon","arcs":[[-689,678]],"id":56},{"properties":{"POA_CODE21":"3066","POA_NAME21":"3066","is_split":false,"primary_district":"Richmond District","primary_pct":100.0,"district_count":1.0},"type":"Polygon","arcs":[[679,680]],"id":57},{"properties":{"POA_CODE21":"3067","POA_NAME21":"3067","is_split":false,"primary_district":"Richmond District","primary_pct":99.82,"district_count":2.0},"type":"Polygon","arcs":[[-698,681,-842,682,-1180,683,-1178,684,-1176,685,-1174,686,-1172,-1441,687]],"id":58},{"properties":{"POA_CODE21":"3068","POA_NAME21":"3068","is_split":true,"primary_district":"Brunswick District","primary_pct":58.96,"district_count":2.0},"type":"Polygon","arcs":[[688,689,690,691,-702,692,-700,693,-713,-848,694,-846,695,-844,696,697,698]],"id":59},{"properties":{"POA_CODE21":"3070","POA_NAME21":"3070","is_split":false,"primary_district":"Northcote District","primary_pct":99.92,"district_count":1.0},"type":"Polygon","arcs":[[699,700,701,702,703,704,705,706,707,708,709,710,-718,711,-849,712,713]],"id":60},{"properties":{"POA_CODE21":"3071","POA_NAME21":"3071","is_split":false,"primary_district":"Northcote District","primary_pct":99.96,"district_count":1.0},"type":"Polygon","arcs":[[-728,714,-877,715,-875,716,717,718,719,720,721,722,-730,723]],"id":61},{"properties":{"POA_CODE21":"3072","POA_NAME21":"3072","is_split":true,"primary_district":"Preston District","primary_pct":68.29,"district_count":2.0},"type":"Polygon","arcs":[[724,-882,725,-880,726,727,728,729,730,731,732,-738]],"id":62},{"properties":{"POA_CODE21":"3073","POA_NAME21":"3073","is_split":false,"primary_district":"Preston District","primary_pct":99.86,"district_count":1.0},"type":"Polygon","arcs":[[733,-888,734,-886,735,-884,736,737,738,739,740,741,742,743,744,745,746,747,748,749,750,751,752,753,754,755,756,757,758,759,760,761,762,763,764,765,766,767,768,769,770,771,-780,772,-925,773,-923,774,-921]],"id":63},{"properties":{"POA_CODE21":"3074","POA_NAME21":"3074","is_split":false,"primary_district":"Thomastown District","primary_pct":99.65,"district_count":2.0},"type":"Polygon","arcs":[[-795,775,-931,776,-929,777,-927,778,779,780,781,782,783,-804,784,-797,785]],"id":64},{"properties":{"POA_CODE21":"3075","POA_NAME21":"3075","is_split":false,"primary_district":"Thomastown District","primary_pct":99.98,"district_count":1.0},"type":"Polygon","arcs":[[-800,786,-905,787,-903,788,-901,789,-899,790,-897,791,-895,792,-933,793,794,795,796,797,-802,798]],"id":65},{"properties":{"POA_CODE21":"3076","POA_NAME21":"3076","is_split":true,"primary_district":"Thomastown District","primary_pct":73.09,"district_count":2.0},"type":"Polygon","arcs":[[799,800,801,802,803,804,805,806,807,808,809,810,811,812,813,814,815,816,817,818,819,820,821,822,823,824,825,826,-7400,827,-7410,828,-907,829]],"id":66},{"properties":{"POA_CODE21":"3078","POA_NAME21":"3078","is_split":false,"primary_district":"Northcote District","primary_pct":99.65,"district_count":3.0},"type":"Polygon","arcs":[[-867,830,-865,831,-1202,832,-1200,833,-1198,-1194,834,-1192,835,-1190,836,-1188,837,-1186,838,-1184,839,-1182,840,841,842,843,844,845,846,847,848,849,-873,850,-871,851,-869,852]],"id":67},{"properties":{"POA_CODE21":"3079","POA_NAME21":"3079","is_split":false,"primary_district":"Ivanhoe District","primary_pct":99.82,"district_count":1.0},"type":"Polygon","arcs":[[853,-947,854,-1247,855,-1245,856,-1243,857,-1229,858,-1227,859,-1210,860,-1208,861,-1206,862,-1204,863,864,865,866,867,868,869,870,871,872,873,874,875,876,877,-892,-949]],"id":68},{"properties":{"POA_CODE21":"3081","POA_NAME21":"3081","is_split":false,"primary_district":"Ivanhoe District","primary_pct":99.72,"district_count":2.0},"type":"Polygon","arcs":[[878,879,880,881,882,883,884,885,886,887,888,-919,889,-964,890,891]],"id":69},{"properties":{"POA_CODE21":"3082","POA_NAME21":"3082","is_split":true,"primary_district":"Mill Park District","primary_pct":84.11,"district_count":2.0},"type":"Polygon","arcs":[[-1029,892,-935,893,894,895,896,897,898,899,900,901,902,903,904,905,906,907,-7408,908,-7437,909,-1041,910,-1039,911,-1037,912,-1035,913,-1033,914,-1031,915]],"id":70},{"properties":{"POA_CODE21":"3083","POA_NAME21":"3083","is_split":true,"primary_district":"Bundoora District","primary_pct":98.79,"district_count":2.0},"type":"Polygon","arcs":[[916,-966,917,918,919,920,921,922,923,924,925,926,927,928,929,930,931,932,933,934,935,-1027,936,-1025,937,-1005,938,-1003,939,-980,940,-978]],"id":71},{"properties":{"POA_CODE21":"3084","POA_NAME21":"3084","is_split":false,"primary_district":"Ivanhoe District","primary_pct":99.81,"district_count":2.0},"type":"Polygon","arcs":[[941,-1255,942,-1253,943,-1251,944,-1249,945,946,947,948,949,-963,950,-1074,951,-1072,952,-1070,953,-1068,954,-1066,955,-1064,956,-1293,957,-1263,958,-1261,959,-1259,960,-1257]],"id":72},{"properties":{"POA_CODE21":"3085","POA_NAME21":"3085","is_split":true,"primary_district":"Ivanhoe District","primary_pct":58.13,"district_count":2.0},"type":"Polygon","arcs":[[961,962,963,964,965,966,-976,967,-995,968,-1091,969,-1082,970,-1080,971,-1078,972,-1076]],"id":73},{"properties":{"POA_CODE21":"3087","POA_NAME21":"3087","is_split":false,"primary_district":"Bundoora District","primary_pct":100.0,"district_count":1.0},"type":"Polygon","arcs":[[-999,973,-997,974,975,976,977,978,979,980,-1001,981]],"id":74},{"properties":{"POA_CODE21":"3088","POA_NAME21":"3088","is_split":true,"primary_district":"Bundoora District","primary_pct":60.8,"district_count":2.0},"type":"Polygon","arcs":[[-1021,982,-1019,983,-1010,984,-1114,985,-1112,986,-1110,987,-1108,988,-1085,989,-1099,990,-1097,991,-1095,992,-1093,993,994,995,996,997,998,999,1000,1001,1002,1003,1004,1005,-1023,1006]],"id":75},{"properties":{"POA_CODE21":"3089","POA_NAME21":"3089","is_split":false,"primary_district":"Eltham District","primary_pct":99.98,"district_count":1.0},"type":"Polygon","arcs":[[-1130,1007,-1116,1008,1009,1010,-1017,1011,-1050,1012,-1163,1013,-1134,1014,-1132,1015]],"id":76},{"properties":{"POA_CODE21":"3090","POA_NAME21":"3090","is_split":false,"primary_district":"Yan Yean District","primary_pct":99.76,"district_count":2.0},"type":"Polygon","arcs":[[1016,1017,1018,1019,1020,1021,1022,1023,1024,1025,1026,1027,1028,1029,1030,1031,1032,1033,1034,1035,1036,1037,1038,1039,1040,1041,-7435,1042,-7433,1043,-7431,1044,-7429,1045,-7427,1046,-1052,1047]],"id":77},{"properties":{"POA_CODE21":"3091","POA_NAME21":"3091","is_split":false,"primary_district":"Yan Yean District","primary_pct":99.94,"district_count":1.0},"type":"Polygon","arcs":[[-1165,1048,1049,1050,1051,1052,-7425,1053,-7423,1054,-7421,1055,-7419,1056,-7417,1057,-7453]],"id":78},{"properties":{"POA_CODE21":"3093","POA_NAME21":"3093","is_split":false,"primary_district":"Eltham District","primary_pct":99.76,"district_count":2.0},"type":"Polygon","arcs":[[1058,-1275,1059,-1273,1060,-1271,1061,-1269,-1295,1062,1063,1064,1065,1066,1067,1068,1069,1070,1071,1072,1073,1074,1075,1076,1077,1078,1079,1080,1081,1082,-1089,1083,-1102]],"id":79},{"properties":{"POA_CODE21":"3094","POA_NAME21":"3094","is_split":false,"primary_district":"Eltham District","primary_pct":99.87,"district_count":2.0},"type":"Polygon","arcs":[[1084,1085,-1106,1086,-1104,1087,1088,1089,1090,1091,1092,1093,1094,1095,1096,1097,1098,1099]],"id":80},{"properties":{"POA_CODE21":"3095","POA_NAME21":"3095","is_split":false,"primary_district":"Eltham District","primary_pct":99.96,"district_count":1.0},"type":"Polygon","arcs":[[-1277,1100,1101,1102,1103,1104,1105,1106,1107,1108,1109,1110,1111,1112,1113,1114,1115,1116,-1128,1117,-1148,1118,-1362,1119,-1360,1120,-1358,1121,-1356,1122,-1283,1123,-1281,1124,-1279,1125]],"id":81},{"properties":{"POA_CODE21":"3096","POA_NAME21":"3096","is_split":false,"primary_district":"Eltham District","primary_pct":99.98,"district_count":1.0},"type":"Polygon","arcs":[[1126,1127,1128,1129,1130,1131,1132,1133,1134,-1161,1135,-1150]],"id":82},{"properties":{"POA_CODE21":"3097","POA_NAME21":"3097","is_split":true,"primary_district":"Eildon District","primary_pct":99.05,"district_count":2.0},"type":"Polygon","arcs":[[1136,-7654,-1419,1137,-1417,1138,-1415,1139,-1413,1140,-1411,1141,-1409,1142,-1407,1143,-1405,1144,-1403,1145,-1364,1146,1147,1148,1149,1150,-1159,1151,-7532,1152,-7530]],"id":83},{"properties":{"POA_CODE21":"3099","POA_NAME21":"3099","is_split":false,"primary_district":"Eildon District","primary_pct":99.97,"district_count":1.0},"type":"Polygon","arcs":[[1153,-7567,1154,-7545,1155,-7543,1156,-7541,-7527,1157,1158,1159,1160,1161,1162,1163,1164,-7452,1165,-7467,1166,-7475,1167,-7496,1168,-7519]],"id":84},{"properties":{"POA_CODE21":"3101","POA_NAME21":"3101","is_split":false,"primary_district":"Kew District","primary_pct":99.87,"district_count":2.0},"type":"Polygon","arcs":[[-1196,1169,1170,1171,1172,1173,1174,1175,1176,1177,1178,1179,1180,1181,1182,1183,1184,1185,1186,1187,1188,1189,1190,1191,1192,1193,1194]],"id":85},{"properties":{"POA_CODE21":"3102","POA_NAME21":"3102","is_split":false,"primary_district":"Kew District","primary_pct":99.83,"district_count":2.0},"type":"Polygon","arcs":[[1195,1196,1197,1198,1199,1200,1201,1202,1203,1204,1205,1206,1207,1208,1209,1210,-1225,1211]],"id":86},{"properties":{"POA_CODE21":"3103","POA_NAME21":"3103","is_split":false,"primary_district":"Kew District","primary_pct":100.0,"district_count":1.0},"type":"Polygon","arcs":[[-1223,1212,-1508,-1487,1213,-1475,1214,1215]],"id":87},{"properties":{"POA_CODE21":"3104","POA_NAME21":"3104","is_split":false,"primary_district":"Kew District","primary_pct":99.77,"district_count":2.0},"type":"Polygon","arcs":[[1216,-1235,1217,-1304,1218,-1302,1219,-1493,1220,-1510,1221,1222,1223,1224,1225,1226,1227,1228,1229,-1241,1230,-1239,1231,-1237]],"id":88},{"properties":{"POA_CODE21":"3105","POA_NAME21":"3105","is_split":false,"primary_district":"Bulleen District","primary_pct":99.85,"district_count":2.0},"type":"Polygon","arcs":[[-1289,1232,-1306,1233,1234,1235,1236,1237,1238,1239,1240,1241,1242,1243,1244,1245,1246,1247,1248,1249,1250,1251,1252,1253,1254,1255,1256,1257,1258,1259,1260,1261,1262,1263,-1291,1264]],"id":89},{"properties":{"POA_CODE21":"3106","POA_NAME21":"3106","is_split":true,"primary_district":"Bulleen District","primary_pct":91.45,"district_count":2.0},"type":"Polygon","arcs":[[-1329,1265,-1312,1266,-1310,1267,-1296,1268,1269,1270,1271,1272,1273,1274,1275,1276,1277,1278,1279,1280,1281,1282,1283,-1354,1284,-1318,1285,-1316,1286]],"id":90},{"properties":{"POA_CODE21":"3107","POA_NAME21":"3107","is_split":false,"primary_district":"Bulleen District","primary_pct":99.94,"district_count":1.0},"type":"Polygon","arcs":[[-1308,1287,1288,1289,1290,1291,1292,1293,1294,1295,1296]],"id":91},{"properties":{"POA_CODE21":"3108","POA_NAME21":"3108","is_split":false,"primary_district":"Bulleen District","primary_pct":99.6,"district_count":2.0},"type":"Polygon","arcs":[[-1501,1297,-1499,1298,-1497,1299,-1495,1300,1301,1302,1303,1304,1305,1306,1307,1308,1309,1310,1311,1312,-1327,1313,-1503,1314]],"id":92},{"properties":{"POA_CODE21":"3109","POA_NAME21":"3109","is_split":true,"primary_district":"Warrandyte District","primary_pct":69.72,"district_count":2.0},"type":"Polygon","arcs":[[1315,1316,1317,1318,-1352,1319,-1350,1320,-1348,1321,-1338,1322,-1514,1323,-1512,1324,-1521,1325,1326,1327,1328,1329]],"id":93},{"properties":{"POA_CODE21":"3111","POA_NAME21":"3111","is_split":true,"primary_district":"Warrandyte District","primary_pct":94.39,"district_count":2.0},"type":"Polygon","arcs":[[-1574,1330,-1545,1331,-1535,1332,-1533,1333,-1531,1334,-1529,1335,-1527,1336,1337,1338,-1346,1339,-1381,1340,-1379,1341,-1377,1342,-1576,1343]],"id":94},{"properties":{"POA_CODE21":"3113","POA_NAME21":"3113","is_split":false,"primary_district":"Warrandyte District","primary_pct":99.93,"district_count":1.0},"type":"Polygon","arcs":[[1344,1345,1346,1347,1348,1349,1350,1351,1352,1353,1354,1355,1356,1357,1358,1359,1360,1361,1362,1363,1364,-1401,1365,-1399,1366,-1397,1367,-1395,1368,-1393,1369,-1391,1370,-1584,1371,-1383]],"id":95},{"properties":{"POA_CODE21":"3114","POA_NAME21":"3114","is_split":false,"primary_district":"Warrandyte District","primary_pct":100.0,"district_count":1.0},"type":"Polygon","arcs":[[1372,-1582,1373,-1580,1374,-1578,1375,1376,1377,1378,1379,1380,1381,1382]],"id":96},{"properties":{"POA_CODE21":"3115","POA_NAME21":"3115","is_split":true,"primary_district":"Warrandyte District","primary_pct":99.22,"district_count":3.0},"type":"Polygon","arcs":[[-1598,1383,-1596,1384,-1594,1385,-1592,1386,-1590,1387,-1588,1388,-1586,1389,1390,1391,1392,1393,1394,1395,1396,1397,1398,1399,1400,1401,1402,1403,1404,1405,1406,1407,1408,1409,1410,1411,1412,1413,1414,1415,1416,1417,1418,-7653,1419,-7651,1420,-1426,1421,-1614]],"id":97},{"properties":{"POA_CODE21":"3116","POA_NAME21":"3116","is_split":true,"primary_district":"Warrandyte District","primary_pct":60.04,"district_count":2.0},"type":"Polygon","arcs":[[-1628,1422,-1640,1423,-1616,1424,1425,1426,-7649,1427,-7627,1428]],"id":98},{"properties":{"POA_CODE21":"3121","POA_NAME21":"3121","is_split":false,"primary_district":"Richmond District","primary_pct":99.87,"district_count":1.0},"type":"Polygon","arcs":[[-1450,1429,-1448,1430,-1446,1431,-1686,1432,-1684,1433,-1695,1434,-1693,1435,-1675,1436,-1673,1437,-1682,1438,-1680,1439,1440,-1452,1441]],"id":99},{"properties":{"POA_CODE21":"3122","POA_NAME21":"3122","is_split":false,"primary_district":"Hawthorn District","primary_pct":99.92,"district_count":1.0},"type":"Polygon","arcs":[[1442,-1706,1443,-1704,1444,1445,1446,1447,1448,1449,1450,1451,1452,-1460,1453,-1458]],"id":100},{"properties":{"POA_CODE21":"3123","POA_NAME21":"3123","is_split":false,"primary_district":"Hawthorn District","primary_pct":99.94,"district_count":1.0},"type":"Polygon","arcs":[[-1466,1454,-1464,1455,-1735,1456,1457,1458,1459,1460,-1468,1461]],"id":101},{"properties":{"POA_CODE21":"3124","POA_NAME21":"3124","is_split":true,"primary_district":"Hawthorn District","primary_pct":98.56,"district_count":3.0},"type":"Polygon","arcs":[[-1737,1462,1463,1464,1465,1466,1467,1468,-1478,1469,-1483,1470]],"id":102},{"properties":{"POA_CODE21":"3125","POA_NAME21":"3125","is_split":true,"primary_district":"Box Hill District","primary_pct":53.13,"district_count":2.0},"type":"Polygon","arcs":[[-1748,1471,-1481,-1490,1472,-1739,1473]],"id":103},{"properties":{"POA_CODE21":"3126","POA_NAME21":"3126","is_split":true,"primary_district":"Hawthorn District","primary_pct":58.99,"district_count":2.0},"type":"Polygon","arcs":[[1474,1475,-1485,1476,1477,1478]],"id":104},{"properties":{"POA_CODE21":"3127","POA_NAME21":"3127","is_split":true,"primary_district":"Box Hill District","primary_pct":54.26,"district_count":3.0},"type":"Polygon","arcs":[[-1507,1479,-1491,1480,1481,1482,1483,1484,1485,1486]],"id":105},{"properties":{"POA_CODE21":"3128","POA_NAME21":"3128","is_split":false,"primary_district":"Box Hill District","primary_pct":100.0,"district_count":1.0},"type":"Polygon","arcs":[[-1505,1487,-1519,1488,1489,1490,1491]],"id":106},{"properties":{"POA_CODE21":"3129","POA_NAME21":"3129","is_split":false,"primary_district":"Box Hill District","primary_pct":99.88,"district_count":2.0},"type":"Polygon","arcs":[[1492,1493,1494,1495,1496,1497,1498,1499,1500,1501,1502,1503,1504,1505,1506,1507,1508,1509,1510]],"id":107},{"properties":{"POA_CODE21":"3130","POA_NAME21":"3130","is_split":true,"primary_district":"Box Hill District","primary_pct":68.79,"district_count":3.0},"type":"Polygon","arcs":[[1511,1512,1513,1514,-1525,1515,-1775,1516,-1781,1517,1518,1519,1520,1521]],"id":108},{"properties":{"POA_CODE21":"3131","POA_NAME21":"3131","is_split":true,"primary_district":"Ringwood District","primary_pct":64.98,"district_count":2.0},"type":"Polygon","arcs":[[-1566,1522,-1777,1523,1524,1525,1526,1527,1528,1529,1530,1531,1532,1533,1534,1535,-1543,1536,-1541,1537,-1568,1538]],"id":109},{"properties":{"POA_CODE21":"3132","POA_NAME21":"3132","is_split":false,"primary_district":"Ringwood District","primary_pct":99.97,"district_count":1.0},"type":"Polygon","arcs":[[-1550,1539,1540,1541,1542,1543,1544,1545,-1572,1546,-1552,1547]],"id":110},{"properties":{"POA_CODE21":"3133","POA_NAME21":"3133","is_split":true,"primary_district":"Glen Waverley District","primary_pct":88.93,"district_count":2.0},"type":"Polygon","arcs":[[1548,1549,1550,1551,1552,-1570,-1823,1553,-1821,1554,-1819,1555,-1817,1556,-1815,1557,-1813,1558,-1811,1559,-1809,1560,-1807,1561,-1805,1562,-1803,1563,-1779,1564,1565,1566,1567]],"id":111},{"properties":{"POA_CODE21":"3134","POA_NAME21":"3134","is_split":true,"primary_district":"Warrandyte District","primary_pct":61.42,"district_count":4.0},"type":"Polygon","arcs":[[1568,-1824,1569,1570,1571,1572,1573,1574,1575,1576,1577,1578,1579,1580,1581,1582,1583,1584,1585,1586,1587,1588,1589,1590,1591,1592,1593,1594,1595,1596,1597,-1613,1598,-1611,1599,-1609,1600,-1604]],"id":112},{"properties":{"POA_CODE21":"3135","POA_NAME21":"3135","is_split":true,"primary_district":"Ringwood District","primary_pct":99.07,"district_count":2.0},"type":"Polygon","arcs":[[1601,-1826,1602,1603,1604,-1607,-1832]],"id":113},{"properties":{"POA_CODE21":"3136","POA_NAME21":"3136","is_split":true,"primary_district":"Croydon District","primary_pct":99.24,"district_count":3.0},"type":"Polygon","arcs":[[1605,-1833,1606,1607,1608,1609,1610,1611,1612,1613,1614,1615,1616,-1638,1617,-1636,1618,-1634,1619,-1624]],"id":114},{"properties":{"POA_CODE21":"3137","POA_NAME21":"3137","is_split":true,"primary_district":"Croydon District","primary_pct":77.35,"district_count":2.0},"type":"Polygon","arcs":[[-7597,-1839,1620,-1857,1621,-1835,1622,1623,1624,-1632,1625,-7599,1626]],"id":115},{"properties":{"POA_CODE21":"3138","POA_NAME21":"3138","is_split":true,"primary_district":"Evelyn District","primary_pct":82.93,"district_count":2.0},"type":"Polygon","arcs":[[1627,1628,-1671,1629,-7601,1630,1631,1632,1633,1634,1635,1636,1637,1638,1639,1640]],"id":116},{"properties":{"POA_CODE21":"3139","POA_NAME21":"3139","is_split":true,"primary_district":"Eildon District","primary_pct":72.75,"district_count":3.0},"type":"Polygon","arcs":[[-7946,-7791,1641,-7789,1642,-7787,1643,-7785,1644,-7783,1645,-7741,1646,-7739,1647,-7737,1648,-7772,1649,-7912,1650,-7910,1651,-7908,1652,-7924,1653,-1667,1654,-7623,1655,-7621,1656,-7642,1657,-7640,1658,-7638,1659,-7636,-7683,1660,-7969,-7954,1661,-7952,1662,-7950,1663,-7948,1664]],"id":117},{"properties":{"POA_CODE21":"3140","POA_NAME21":"3140","is_split":false,"primary_district":"Evelyn District","primary_pct":100.0,"district_count":1.0},"type":"Polygon","arcs":[[-7625,1665,1666,1667,-7935,1668,-7603,1669,1670,1671]],"id":118},{"properties":{"POA_CODE21":"3141","POA_NAME21":"3141","is_split":false,"primary_district":"Prahran District","primary_pct":99.71,"district_count":2.0},"type":"Polygon","arcs":[[1672,1673,1674,1675,-1691,1676,1677,1678,1679,1680,1681,1682]],"id":119},{"properties":{"POA_CODE21":"3142","POA_NAME21":"3142","is_split":false,"primary_district":"Malvern District","primary_pct":99.89,"district_count":1.0},"type":"Polygon","arcs":[[1683,1684,1685,1686,-1702,1687,-1718,1688,-1716,1689,1690,1691,1692,1693,1694,1695]],"id":120},{"properties":{"POA_CODE21":"3143","POA_NAME21":"3143","is_split":true,"primary_district":"Malvern District","primary_pct":96.46,"district_count":3.0},"type":"Polygon","arcs":[[1696,-2068,1697,-2066,1698,-2073,1699,-1714,1700,-1712]],"id":121},{"properties":{"POA_CODE21":"3144","POA_NAME21":"3144","is_split":false,"primary_district":"Malvern District","primary_pct":99.5,"district_count":2.0},"type":"Polygon","arcs":[[1701,1702,1703,1704,1705,1706,-1733,1707,-1731,1708,-1723,1709,-1893,1710,1711,1712,1713,1714,1715,1716,1717,1718]],"id":122},{"properties":{"POA_CODE21":"3145","POA_NAME21":"3145","is_split":true,"primary_district":"Malvern District","primary_pct":85.32,"district_count":3.0},"type":"Polygon","arcs":[[-1919,1719,-1899,1720,-1895,1721,1722,1723,-1729,1724,-1744,1725,-1742,1726]],"id":123},{"properties":{"POA_CODE21":"3146","POA_NAME21":"3146","is_split":true,"primary_district":"Ashwood District","primary_pct":62.61,"district_count":3.0},"type":"Polygon","arcs":[[-1746,1727,1728,1729,1730,1731,1732,1733,1734,1735,1736,1737]],"id":124},{"properties":{"POA_CODE21":"3147","POA_NAME21":"3147","is_split":true,"primary_district":"Ashwood District","primary_pct":99.03,"district_count":2.0},"type":"Polygon","arcs":[[1738,1739,-1753,1740,1741,1742,1743,1744,1745,1746,1747,1748]],"id":125},{"properties":{"POA_CODE21":"3148","POA_NAME21":"3148","is_split":true,"primary_district":"Ashwood District","primary_pct":70.98,"district_count":2.0},"type":"Polygon","arcs":[[1749,-1912,1750,-1910,1751,1752]],"id":126},{"properties":{"POA_CODE21":"3149","POA_NAME21":"3149","is_split":true,"primary_district":"Ashwood District","primary_pct":82.16,"district_count":2.0},"type":"Polygon","arcs":[[-1773,1753,-1914,1754]],"id":127},{"properties":{"POA_CODE21":"3150","POA_NAME21":"3150","is_split":true,"primary_district":"Glen Waverley District","primary_pct":76.77,"district_count":3.0},"type":"Polygon","arcs":[[-1801,1755,-1799,1756,-1797,1757,-1795,1758,-1793,1759,-1791,1760,-1789,1761,-1787,1762,1763,-2044,1764,-2042,1765,-2040,1766,-2038,1767,-2036,1768,-2025,1769,-1946,1770,-1927,1771,1772,1773]],"id":128},{"properties":{"POA_CODE21":"3151","POA_NAME21":"3151","is_split":true,"primary_district":"Glen Waverley District","primary_pct":47.85,"district_count":3.0},"type":"Polygon","arcs":[[1774,1775,1776,1777,1778,1779,1780,1781]],"id":129},{"properties":{"POA_CODE21":"3152","POA_NAME21":"3152","is_split":true,"primary_district":"Rowville District","primary_pct":53.03,"district_count":2.0},"type":"Polygon","arcs":[[1782,-1849,1783,-2055,1784,-2046,1785,1786,1787,1788,1789,1790,1791,1792,1793,1794,1795,1796,1797,1798,1799,1800,1801,1802,1803,1804,1805,1806,1807,1808,1809,1810,1811,1812,1813,1814,1815,1816,1817,1818,1819,1820,1821,1822,1823,1824,1825,1826,-1830]],"id":130},{"properties":{"POA_CODE21":"3153","POA_NAME21":"3153","is_split":true,"primary_district":"Bayswater District","primary_pct":54.78,"district_count":3.0},"type":"Polygon","arcs":[[-1853,1827,-1851,1828,1829,1830,1831,1832,1833,1834,1835,-1855,1836]],"id":131},{"properties":{"POA_CODE21":"3154","POA_NAME21":"3154","is_split":true,"primary_district":"Monbulk District","primary_pct":83.29,"district_count":2.0},"type":"Polygon","arcs":[[1837,1838,-7596,1839,-7614,1840,-7814,-7807,-7802,1841,-1861,1842,-1859]],"id":132},{"properties":{"POA_CODE21":"3155","POA_NAME21":"3155","is_split":true,"primary_district":"Bayswater District","primary_pct":96.45,"district_count":2.0},"type":"Polygon","arcs":[[1843,-7800,1844,-1865,1845,-2059,1846,-2057,1847,1848,1849,1850,1851,1852,1853,1854,1855,1856,1857,1858,1859,1860]],"id":133},{"properties":{"POA_CODE21":"3156","POA_NAME21":"3156","is_split":true,"primary_district":"Monbulk District","primary_pct":49.72,"district_count":4.0},"type":"Polygon","arcs":[[-2033,1861,-2031,1862,-2061,1863,1864,1865,-7798,1866,-1874,1867,-1872,-1890,1868,-8000,1869,-7988,1870]],"id":134},{"properties":{"POA_CODE21":"3158","POA_NAME21":"3158","is_split":false,"primary_district":"Monbulk District","primary_pct":100.0,"district_count":1.0},"type":"Polygon","arcs":[[1871,1872,1873,1874,-7804,1875,-7810,-1891]],"id":135},{"properties":{"POA_CODE21":"3159","POA_NAME21":"3159","is_split":false,"primary_district":"Monbulk District","primary_pct":100.0,"district_count":1.0},"type":"Polygon","arcs":[[-7756,1876,-1887,1877,-1885,1878,-7834,1879,-7863,1880,-7861,1881,-7758,1882]],"id":136},{"properties":{"POA_CODE21":"3160","POA_NAME21":"3160","is_split":false,"primary_district":"Monbulk District","primary_pct":100.0,"district_count":1.0},"type":"Polygon","arcs":[[1883,1884,1885,1886,1887,-7754,-8002,1888,1889,1890,1891,-7836]],"id":137},{"properties":{"POA_CODE21":"3161","POA_NAME21":"3161","is_split":false,"primary_district":"Caulfield District","primary_pct":99.89,"district_count":2.0},"type":"Polygon","arcs":[[1892,1893,1894,1895]],"id":138},{"properties":{"POA_CODE21":"3162","POA_NAME21":"3162","is_split":false,"primary_district":"Caulfield District","primary_pct":99.84,"district_count":2.0},"type":"Polygon","arcs":[[1896,1897,-2096]],"id":139},{"properties":{"POA_CODE21":"3163","POA_NAME21":"3163","is_split":true,"primary_district":"Oakleigh District","primary_pct":87.6,"district_count":2.0},"type":"Polygon","arcs":[[1898,1899,-1917,1900,-1907,1901,-2218,1902,-2226,1903]],"id":140},{"properties":{"POA_CODE21":"3165","POA_NAME21":"3165","is_split":false,"primary_district":"Bentleigh District","primary_pct":99.96,"district_count":1.0},"type":"Polygon","arcs":[[-1925,-2125,1904,-2220,1905,1906,1907,-1921,1908]],"id":141},{"properties":{"POA_CODE21":"3166","POA_NAME21":"3166","is_split":false,"primary_district":"Oakleigh District","primary_pct":100.0,"district_count":1.0},"type":"Polygon","arcs":[[1909,1910,1911,1912,1913,-1933,1914,1915,1916,1917,1918,1919]],"id":142},{"properties":{"POA_CODE21":"3167","POA_NAME21":"3167","is_split":true,"primary_district":"Oakleigh District","primary_pct":57.7,"district_count":2.0},"type":"Polygon","arcs":[[1920,1921,-1931,1922,-1937,-2211,1923,-2209,1924,1925]],"id":143},{"properties":{"POA_CODE21":"3168","POA_NAME21":"3168","is_split":false,"primary_district":"Oakleigh District","primary_pct":99.96,"district_count":1.0},"type":"Polygon","arcs":[[1926,1927,-1944,1928,-1952,1929,1930,1931,1932,1933]],"id":144},{"properties":{"POA_CODE21":"3169","POA_NAME21":"3169","is_split":false,"primary_district":"Clarinda District","primary_pct":100.0,"district_count":1.0},"type":"Polygon","arcs":[[-1950,1934,-1958,1935,-2212,1936,1937]],"id":145},{"properties":{"POA_CODE21":"3170","POA_NAME21":"3170","is_split":true,"primary_district":"Mulgrave District","primary_pct":99.32,"district_count":2.0},"type":"Polygon","arcs":[[-2023,1938,-2021,1939,-2019,1940,-2017,1941,-2015,1942,1943,1944,1945,1946]],"id":146},{"properties":{"POA_CODE21":"3171","POA_NAME21":"3171","is_split":false,"primary_district":"Mulgrave District","primary_pct":99.73,"district_count":2.0},"type":"Polygon","arcs":[[-1966,1947,-1974,1948,1949,1950,1951,1952]],"id":147},{"properties":{"POA_CODE21":"3172","POA_NAME21":"3172","is_split":false,"primary_district":"Clarinda District","primary_pct":99.84,"district_count":2.0},"type":"Polygon","arcs":[[-1972,1953,-1963,1954,-2167,1955,-2214,1956,1957,1958]],"id":148},{"properties":{"POA_CODE21":"3173","POA_NAME21":"3173","is_split":true,"primary_district":"Mordialloc District","primary_pct":67.05,"district_count":3.0},"type":"Polygon","arcs":[[1959,-1978,1960,-2169,1961,1962,1963,-1970]],"id":149},{"properties":{"POA_CODE21":"3174","POA_NAME21":"3174","is_split":true,"primary_district":"Mulgrave District","primary_pct":53.12,"district_count":3.0},"type":"Polygon","arcs":[[1964,1965,1966,-1982,1967,-1980,1968,1969,1970,1971,1972,1973]],"id":150},{"properties":{"POA_CODE21":"3175","POA_NAME21":"3175","is_split":true,"primary_district":"Dandenong District","primary_pct":58.18,"district_count":4.0},"type":"Polygon","arcs":[[1974,-2177,1975,-2174,1976,1977,1978,1979,1980,1981,1982,-2013,1983,-2011,1984,-2009,1985,-2007,1986,-2005,1987,-7984,1988,-7982,1989,-7980,1990,-2002,1991,-2000,1992,-1998,1993,-9691,1994,-9689,1995,-9683]],"id":151},{"properties":{"POA_CODE21":"3177","POA_NAME21":"3177","is_split":true,"primary_district":"Dandenong District","primary_pct":98.38,"district_count":2.0},"type":"Polygon","arcs":[[1996,1997,1998,1999,2000,2001,2002,-7978]],"id":152},{"properties":{"POA_CODE21":"3178","POA_NAME21":"3178","is_split":false,"primary_district":"Rowville District","primary_pct":99.95,"district_count":1.0},"type":"Polygon","arcs":[[-7986,2003,2004,2005,2006,2007,2008,2009,2010,2011,2012,2013,2014,2015,2016,2017,2018,2019,2020,2021,2022,2023,2024,2025,-2051,2026,-2049,2027,-2065,2028,-2063,2029,2030,2031,2032,2033]],"id":153},{"properties":{"POA_CODE21":"3179","POA_NAME21":"3179","is_split":false,"primary_district":"Rowville District","primary_pct":99.89,"district_count":2.0},"type":"Polygon","arcs":[[2034,2035,2036,2037,2038,2039,2040,2041,2042,2043,2044,2045,2046,-2053,2047,2048,2049,2050]],"id":154},{"properties":{"POA_CODE21":"3180","POA_NAME21":"3180","is_split":true,"primary_district":"Rowville District","primary_pct":91.43,"district_count":2.0},"type":"Polygon","arcs":[[2051,2052,2053,2054,2055,2056,2057,2058,2059,2060,2061,2062,2063,2064]],"id":155},{"properties":{"POA_CODE21":"3181","POA_NAME21":"3181","is_split":false,"primary_district":"Prahran District","primary_pct":99.63,"district_count":2.0},"type":"Polygon","arcs":[[2065,2066,2067,2068,2069,2070,2071,2072,2073]],"id":156},{"properties":{"POA_CODE21":"3182","POA_NAME21":"3182","is_split":true,"primary_district":"Albert Park District","primary_pct":75.04,"district_count":3.0},"type":"Polygon","arcs":[[-2086,2074,-2088,2075,-2093,2076,-2091,2077,-2245,2078,-2243,2079,-2241,2080,2081,2082]],"id":157},{"properties":{"POA_CODE21":"3183","POA_NAME21":"3183","is_split":true,"primary_district":"Caulfield District","primary_pct":79.16,"district_count":2.0},"type":"Polygon","arcs":[[-2101,2083,-2099,2084,2085,2086]],"id":158},{"properties":{"POA_CODE21":"3184","POA_NAME21":"3184","is_split":true,"primary_district":"Brighton District","primary_pct":98.16,"district_count":2.0},"type":"Polygon","arcs":[[2087,2088,-2103,2089,2090,2091,2092,2093]],"id":159},{"properties":{"POA_CODE21":"3185","POA_NAME21":"3185","is_split":false,"primary_district":"Caulfield District","primary_pct":99.53,"district_count":2.0},"type":"Polygon","arcs":[[2094,2095,2096,-2105,2097,2098,2099,2100]],"id":160},{"properties":{"POA_CODE21":"3186","POA_NAME21":"3186","is_split":true,"primary_district":"Brighton District","primary_pct":99.38,"district_count":2.0},"type":"Polygon","arcs":[[2101,2102,2103,2104,2105,-2113,2106,-2111,2107,-2121]],"id":161},{"properties":{"POA_CODE21":"3187","POA_NAME21":"3187","is_split":true,"primary_district":"Brighton District","primary_pct":98.18,"district_count":2.0},"type":"Polygon","arcs":[[-2222,-2116,2108,-2123,2109,2110,2111,2112,2113,-2224,2114]],"id":162},{"properties":{"POA_CODE21":"3188","POA_NAME21":"3188","is_split":true,"primary_district":"Brighton District","primary_pct":58.89,"district_count":2.0},"type":"Polygon","arcs":[[2115,-2129,2116,-2139,2117,-2137,2118,-2141,2119,2120,2121,2122,2123]],"id":163},{"properties":{"POA_CODE21":"3189","POA_NAME21":"3189","is_split":true,"primary_district":"Bentleigh District","primary_pct":94.9,"district_count":3.0},"type":"Polygon","arcs":[[2124,2125,-2146,2126,-2132,2127,2128,2129]],"id":164},{"properties":{"POA_CODE21":"3190","POA_NAME21":"3190","is_split":true,"primary_district":"Sandringham District","primary_pct":69.48,"district_count":2.0},"type":"Polygon","arcs":[[2130,2131,2132,-2155,2133,-2153,2134,-2143,2135,2136,2137,2138]],"id":165},{"properties":{"POA_CODE21":"3191","POA_NAME21":"3191","is_split":false,"primary_district":"Sandringham District","primary_pct":99.78,"district_count":1.0},"type":"Polygon","arcs":[[-2157,2139,2140,2141,2142,2143,-2151,2144]],"id":166},{"properties":{"POA_CODE21":"3192","POA_NAME21":"3192","is_split":true,"primary_district":"Sandringham District","primary_pct":40.28,"district_count":3.0},"type":"Polygon","arcs":[[2145,2146,-2216,2147,-2162,2148,-2159,2149,2150,2151,2152,2153,2154,2155]],"id":167},{"properties":{"POA_CODE21":"3193","POA_NAME21":"3193","is_split":false,"primary_district":"Sandringham District","primary_pct":99.86,"district_count":1.0},"type":"Polygon","arcs":[[2156,2157,2158,2159]],"id":168},{"properties":{"POA_CODE21":"3194","POA_NAME21":"3194","is_split":true,"primary_district":"Clarinda District","primary_pct":63.78,"district_count":3.0},"type":"Polygon","arcs":[[-2165,2160,2161,2162]],"id":169},{"properties":{"POA_CODE21":"3195","POA_NAME21":"3195","is_split":false,"primary_district":"Mordialloc District","primary_pct":99.71,"district_count":1.0},"type":"Polygon","arcs":[[-2172,2163,2164,2165,2166,2167,2168,2169]],"id":170},{"properties":{"POA_CODE21":"3196","POA_NAME21":"3196","is_split":true,"primary_district":"Mordialloc District","primary_pct":73.56,"district_count":2.0},"type":"Polygon","arcs":[[-2181,2170,2171,2172,2173,2174,-2183,2175]],"id":171},{"properties":{"POA_CODE21":"3197","POA_NAME21":"3197","is_split":true,"primary_district":"Carrum District","primary_pct":99.12,"district_count":2.0},"type":"Polygon","arcs":[[2176,2177,-2206,2178,-2186,2179,2180,2181,2182,2183]],"id":172},{"properties":{"POA_CODE21":"3198","POA_NAME21":"3198","is_split":true,"primary_district":"Carrum District","primary_pct":66.27,"district_count":2.0},"type":"Polygon","arcs":[[-2191,2184,2185,2186,-2204,2187]],"id":173},{"properties":{"POA_CODE21":"3199","POA_NAME21":"3199","is_split":false,"primary_district":"Frankston District","primary_pct":99.77,"district_count":2.0},"type":"Polygon","arcs":[[2188,-9265,2189,2190,2191,-2195,2192,-2198,-9134,2193,-9141]],"id":174},{"properties":{"POA_CODE21":"3200","POA_NAME21":"3200","is_split":true,"primary_district":"Frankston District","primary_pct":81.02,"district_count":2.0},"type":"Polygon","arcs":[[2194,2195,-2202,2196,-9135,2197,2198]],"id":175},{"properties":{"POA_CODE21":"3201","POA_NAME21":"3201","is_split":false,"primary_district":"Carrum District","primary_pct":99.99,"district_count":1.0},"type":"Polygon","arcs":[[-9716,2199,-9137,2200,2201,2202,2203,2204,2205,2206,-9718,2207]],"id":176},{"properties":{"POA_CODE21":"3202","POA_NAME21":"3202","is_split":false,"primary_district":"Clarinda District","primary_pct":99.77,"district_count":2.0},"type":"Polygon","arcs":[[2208,2209,2210,2211,2212,2213,2214,2215,2216]],"id":177},{"properties":{"POA_CODE21":"3204","POA_NAME21":"3204","is_split":true,"primary_district":"Bentleigh District","primary_pct":88.13,"district_count":3.0},"type":"Polygon","arcs":[[2217,2218,2219,2220,2221,2222,2223,2224,2225,2226]],"id":178},{"properties":{"POA_CODE21":"3205","POA_NAME21":"3205","is_split":true,"primary_district":"Albert Park District","primary_pct":93.54,"district_count":2.0},"type":"Polygon","arcs":[[-2248,2227,-2249,2228,2229,2230,2231,2232,2233,2234]],"id":179},{"properties":{"POA_CODE21":"3206","POA_NAME21":"3206","is_split":false,"primary_district":"Albert Park District","primary_pct":99.9,"district_count":1.0},"type":"Polygon","arcs":[[2235,2236,2237,2238,2239,2240,2241,2242,2243,2244,2245,-2251,2246,2247]],"id":180},{"properties":{"POA_CODE21":"3207","POA_NAME21":"3207","is_split":true,"primary_district":"Albert Park District","primary_pct":98.87,"district_count":1.0},"type":"Polygon","arcs":[[2248,2249,2250,2251,2252,2253,2254,2255,2256]],"id":181},{"properties":{"POA_CODE21":"3211","POA_NAME21":"3211","is_split":true,"primary_district":"Lara District","primary_pct":62.66,"district_count":2.0},"type":"Polygon","arcs":[[-2267,2257,-2275,2258,-2273,2259,-2280,-3704,2260,-3702,2261,2262,2263,2264,2265]],"id":182},{"properties":{"POA_CODE21":"3212","POA_NAME21":"3212","is_split":false,"primary_district":"Lara District","primary_pct":99.78,"district_count":1.0},"type":"Polygon","arcs":[[2266,2267,2268,2269,-2286,2270,-2282,2271,2272,2273,2274,2275]],"id":183},{"properties":{"POA_CODE21":"3213","POA_NAME21":"3213","is_split":true,"primary_district":"Lara District","primary_pct":90.54,"district_count":3.0},"type":"Polygon","arcs":[[-2289,2276,-2348,2277,-3508,-3707,2278,-3705,2279,2280,2281,2282]],"id":184},{"properties":{"POA_CODE21":"3214","POA_NAME21":"3214","is_split":true,"primary_district":"Lara District","primary_pct":97.66,"district_count":1.0},"type":"Polygon","arcs":[[2283,-2291,2284,2285]],"id":185},{"properties":{"POA_CODE21":"3215","POA_NAME21":"3215","is_split":false,"primary_district":"Lara District","primary_pct":99.84,"district_count":1.0},"type":"Polygon","arcs":[[-2360,2286,-2350,2287,2288,2289,2290,2291]],"id":186},{"properties":{"POA_CODE21":"3216","POA_NAME21":"3216","is_split":true,"primary_district":"South Barwon District","primary_pct":85.85,"district_count":2.0},"type":"Polygon","arcs":[[-2319,2292,-2317,2293,-2403,2294,-2336,2295,-2334,2296,-2332,2297,-2330,2298,-2328,2299,-2378,2300,-2376,2301,-2374,2302,-2372,2303,-2370,2304,-2368,2305,-2366,2306,-2354,-2323,2307,-2321,2308]],"id":187},{"properties":{"POA_CODE21":"3217","POA_NAME21":"3217","is_split":true,"primary_district":"South Barwon District","primary_pct":84.6,"district_count":2.0},"type":"Polygon","arcs":[[-2352,2309,-2422,2310,-2420,2311,-2418,2312,-2443,2313,-2457,2314,-2552,2315,2316,2317,2318,2319,2320,2321,2322,2323]],"id":188},{"properties":{"POA_CODE21":"3218","POA_NAME21":"3218","is_split":true,"primary_district":"Geelong District","primary_pct":94.58,"district_count":3.0},"type":"Polygon","arcs":[[2324,-2359,2325,-2380,2326,2327,2328,2329,2330,2331,2332,2333,2334,2335,2336,-2401,2337,-2399,2338,-2397,2339,-2395,2340,-2393,2341,-2391,2342,-2389,2343,-2387,2344,-3397,2345,-3510,2346,2347,2348,2349]],"id":189},{"properties":{"POA_CODE21":"3219","POA_NAME21":"3219","is_split":false,"primary_district":"Geelong District","primary_pct":99.7,"district_count":1.0},"type":"Polygon","arcs":[[-2424,2350,2351,2352,2353,2354,-2364,2355,-2362,2356,-2426,2357]],"id":190},{"properties":{"POA_CODE21":"3220","POA_NAME21":"3220","is_split":false,"primary_district":"Geelong District","primary_pct":99.79,"district_count":1.0},"type":"Polygon","arcs":[[2358,2359,2360,2361,2362,2363,2364,2365,2366,2367,2368,2369,2370,2371,2372,2373,2374,2375,2376,2377,2378,2379,2380]],"id":191},{"properties":{"POA_CODE21":"3221","POA_NAME21":"3221","is_split":true,"primary_district":"South Barwon District","primary_pct":99.26,"district_count":3.0},"type":"Polygon","arcs":[[2381,-2550,2382,-2548,2383,-2546,2384,-2558,2385,-3399,2386,2387,2388,2389,2390,2391,2392,2393,2394,2395,2396,2397,2398,2399,2400,2401,2402]],"id":192},{"properties":{"POA_CODE21":"3222","POA_NAME21":"3222","is_split":false,"primary_district":"Bellarine District","primary_pct":99.95,"district_count":1.0},"type":"Polygon","arcs":[[-2433,2403,-2438,-2453,2404,-2451,2405,-2449,2406,-2414,2407,-2428,2408,-2412,2409]],"id":193},{"properties":{"POA_CODE21":"3223","POA_NAME21":"3223","is_split":false,"primary_district":"Bellarine District","primary_pct":99.68,"district_count":1.0},"type":"Polygon","arcs":[[-2434,2410,2411,2412]],"id":194},{"properties":{"POA_CODE21":"3224","POA_NAME21":"3224","is_split":true,"primary_district":"Geelong District","primary_pct":55.12,"district_count":2.0},"type":"Polygon","arcs":[[2413,2414,-2447,2415,-2445,2416,2417,2418,2419,2420,2421,2422,2423,2424,2425,2426,2427,2428]],"id":195},{"properties":{"POA_CODE21":"3225","POA_NAME21":"3225","is_split":true,"primary_district":"Bellarine District","primary_pct":99.48,"district_count":1.0},"type":"MultiPolygon","arcs":[[[2429]],[[2430]],[[-2440,2431,2432,2433,2434]],[[2435]],[[2436]]],"id":196},{"properties":{"POA_CODE21":"3226","POA_NAME21":"3226","is_split":false,"primary_district":"Bellarine District","primary_pct":99.86,"district_count":1.0},"type":"Polygon","arcs":[[-2454,2437,2438,2439,2440]],"id":197},{"properties":{"POA_CODE21":"3227","POA_NAME21":"3227","is_split":true,"primary_district":"Bellarine District","primary_pct":51.79,"district_count":2.0},"type":"Polygon","arcs":[[-2459,2441,2442,2443,2444,2445,2446,2447,2448,2449,2450,2451,2452,2453,2454]],"id":198},{"properties":{"POA_CODE21":"3228","POA_NAME21":"3228","is_split":false,"primary_district":"Polwarth District","primary_pct":99.86,"district_count":1.0},"type":"Polygon","arcs":[[-2463,-2554,2455,2456,2457,2458,2459]],"id":199},{"properties":{"POA_CODE21":"3230","POA_NAME21":"3230","is_split":false,"primary_district":"Polwarth District","primary_pct":99.94,"district_count":1.0},"type":"Polygon","arcs":[[-2466,2460,-2562,2461,-2555,2462,2463]],"id":200},{"properties":{"POA_CODE21":"3231","POA_NAME21":"3231","is_split":false,"primary_district":"Polwarth District","primary_pct":99.7,"district_count":1.0},"type":"Polygon","arcs":[[-2469,-2483,-2564,2464,2465,2466]],"id":201},{"properties":{"POA_CODE21":"3232","POA_NAME21":"3232","is_split":false,"primary_district":"Polwarth District","primary_pct":99.97,"district_count":1.0},"type":"Polygon","arcs":[[-2479,-2594,-2481,2467,-2484,2468,2469]],"id":202},{"properties":{"POA_CODE21":"3233","POA_NAME21":"3233","is_split":false,"primary_district":"Polwarth District","primary_pct":100.0,"district_count":1.0},"type":"Polygon","arcs":[[-2529,2470,-2505,2471,-2613,2472,-2475,2473]],"id":203},{"properties":{"POA_CODE21":"3234","POA_NAME21":"3234","is_split":false,"primary_district":"Polwarth District","primary_pct":99.99,"district_count":1.0},"type":"Polygon","arcs":[[2474,2475,-2611,2476,-2487,2477,-2607,-2576,2478,2479]],"id":204},{"properties":{"POA_CODE21":"3235","POA_NAME21":"3235","is_split":false,"primary_district":"Polwarth District","primary_pct":100.0,"district_count":1.0},"type":"Polygon","arcs":[[2480,-2593,2481,-2565,2482,2483,2484]],"id":205},{"properties":{"POA_CODE21":"3236","POA_NAME21":"3236","is_split":false,"primary_district":"Polwarth District","primary_pct":100.0,"district_count":1.0},"type":"MultiPolygon","arcs":[[[-2609,2485,2486,2487]],[[2488,-2599,2489,-2626,2490,-2583,2491,-2581,2492,-2579,2493,-2577,-2605,2494,-2603,2495,-2601]]],"id":206},{"properties":{"POA_CODE21":"3237","POA_NAME21":"3237","is_split":false,"primary_district":"Polwarth District","primary_pct":100.0,"district_count":1.0},"type":"MultiPolygon","arcs":[[[2496,-2525,2497,-2523,2498,-2521,2499,-2519,2500,-2517,2501,-2533,2502,-2615,2503,2504,2505,-2527]],[[2506,-2514,2507,-2512,2508,-2784,2509,-2537]],[[2510]]],"id":207},{"properties":{"POA_CODE21":"3238","POA_NAME21":"3238","is_split":false,"primary_district":"Polwarth District","primary_pct":100.0,"district_count":1.0},"type":"MultiPolygon","arcs":[[[2511,2512,2513,2514,-2535,2515,2516,2517,2518,2519,2520,2521,2522,2523,2524,2525,2526,2527,2528,2529]],[[2530]]],"id":208},{"properties":{"POA_CODE21":"3239","POA_NAME21":"3239","is_split":false,"primary_district":"Polwarth District","primary_pct":100.0,"district_count":1.0},"type":"Polygon","arcs":[[2531,2532,2533,2534,2535,2536,2537,-2782,2538,-2780,2539,-2778,-2763,2540,-2733,2541,-2731,2542,-2729,2543,-2727,-2617]],"id":209},{"properties":{"POA_CODE21":"3240","POA_NAME21":"3240","is_split":true,"primary_district":"Polwarth District","primary_pct":73.5,"district_count":2.0},"type":"Polygon","arcs":[[2544,2545,2546,2547,2548,2549,2550,2551,2552,2553,2554,2555,-2560,2556,2557]],"id":210},{"properties":{"POA_CODE21":"3241","POA_NAME21":"3241","is_split":false,"primary_district":"Polwarth District","primary_pct":100.0,"district_count":1.0},"type":"Polygon","arcs":[[2558,2559,2560,2561,2562,2563,2564,2565,-2574,2566,-2596,2567,-2620,-2653,2568,-3393]],"id":211},{"properties":{"POA_CODE21":"3242","POA_NAME21":"3242","is_split":false,"primary_district":"Polwarth District","primary_pct":100.0,"district_count":1.0},"type":"Polygon","arcs":[[2569,-2589,2570,-2587,2571,-2585,-2623,-2598,2572,2573,2574,-2591]],"id":212},{"properties":{"POA_CODE21":"3243","POA_NAME21":"3243","is_split":false,"primary_district":"Polwarth District","primary_pct":100.0,"district_count":1.0},"type":"MultiPolygon","arcs":[[[2575,-2606,2576,2577,2578,2579,2580,2581,2582,2583,-2624,2584,2585,2586,2587,2588,2589,2590,2591,2592,2593]],[[-2622,2594,2595,2596,2597]]],"id":213},{"properties":{"POA_CODE21":"3249","POA_NAME21":"3249","is_split":false,"primary_district":"Polwarth District","primary_pct":100.0,"district_count":1.0},"type":"Polygon","arcs":[[2598,2599,2600,2601,2602,2603,2604,2605,2606,2607,2608,2609,2610,2611,2612,2613,2614,2615,2616,-2726,2617,-2724,-2664,-2648,2618,-2654,2619,2620,2621,2622,2623,2624,2625,2626],[-2660,2627,-2647,2628,-2645,2629,-2643,2630,-2641,2631,-2639,2632,-2637,-2662,2633]],"id":214},{"properties":{"POA_CODE21":"3250","POA_NAME21":"3250","is_split":false,"primary_district":"Polwarth District","primary_pct":100.0,"district_count":1.0},"type":"Polygon","arcs":[[2634,-2658,2635,-2656,2636,2637,2638,2639,2640,2641,2642,2643,2644,2645,2646]],"id":215},{"properties":{"POA_CODE21":"3251","POA_NAME21":"3251","is_split":false,"primary_district":"Polwarth District","primary_pct":100.0,"district_count":1.0},"type":"Polygon","arcs":[[2647,-3415,2648,-3413,2649,-3411,-3402,2650,-3483,2651,2652,2653,2654]],"id":216},{"properties":{"POA_CODE21":"3254","POA_NAME21":"3254","is_split":false,"primary_district":"Polwarth District","primary_pct":100.0,"district_count":1.0},"type":"Polygon","arcs":[[2655,2656,2657,2658,2659,2660,2661]],"id":217},{"properties":{"POA_CODE21":"3260","POA_NAME21":"3260","is_split":false,"primary_district":"Polwarth District","primary_pct":99.99,"district_count":1.0},"type":"Polygon","arcs":[[2662,-3421,-3416,2663,-2723,2664,-2746,2665,-2744,2666,-2711,2667,-2709,2668,-2814,2669,-2831,2670,-3469,2671,-3467]],"id":218},{"properties":{"POA_CODE21":"3264","POA_NAME21":"3264","is_split":null,"primary_district":null,"primary_pct":null,"district_count":null},"type":"Polygon","arcs":[[-2718,2672,-2716,2673,-2722,2674,-2720,2675]],"id":219},{"properties":{"POA_CODE21":"3265","POA_NAME21":"3265","is_split":true,"primary_district":"Polwarth District","primary_pct":21.19,"district_count":2.0},"type":"Polygon","arcs":[[2676,-2948,2677,-2946,2678,-2944,2679,-2942,2680,-2940,2681,-2938,2682,-2958,2683,-3002,2684,-3000,2685,-2998,2686,-2996,2687,-2994,2688,-2992,2689,-2990,2690,-2988,2691,-2975,2692,-2973,2693,-2971,2694,-2969,2695,-2967,2696,-2965,2697,-2985,2698,-2983,2699,-2911,2700,-2870,2701,-2839,2702,-2837,2703,-2835,2704,-2833,2705,-2855,2706,-2816,2707,2708,2709,2710,2711,-2742,2712,-2768,2713,-2950],[2714,2715,2716,2717,2718,2719,2720,2721]],"id":220},{"properties":{"POA_CODE21":"3266","POA_NAME21":"3266","is_split":false,"primary_district":"Polwarth District","primary_pct":100.0,"district_count":1.0},"type":"Polygon","arcs":[[2722,2723,2724,2725,2726,2727,2728,2729,2730,2731,2732,2733,-2761,2734,-2750,2735,-2757,2736,-2755,2737,-2753,2738,-2751,2739,-2770,2740,2741,2742,2743,2744,2745,2746]],"id":221},{"properties":{"POA_CODE21":"3267","POA_NAME21":"3267","is_split":false,"primary_district":"Polwarth District","primary_pct":100.0,"district_count":1.0},"type":"Polygon","arcs":[[2747,-2759,2748,2749]],"id":222},{"properties":{"POA_CODE21":"3268","POA_NAME21":"3268","is_split":true,"primary_district":"Polwarth District","primary_pct":69.78,"district_count":1.0},"type":"Polygon","arcs":[[2750,2751,2752,2753,2754,2755,2756,2757,2758,2759,2760,2761,2762,-2777,2763,-2775,2764,-2812,2765,-2952,2766,2767,2768,2769,2770]],"id":223},{"properties":{"POA_CODE21":"3269","POA_NAME21":"3269","is_split":false,"primary_district":"Polwarth District","primary_pct":99.92,"district_count":1.0},"type":"MultiPolygon","arcs":[[[-2810,2771,-2808,2772,-2806,2773,2774,2775,2776,2777,2778,2779,2780,2781,2782,2783,2784]],[[2785]],[[2786]],[[2787]],[[2788]],[[2789]],[[2790]],[[2791]],[[2792]],[[2793]],[[2794]],[[2795]],[[2796]],[[2797]],[[2798]],[[2799]],[[2800]],[[2801]],[[2802]],[[2803]]],"id":224},{"properties":{"POA_CODE21":"3270","POA_NAME21":"3270","is_split":true,"primary_district":"Polwarth District","primary_pct":53.58,"district_count":1.0},"type":"Polygon","arcs":[[2804,2805,2806,2807,2808,2809,2810,2811]],"id":225},{"properties":{"POA_CODE21":"3271","POA_NAME21":"3271","is_split":true,"primary_district":"Lowan District","primary_pct":90.23,"district_count":2.0},"type":"Polygon","arcs":[[2812,2813,2814,2815,2816,-2853,2817,-2851,2818,-2849,-3864,2819,-4066,2820,-3447,2821,-3445,2822,-3443,2823,-3441,2824,-3439,2825,-3437,2826,-3435,2827,-3433,2828,-3471,2829,2830]],"id":226},{"properties":{"POA_CODE21":"3272","POA_NAME21":"3272","is_split":false,"primary_district":"Lowan District","primary_pct":100.0,"district_count":1.0},"type":"Polygon","arcs":[[2831,2832,2833,2834,2835,2836,2837,2838,2839,-2868,2840,-2866,2841,-2864,2842,-2862,2843,-2860,2844,-2858,2845,-2856,-4185,2846,-3867,2847,-3865,2848,2849,2850,2851,2852,2853,2854]],"id":227},{"properties":{"POA_CODE21":"3273","POA_NAME21":"3273","is_split":false,"primary_district":"Lowan District","primary_pct":99.78,"district_count":1.0},"type":"Polygon","arcs":[[2855,2856,2857,2858,2859,2860,2861,2862,2863,2864,2865,2866,2867,2868,2869,2870,-2909,2871,-2935,2872,-2933,2873,-2878,2874,-2904,2875,-4186]],"id":228},{"properties":{"POA_CODE21":"3274","POA_NAME21":"3274","is_split":true,"primary_district":"Lowan District","primary_pct":69.77,"district_count":1.0},"type":"Polygon","arcs":[[2876,2877,2878,-2931,2879,-2929,2880,-2927,2881,-2925,2882,-2923,2883,-2921,2884,-2919,2885,-2917,2886,-3137,2887,-3135,2888,-3133,2889,-3131,2890,-3129,2891,-3127,2892,-3125,2893,-3123,2894,-3121,2895,-3119,2896,-3117,2897,-3115,2898,-3113,2899,-3139,2900,-3147,-3160,2901,-4188,2902,2903]],"id":229},{"properties":{"POA_CODE21":"3275","POA_NAME21":"3275","is_split":null,"primary_district":null,"primary_pct":null,"district_count":null},"type":"Polygon","arcs":[[-3036,2904,-3034,2905,-3055,2906,-3072,2907]],"id":230},{"properties":{"POA_CODE21":"3276","POA_NAME21":"3276","is_split":null,"primary_district":null,"primary_pct":null,"district_count":null},"type":"Polygon","arcs":[[2908,2909,2910,2911,-2981,2912,-3019,-3045,2913,-3080,-3105,2914,-3103,2915,2916,2917,2918,2919,2920,2921,2922,2923,2924,2925,2926,2927,2928,2929,2930,2931,2932,2933,2934,2935]],"id":231},{"properties":{"POA_CODE21":"3277","POA_NAME21":"3277","is_split":null,"primary_district":null,"primary_pct":null,"district_count":null},"type":"Polygon","arcs":[[2936,2937,2938,2939,2940,2941,2942,2943,2944,2945,2946,2947,2948,2949,2950,2951,2952,-3015,-3010,2953,-3008,2954,-3006,2955,-3004,2956,2957]],"id":232},{"properties":{"POA_CODE21":"3278","POA_NAME21":"3278","is_split":null,"primary_district":null,"primary_pct":null,"district_count":null},"type":"Polygon","arcs":[[2958,-3029,2959,-3027,2960,-3025,2961,-3023,2962,-2978,2963,2964,2965,2966,2967,2968,2969,2970,2971,2972,2973,2974,2975,-2986]],"id":233},{"properties":{"POA_CODE21":"3279","POA_NAME21":"3279","is_split":null,"primary_district":null,"primary_pct":null,"district_count":null},"type":"MultiPolygon","arcs":[[[2976,2977,2978,-3021,2979,2980,2981,2982,2983,2984]],[[2985,2986,2987,2988,2989,2990,2991,2992,2993,2994,2995,2996,2997,2998,2999,3000,3001,3002,3003,3004,3005,3006,3007,3008,3009,-3014,3010,-3030,3011]]],"id":234},{"properties":{"POA_CODE21":"3280","POA_NAME21":"3280","is_split":null,"primary_district":null,"primary_pct":null,"district_count":null},"type":"Polygon","arcs":[[3012,3013,3014,3015,-3039,3016,-3053,-3057,3017,-3032]],"id":235},{"properties":{"POA_CODE21":"3281","POA_NAME21":"3281","is_split":null,"primary_district":null,"primary_pct":null,"district_count":null},"type":"Polygon","arcs":[[-3046,3018,3019,3020,3021,3022,3023,3024,3025,3026,3027,3028,3029,3030,3031,3032,3033,3034,3035,3036,-3070,3037]],"id":236},{"properties":{"POA_CODE21":"3282","POA_NAME21":"3282","is_split":null,"primary_district":null,"primary_pct":null,"district_count":null},"type":"Polygon","arcs":[[3038,3039,-3077,3040,-3075,3041,-3084,3042,-3082,3043,3044,3045,3046,-3068,3047,-3066,3048,-3064,3049,-3062,3050,-3060,3051,-3058,3052,3053]],"id":237},{"properties":{"POA_CODE21":"3283","POA_NAME21":"3283","is_split":null,"primary_district":null,"primary_pct":null,"district_count":null},"type":"MultiPolygon","arcs":[[[3054,3055,3056,3057,3058,3059,3060,3061,3062,3063,3064,3065,3066,3067,3068,3069,3070,3071,3072]],[[3073,3074,3075,3076,3077,-3091,-3089,3078,-3106,3079,3080,3081,3082,3083]]],"id":238},{"properties":{"POA_CODE21":"3284","POA_NAME21":"3284","is_split":null,"primary_district":null,"primary_pct":null,"district_count":null},"type":"Polygon","arcs":[[-3097,3084,-3234,3085,-3211,3086,-3108,3087,3088,-3093,3089]],"id":239},{"properties":{"POA_CODE21":"3285","POA_NAME21":"3285","is_split":null,"primary_district":null,"primary_pct":null,"district_count":null},"type":"MultiPolygon","arcs":[[[3090,3091,3092]],[[3093,-3251,-3238,3094,-3236,3095,3096]],[[3097]]],"id":240},{"properties":{"POA_CODE21":"3286","POA_NAME21":"3286","is_split":null,"primary_district":null,"primary_pct":null,"district_count":null},"type":"Polygon","arcs":[[3098,-3143,3099,-3110,-3214,3100,-3230,-3224,3101,-3202]],"id":241},{"properties":{"POA_CODE21":"3287","POA_NAME21":"3287","is_split":null,"primary_district":null,"primary_pct":null,"district_count":null},"type":"Polygon","arcs":[[3102,3103,3104,3105,3106,3107,3108,-3209,3109,3110,-3141,3111,3112,3113,3114,3115,3116,3117,3118,3119,3120,3121,3122,3123,3124,3125,3126,3127,3128,3129,3130,3131,3132,3133,3134,3135,3136,3137]],"id":242},{"properties":{"POA_CODE21":"3289","POA_NAME21":"3289","is_split":true,"primary_district":"Lowan District","primary_pct":74.4,"district_count":1.0},"type":"Polygon","arcs":[[3138,3139,3140,3141,3142,3143,-3200,3144,-3198,3145,-3175,3146,3147]],"id":243},{"properties":{"POA_CODE21":"3292","POA_NAME21":"3292","is_split":null,"primary_district":null,"primary_pct":null,"district_count":null},"type":"Polygon","arcs":[[-3246,3148,-3240,3149,-3248,3150]],"id":244},{"properties":{"POA_CODE21":"3293","POA_NAME21":"3293","is_split":false,"primary_district":"Lowan District","primary_pct":100.0,"district_count":1.0},"type":"Polygon","arcs":[[3151,-4202,3152,-4200,3153,-4198,3154,-4196,3155,-4194,3156,-4192,3157,-4190,3158,3159,-3174,3160,-4226,3161,-4224,3162,-4222,3163,-4220,3164,-4218,3165,-4216,3166,-4214,3167,-4212,3168,-4210,3169,-4208,3170,-4206,3171,-4204]],"id":245},{"properties":{"POA_CODE21":"3294","POA_NAME21":"3294","is_split":false,"primary_district":"Lowan District","primary_pct":100.0,"district_count":1.0},"type":"Polygon","arcs":[[-4228,3172,3173,3174,3175,-3196,3176,-3194,3177,-3322,-4240,3178,-4238,3179,-4236,3180,-4234,3181,-4232,3182,-4230,3183]],"id":246},{"properties":{"POA_CODE21":"3300","POA_NAME21":"3300","is_split":false,"primary_district":"Lowan District","primary_pct":100.0,"district_count":1.0},"type":"Polygon","arcs":[[-3220,3184,-3207,3185,-3205]],"id":247},{"properties":{"POA_CODE21":"3301","POA_NAME21":"3301","is_split":true,"primary_district":"Lowan District","primary_pct":88.35,"district_count":1.0},"type":"MultiPolygon","arcs":[[[3186,-3273,-3329,3187,-3311,3188,-3309,3189,-3307,3190,-3305,3191,-3324,3192,3193,3194,3195,3196,3197,3198,3199,3200,3201,3202,-3229,3203,-3221,3204,3205,3206,3207,-3218]],[[3208,3209,3210,3211,-3232,3212,3213]]],"id":248},{"properties":{"POA_CODE21":"3302","POA_NAME21":"3302","is_split":true,"primary_district":"Lowan District","primary_pct":88.21,"district_count":1.0},"type":"Polygon","arcs":[[3214,-3256,3215,-3266,3216,3217,3218,3219,3220,3221,-3227]],"id":249},{"properties":{"POA_CODE21":"3303","POA_NAME21":"3303","is_split":true,"primary_district":"Lowan District","primary_pct":22.14,"district_count":1.0},"type":"Polygon","arcs":[[3222,3223,-3245,3224,-3258,3225,3226,3227,3228]],"id":250},{"properties":{"POA_CODE21":"3304","POA_NAME21":"3304","is_split":true,"primary_district":"Lowan District","primary_pct":41.74,"district_count":1.0},"type":"Polygon","arcs":[[3229,3230,3231,3232,3233,3234,3235,3236,3237,-3250,3238,3239,3240,-3283,-3264,3241,-3262,3242,-3260,3243,3244]],"id":251},{"properties":{"POA_CODE21":"3305","POA_NAME21":"3305","is_split":null,"primary_district":null,"primary_pct":null,"district_count":null},"type":"Polygon","arcs":[[3245,3246,3247,3248,3249,3250,3251]],"id":252},{"properties":{"POA_CODE21":"3309","POA_NAME21":"3309","is_split":false,"primary_district":"Lowan District","primary_pct":100.0,"district_count":1.0},"type":"Polygon","arcs":[[-3272,3252,-3270,3253,-3268,3254,3255,3256,3257,3258,3259,3260,3261,3262,3263,-3282,3264,-3280]],"id":253},{"properties":{"POA_CODE21":"3310","POA_NAME21":"3310","is_split":false,"primary_district":"Lowan District","primary_pct":100.0,"district_count":1.0},"type":"Polygon","arcs":[[3265,3266,3267,3268,3269,3270,3271,-3279,-3330,3272,3273]],"id":254},{"properties":{"POA_CODE21":"3311","POA_NAME21":"3311","is_split":false,"primary_district":"Lowan District","primary_pct":100.0,"district_count":1.0},"type":"Polygon","arcs":[[-3298,3274,-3335,3275,-3302,3276,-3300,3277]],"id":255},{"properties":{"POA_CODE21":"3312","POA_NAME21":"3312","is_split":false,"primary_district":"Lowan District","primary_pct":99.98,"district_count":1.0},"type":"Polygon","arcs":[[3278,3279,3280,3281,3282,3283,-3387,3284,-3385,3285,-3383,3286,-3381,3287,-3379,3288,-3377,3289,-3375,3290,-3373,3291,-3371,3292,-3369,3293,-3341,3294,-3339,3295,-3337,3296,3297,3298,3299,3300,3301,3302,-3333,3303,-3331]],"id":256},{"properties":{"POA_CODE21":"3314","POA_NAME21":"3314","is_split":false,"primary_district":"Lowan District","primary_pct":100.0,"district_count":1.0},"type":"Polygon","arcs":[[3304,3305,3306,3307,3308,3309,3310,3311,-3327,3312,-4432,3313,-4386,3314,-4384,3315,-4382,3316,-4380,3317,-4378,3318,-4376,3319,-4266,-4243,3320,-4241,3321,3322,3323,3324]],"id":257},{"properties":{"POA_CODE21":"3315","POA_NAME21":"3315","is_split":false,"primary_district":"Lowan District","primary_pct":100.0,"district_count":1.0},"type":"Polygon","arcs":[[3325,3326,3327,3328,3329,3330,3331,3332,3333,3334,3335,3336,3337,3338,3339,3340,3341,-3367,3342,-3354,3343,-4434]],"id":258},{"properties":{"POA_CODE21":"3317","POA_NAME21":"3317","is_split":false,"primary_district":"Lowan District","primary_pct":100.0,"district_count":1.0},"type":"Polygon","arcs":[[-4478,3344,-4402,3345,-4400,-4448,3346,-4446,3347,-4444,3348,-4442,3349,-4440,3350,-4438,3351,-4436,3352,3353,3354,-3365,3355,-3363,3356]],"id":259},{"properties":{"POA_CODE21":"3318","POA_NAME21":"3318","is_split":false,"primary_district":"Lowan District","primary_pct":100.0,"district_count":1.0},"type":"Polygon","arcs":[[3357,-3389,3358,-4506,-4425,3359,-4423,3360,-4421,3361,-4419,-4480,3362,3363,3364,3365,3366,3367,3368,3369,3370,3371,3372,3373,3374,3375,3376,3377,3378,3379,3380,3381,3382,3383,3384,3385,3386]],"id":260},{"properties":{"POA_CODE21":"3319","POA_NAME21":"3319","is_split":false,"primary_district":"Lowan District","primary_pct":100.0,"district_count":1.0},"type":"Polygon","arcs":[[-4508,3387,3388,3389,-4510,3390]],"id":261},{"properties":{"POA_CODE21":"3321","POA_NAME21":"3321","is_split":true,"primary_district":"Eureka District","primary_pct":60.87,"district_count":2.0},"type":"Polygon","arcs":[[3391,3392,3393,-3482,3394,-3480,-3473,3395,3396,3397,3398]],"id":262},{"properties":{"POA_CODE21":"3322","POA_NAME21":"3322","is_split":true,"primary_district":"Polwarth District","primary_pct":61.02,"district_count":2.0},"type":"Polygon","arcs":[[-3505,3399,-3485,3400,3401,-3410,3402,-3408,3403,-3975,3404,-3973,3405]],"id":263},{"properties":{"POA_CODE21":"3323","POA_NAME21":"3323","is_split":true,"primary_district":"Polwarth District","primary_pct":96.02,"district_count":2.0},"type":"Polygon","arcs":[[3406,3407,3408,3409,3410,3411,3412,3413,3414,3415,-3420,3416,-3431,3417,-4023,3418,-3853,-3977]],"id":264},{"properties":{"POA_CODE21":"3324","POA_NAME21":"3324","is_split":false,"primary_district":"Polwarth District","primary_pct":99.99,"district_count":1.0},"type":"Polygon","arcs":[[3419,3420,3421,-3465,3422,-3463,3423,-3461,3424,-4040,3425,-4031,3426,-4029,3427,-4027,3428,-4025,3429,3430,3431]],"id":265},{"properties":{"POA_CODE21":"3325","POA_NAME21":"3325","is_split":false,"primary_district":"Polwarth District","primary_pct":99.96,"district_count":1.0},"type":"Polygon","arcs":[[3432,3433,3434,3435,3436,3437,3438,3439,3440,3441,3442,3443,3444,3445,3446,3447,-4064,3448,-4062,3449,-4060,3450,-4058,3451,-4056,3452,-4054,3453,-4052,3454,-4050,3455,-4048,3456,-4046,3457,-4044,3458,-4042,3459,3460,3461,3462,3463,3464,3465,3466,3467,3468,3469,3470,3471]],"id":266},{"properties":{"POA_CODE21":"3328","POA_NAME21":"3328","is_split":false,"primary_district":"Eureka District","primary_pct":100.0,"district_count":1.0},"type":"Polygon","arcs":[[3472,-3479,3473,-3539,3474,-3512]],"id":267},{"properties":{"POA_CODE21":"3329","POA_NAME21":"3329","is_split":true,"primary_district":"Eureka District","primary_pct":89.0,"district_count":2.0},"type":"Polygon","arcs":[[-3585,3475,-3583,3476,-3581,3477,3478,3479,3480,3481,3482,3483,3484,3485,-3503,3486,-3928,3487,-3589,3488,-3587,3489]],"id":268},{"properties":{"POA_CODE21":"3330","POA_NAME21":"3330","is_split":false,"primary_district":"Eureka District","primary_pct":100.0,"district_count":1.0},"type":"Polygon","arcs":[[3490,-3971,3491,-3969,3492,-3967,3493,-3965,3494,-3963,3495,-3848,3496,-3938,3497,-3936,3498,-3934,3499,-3932,3500,-3930,3501,3502,3503,3504]],"id":269},{"properties":{"POA_CODE21":"3331","POA_NAME21":"3331","is_split":true,"primary_district":"Geelong District","primary_pct":61.84,"district_count":2.0},"type":"Polygon","arcs":[[3505,-3806,-3710,3506,-3708,3507,3508,3509,3510,3511,3512,-3537,3513,-3578,3514,-3576,3515,-3574,3516,-3572,3517,-3570,3518,-3568,3519,-3566,3520,-3564,3521,-3562,3522,-3560,3523,-3558,3524,-3556,3525,-3554,3526,-3552,3527,-3550,3528,-3548,3529,-3546,3530,-3544,3531,-3542,3532,-3602,3533,-3600,3534,-3598,3535,-3596]],"id":270},{"properties":{"POA_CODE21":"3332","POA_NAME21":"3332","is_split":false,"primary_district":"Eureka District","primary_pct":99.98,"district_count":1.0},"type":"Polygon","arcs":[[3536,3537,3538,3539,-3604,3540,3541,3542,3543,3544,3545,3546,3547,3548,3549,3550,3551,3552,3553,3554,3555,3556,3557,3558,3559,3560,3561,3562,3563,3564,3565,3566,3567,3568,3569,3570,3571,3572,3573,3574,3575,3576,3577,3578]],"id":271},{"properties":{"POA_CODE21":"3333","POA_NAME21":"3333","is_split":false,"primary_district":"Eureka District","primary_pct":100.0,"district_count":1.0},"type":"Polygon","arcs":[[3579,3580,3581,3582,3583,3584,3585,3586,3587,3588,3589,-3926,3590,-3924,3591,-3922,3592,-3920,3593,-3918,-3605,-3808,3594,3595,3596,3597,3598,3599,3600,3601,3602,3603]],"id":272},{"properties":{"POA_CODE21":"3334","POA_NAME21":"3334","is_split":false,"primary_district":"Eureka District","primary_pct":100.0,"district_count":1.0},"type":"Polygon","arcs":[[-3809,3604,-3917,3605,-3915,3606,-3913,3607,-3911,3608]],"id":273},{"properties":{"POA_CODE21":"3335","POA_NAME21":"3335","is_split":true,"primary_district":"Sydenham District","primary_pct":62.84,"district_count":3.0},"type":"Polygon","arcs":[[3609,3610,-3687,3611,-3649,3612,-3647,3613,-3645,3614,-3643,3615,-4613,3616,-4611,-3632,3617,-3630,3618,-3628,3619,-3626,3620]],"id":274},{"properties":{"POA_CODE21":"3336","POA_NAME21":"3336","is_split":true,"primary_district":"Sydenham District","primary_pct":62.99,"district_count":2.0},"type":"Polygon","arcs":[[3621,3622,3623,3624,3625,3626,3627,3628,3629,3630,3631,-4610,3632,3633,3634,3635,3636]],"id":275},{"properties":{"POA_CODE21":"3337","POA_NAME21":"3337","is_split":true,"primary_district":"Melton District","primary_pct":98.61,"district_count":2.0},"type":"Polygon","arcs":[[-4791,3637,-4621,3638,-4619,3639,-4617,3640,-4615,3641,3642,3643,3644,3645,3646,3647,3648,3649,-3685,3650,-3683,3651,-3767,3652,-3765,3653,-3763,3654,-3761,3655,-3759,3656,-3757,3657,-3755,3658,-3753,3659,-3751,3660,-3749,3661,-3747,3662,-3745,3663,-3743,3664,-3741,3665,-3739,3666,-3737,3667,-3735,3668,-3733,3669,-3731,3670,-3729,3671,-3727,3672,-3725,3673,-3723,3674,-3721,3675,-3719,-4793,3676]],"id":276},{"properties":{"POA_CODE21":"3338","POA_NAME21":"3338","is_split":true,"primary_district":"Melton District","primary_pct":74.3,"district_count":2.0},"type":"Polygon","arcs":[[3677,3678,3679,-3771,3680,-3769,3681,3682,3683,3684,3685,3686,3687,3688,3689,3690,3691,3692,3693,3694,3695]],"id":277},{"properties":{"POA_CODE21":"3340","POA_NAME21":"3340","is_split":true,"primary_district":"Eureka District","primary_pct":57.92,"district_count":4.0},"type":"Polygon","arcs":[[3696,3697,3698,3699,3700,3701,3702,3703,3704,3705,3706,3707,3708,3709,-3805,3710,-3803,3711,-3801,-3779,3712,-3777,3713,-3775,3714,-4910,3715,-4908,3716,-4906,3717,-4794,3718,3719,3720,3721,3722,3723,3724,3725,3726,3727,3728,3729,3730,3731,3732,3733,3734,3735,3736,3737,3738,3739,3740,3741,3742,3743,3744,3745,3746,3747,3748,3749,3750,3751,3752,3753,3754,3755,3756,3757,3758,3759,3760,3761,3762,3763,3764,3765,3766,3767,3768,3769,3770,3771,3772]],"id":278},{"properties":{"POA_CODE21":"3341","POA_NAME21":"3341","is_split":true,"primary_district":"Eureka District","primary_pct":78.51,"district_count":2.0},"type":"Polygon","arcs":[[-4912,3773,3774,3775,3776,3777,3778,-3800,3779,-3798,3780,-3796,3781,-3794,3782,-3792,3783,-3790,3784,-4916,3785,-4914,3786]],"id":279},{"properties":{"POA_CODE21":"3342","POA_NAME21":"3342","is_split":false,"primary_district":"Eureka District","primary_pct":99.96,"district_count":1.0},"type":"Polygon","arcs":[[-4920,3787,-4918,3788,3789,3790,3791,3792,3793,3794,3795,3796,3797,3798,3799,3800,3801,3802,3803,3804,3805,3806,3807,3808,3809,-3909,-3820,3810,-3828,3811,-3826,3812,-3824,3813,-3822,3814,-3906,3815,-3904,3816,-3902,-4956,3817,-4954,3818,-4952]],"id":280},{"properties":{"POA_CODE21":"3345","POA_NAME21":"3345","is_split":false,"primary_district":"Eureka District","primary_pct":100.0,"district_count":1.0},"type":"Polygon","arcs":[[3819,-3908,3820,3821,3822,3823,3824,3825,3826,3827,3828]],"id":281},{"properties":{"POA_CODE21":"3350","POA_NAME21":"3350","is_split":true,"primary_district":"Eureka District","primary_pct":54.79,"district_count":3.0},"type":"Polygon","arcs":[[-3980,3829,-3978,3830,-3879,-4009,3831,-4013,-3877,-4003,3832,-4001,3833,-3999,3834,-3997,3835,-3995,3836,-3993,3837,-3883,3838,-3982,3839]],"id":282},{"properties":{"POA_CODE21":"3351","POA_NAME21":"3351","is_split":true,"primary_district":"Lowan District","primary_pct":47.05,"district_count":3.0},"type":"MultiPolygon","arcs":[[[-3952,3840,-3950,3841,-3948,3842,-3946,3843,-3944,3844,-3942,3845,-3940,3846,3847,3848,-3961,3849,-3959,3850,-3957,3851,-3955,3852,3853,-4021,3854,-4036,3855,-4071,3856,-4146,3857,-4144,3858,-3886,3859,-4015,3860,-3872,-3954,3861]],[[3862,3863,3864,3865,3866,3867,-4183,3868,-4166,3869,-4181,-4150,3870,-4068]]],"id":283},{"properties":{"POA_CODE21":"3352","POA_NAME21":"3352","is_split":true,"primary_district":"Eureka District","primary_pct":50.3,"district_count":4.0},"type":"MultiPolygon","arcs":[[[3871,3872,-3990]],[[-3989,3873,-4008,3874,-4006,3875,-4004,3876,-4012,3877,-4010,3878,3879,-3986,3880,-3984,3881,3882,3883,-4017,3884,3885,3886,-4142,3887,-4140,3888,-5057,3889,-5053,3890,-5051,3891,-5032,3892,-4135,3893,-4088,3894,-4119,3895,-4082,3896,-4111,3897,-4114,-4080,3898,-4093,3899,-4959,3900,-4957,3901,3902,3903,3904,3905,3906,3907,3908,3909,3910,3911,3912,3913,3914,3915,3916,3917,3918,3919,3920,3921,3922,3923,3924,3925,3926,3927,3928,3929,3930,3931,3932,3933,3934,3935,3936,3937,3938,3939,3940,3941,3942,3943,3944,3945,3946,3947,3948,3949,3950,3951,3952,3953]],[[3954,3955,3956,3957,3958,3959,3960,3961,3962,3963,3964,3965,3966,3967,3968,3969,3970,3971,3972,3973,3974,3975,3976]]],"id":284},{"properties":{"POA_CODE21":"3355","POA_NAME21":"3355","is_split":true,"primary_district":"Ripon District","primary_pct":64.73,"district_count":2.0},"type":"Polygon","arcs":[[3977,3978,3979,3980,3981,3982,3983,3984,3985,3986]],"id":285},{"properties":{"POA_CODE21":"3356","POA_NAME21":"3356","is_split":false,"primary_district":"Wendouree District","primary_pct":99.54,"district_count":2.0},"type":"Polygon","arcs":[[3987,3988,3989,3990,-4019,3991,3992,3993,3994,3995,3996,3997,3998,3999,4000,4001,4002,4003,4004,4005,4006,4007]],"id":286},{"properties":{"POA_CODE21":"3357","POA_NAME21":"3357","is_split":false,"primary_district":"Eureka District","primary_pct":100.0,"district_count":1.0},"type":"Polygon","arcs":[[4008,4009,4010,4011,4012,4013]],"id":287},{"properties":{"POA_CODE21":"3358","POA_NAME21":"3358","is_split":false,"primary_district":"Wendouree District","primary_pct":99.94,"district_count":1.0},"type":"Polygon","arcs":[[4014,4015,4016,4017,4018,4019]],"id":288},{"properties":{"POA_CODE21":"3360","POA_NAME21":"3360","is_split":true,"primary_district":"Ripon District","primary_pct":51.1,"district_count":2.0},"type":"Polygon","arcs":[[4020,4021,4022,4023,4024,4025,4026,4027,4028,4029,4030,4031,-4038,4032,-4075,4033,-4073,4034,4035,4036]],"id":289},{"properties":{"POA_CODE21":"3361","POA_NAME21":"3361","is_split":true,"primary_district":"Ripon District","primary_pct":78.81,"district_count":2.0},"type":"Polygon","arcs":[[4037,4038,4039,4040,4041,4042,4043,4044,4045,4046,4047,4048,4049,4050,4051,4052,4053,4054,4055,4056,4057,4058,4059,4060,4061,4062,4063,4064,4065,4066,4067,4068,-4148,4069,4070,4071,4072,4073,4074,4075]],"id":290},{"properties":{"POA_CODE21":"3363","POA_NAME21":"3363","is_split":false,"primary_district":"Ripon District","primary_pct":100.0,"district_count":1.0},"type":"MultiPolygon","arcs":[[[4076,-4110]],[[4077,-4095,4078,4079,-4113,4080,4081,4082,-4117,4083,-4126,4084,-4097]],[[4085,-4121,4086,4087,4088,-4133,4089,-4130]]],"id":291},{"properties":{"POA_CODE21":"3364","POA_NAME21":"3364","is_split":true,"primary_district":"Ripon District","primary_pct":80.3,"district_count":4.0},"type":"MultiPolygon","arcs":[[[4090,-4963,4091,-4961,4092,4093,4094,4095,4096,4097,-4124,4098,-5027,4099,-5025,-4999,4100,-4981,4101,-4979,4102,-4977,4103,-4975,4104,-4973,4105,-4931,4106,-4928,4107,-4965,4108,4109]],[[4110,4111,4112,4113,4114]],[[-4128,4115,4116,4117,4118,4119,4120,4121]]],"id":292},{"properties":{"POA_CODE21":"3370","POA_NAME21":"3370","is_split":false,"primary_district":"Ripon District","primary_pct":100.0,"district_count":1.0},"type":"Polygon","arcs":[[-5029,4122,4123,4124,4125,4126,4127,4128,4129,4130,-4137]],"id":293},{"properties":{"POA_CODE21":"3371","POA_NAME21":"3371","is_split":false,"primary_district":"Ripon District","primary_pct":100.0,"district_count":1.0},"type":"Polygon","arcs":[[4131,4132,4133,4134,4135,-5030,4136]],"id":294},{"properties":{"POA_CODE21":"3373","POA_NAME21":"3373","is_split":false,"primary_district":"Ripon District","primary_pct":100.0,"district_count":1.0},"type":"Polygon","arcs":[[4137,-5061,4138,-5059,4139,4140,4141,4142,4143,4144,4145,4146,4147,4148,4149,-4180,4150,-4163,-4171,4151,-5073,4152,-5071,4153,-5067,4154,-5065,4155,-5063]],"id":295},{"properties":{"POA_CODE21":"3374","POA_NAME21":"3374","is_split":true,"primary_district":"Lowan District","primary_pct":89.27,"district_count":2.0},"type":"Polygon","arcs":[[-4263,4156,-4247,4157,-4272,4158,-4270,4159,-4168]],"id":296},{"properties":{"POA_CODE21":"3375","POA_NAME21":"3375","is_split":false,"primary_district":"Ripon District","primary_pct":100.0,"district_count":1.0},"type":"Polygon","arcs":[[4160,-4178,-4174,4161,-4172,4162]],"id":297},{"properties":{"POA_CODE21":"3377","POA_NAME21":"3377","is_split":true,"primary_district":"Ripon District","primary_pct":60.36,"district_count":2.0},"type":"Polygon","arcs":[[4163,-4176,4164,4165,4166,-4244,-4264,4167,4168,-4295,-5075,4169,4170,4171,4172,4173]],"id":298},{"properties":{"POA_CODE21":"3378","POA_NAME21":"3378","is_split":true,"primary_district":"Lowan District","primary_pct":53.5,"district_count":2.0},"type":"Polygon","arcs":[[4174,4175,4176,4177,4178,4179,4180]],"id":299},{"properties":{"POA_CODE21":"3379","POA_NAME21":"3379","is_split":false,"primary_district":"Lowan District","primary_pct":100.0,"district_count":1.0},"type":"Polygon","arcs":[[4181,4182,4183,4184,4185,4186,4187,4188,4189,4190,4191,4192,4193,4194,4195,4196,4197,4198,4199,4200,4201,4202,4203,4204,4205,4206,4207,4208,4209,4210,4211,4212,4213,4214,4215,4216,4217,4218,4219,4220,4221,4222,4223,4224,4225,4226,4227,4228,4229,4230,4231,4232,4233,4234,4235,4236,4237,4238,4239,4240,4241,4242,-4265,4243]],"id":300},{"properties":{"POA_CODE21":"3380","POA_NAME21":"3380","is_split":false,"primary_district":"Lowan District","primary_pct":100.0,"district_count":1.0},"type":"Polygon","arcs":[[-4276,4244,-4274,4245,4246,4247,-4261,4248,-4259,-4302,4249,-4307,4250,-4290,4251,-4288,4252,-4286,4253,-4284,4254,-4282,4255,-4280,4256,-4278,4257]],"id":301},{"properties":{"POA_CODE21":"3381","POA_NAME21":"3381","is_split":false,"primary_district":"Lowan District","primary_pct":100.0,"district_count":1.0},"type":"Polygon","arcs":[[4258,4259,4260,4261,4262,4263,4264,4265,4266,-4374,4267,-4296]],"id":302},{"properties":{"POA_CODE21":"3384","POA_NAME21":"3384","is_split":true,"primary_district":"Ripon District","primary_pct":63.39,"district_count":2.0},"type":"Polygon","arcs":[[4268,4269,4270,4271,4272,4273,4274,4275,4276,4277,4278,4279,4280,4281,4282,4283,4284,4285,4286,4287,4288,4289,4290,-4305,4291,-5110,4292,-5123,4293,-5076,4294]],"id":303},{"properties":{"POA_CODE21":"3385","POA_NAME21":"3385","is_split":false,"primary_district":"Lowan District","primary_pct":100.0,"district_count":1.0},"type":"Polygon","arcs":[[4295,4296,-4372,4297,-4324,4298,-4322,-4318,-4311,4299,-4309,4300,4301]],"id":304},{"properties":{"POA_CODE21":"3387","POA_NAME21":"3387","is_split":true,"primary_district":"Ripon District","primary_pct":79.96,"district_count":2.0},"type":"Polygon","arcs":[[-5114,4302,-5112,4303,4304,4305,4306,4307,4308,4309,4310,-4317,4311,-4315]],"id":305},{"properties":{"POA_CODE21":"3388","POA_NAME21":"3388","is_split":true,"primary_district":"Lowan District","primary_pct":83.74,"district_count":2.0},"type":"Polygon","arcs":[[-4321,4312,-4331,-5149,4313,-5115,4314,4315,4316,4317]],"id":306},{"properties":{"POA_CODE21":"3390","POA_NAME21":"3390","is_split":false,"primary_district":"Lowan District","primary_pct":100.0,"district_count":1.0},"type":"Polygon","arcs":[[-4339,4318,-4333,4319,4320,4321,4322,4323,4324,-4370,4325,-4368,4326,-4366,4327,-4364]],"id":307},{"properties":{"POA_CODE21":"3391","POA_NAME21":"3391","is_split":false,"primary_district":"Lowan District","primary_pct":100.0,"district_count":1.0},"type":"Polygon","arcs":[[-4355,-4343,4328,-4350,4329]],"id":308},{"properties":{"POA_CODE21":"3392","POA_NAME21":"3392","is_split":false,"primary_district":"Lowan District","primary_pct":99.98,"district_count":1.0},"type":"Polygon","arcs":[[4330,4331,4332,4333,-4337,4334,-5152,4335,-5150]],"id":309},{"properties":{"POA_CODE21":"3393","POA_NAME21":"3393","is_split":true,"primary_district":"Lowan District","primary_pct":91.31,"district_count":2.0},"type":"Polygon","arcs":[[4336,4337,4338,-4363,4339,-4526,4340,-4584,4341,4342,-4354,4343,-5176,4344,-5166,4345,-5164,4346,-5154,4347]],"id":310},{"properties":{"POA_CODE21":"3395","POA_NAME21":"3395","is_split":true,"primary_district":"Mildura District","primary_pct":89.68,"district_count":2.0},"type":"Polygon","arcs":[[4348,4349,4350,-4594,-4359,4351,-5178,4352,4353,4354]],"id":311},{"properties":{"POA_CODE21":"3396","POA_NAME21":"3396","is_split":false,"primary_district":"Mildura District","primary_pct":100.0,"district_count":1.0},"type":"Polygon","arcs":[[4355,-5232,-5190,4356,-5186,4357,4358,-4593]],"id":312},{"properties":{"POA_CODE21":"3400","POA_NAME21":"3400","is_split":false,"primary_district":"Lowan District","primary_pct":100.0,"district_count":1.0},"type":"Polygon","arcs":[[-4415,4359,-4417,4360]],"id":313},{"properties":{"POA_CODE21":"3401","POA_NAME21":"3401","is_split":false,"primary_district":"Lowan District","primary_pct":100.0,"district_count":1.0},"type":"MultiPolygon","arcs":[[[4361,4362,4363,4364,4365,4366,4367,4368,4369,4370,4371,4372,4373,4374,4375,4376,4377,4378,4379,4380,4381,4382,4383,4384,4385,4386,-4430,4387,-4471,4388,-4469,4389,-4467,4390,-4465,4391,-4463,4392,-4461,4393,-4459,4394,-4457,4395,-4455,4396,-4453,4397,-4451,4398,-4449,4399,4400,4401,4402,-4476,4403,-4474,4404,-4500,4405,-4498,4406,-4496,4407,-4494,4408,-4492,4409,-4490,4410,-4488,4411,-4486,4412,-4535,4413,-4533,-4528],[4414,4415,4416,4417]],[[-4481,4418,4419,4420,4421,4422,4423,4424,-4505,4425,-4502,4426,-4539,4427,-4483,4428]]],"id":314},{"properties":{"POA_CODE21":"3407","POA_NAME21":"3407","is_split":false,"primary_district":"Lowan District","primary_pct":100.0,"district_count":1.0},"type":"Polygon","arcs":[[4429,4430,4431,4432,4433,4434,4435,4436,4437,4438,4439,4440,4441,4442,4443,4444,4445,4446,4447,4448,4449,4450,4451,4452,4453,4454,4455,4456,4457,4458,4459,4460,4461,4462,4463,4464,4465,4466,4467,4468,4469,4470,4471]],"id":315},{"properties":{"POA_CODE21":"3409","POA_NAME21":"3409","is_split":false,"primary_district":"Lowan District","primary_pct":100.0,"district_count":1.0},"type":"Polygon","arcs":[[4472,4473,4474,4475,4476,4477,4478,4479,4480,4481,4482,4483,-4537,4484,4485,4486,4487,4488,4489,4490,4491,4492,4493,4494,4495,4496,4497,4498,4499]],"id":316},{"properties":{"POA_CODE21":"3412","POA_NAME21":"3412","is_split":false,"primary_district":"Lowan District","primary_pct":100.0,"district_count":1.0},"type":"Polygon","arcs":[[4500,4501,4502,-4516]],"id":317},{"properties":{"POA_CODE21":"3413","POA_NAME21":"3413","is_split":false,"primary_district":"Lowan District","primary_pct":100.0,"district_count":1.0},"type":"Polygon","arcs":[[4503,4504,4505,4506,4507,4508,4509,4510,-4562,4511,-4553,4512,-4551,4513,-4541,4514,4515]],"id":318},{"properties":{"POA_CODE21":"3414","POA_NAME21":"3414","is_split":false,"primary_district":"Lowan District","primary_pct":100.0,"district_count":1.0},"type":"Polygon","arcs":[[-4532,4516,-4579,4517,-4577,4518,-4575,4519,-4573,4520,-4571,4521,-4569,4522,-4567,4523,-4586,4524,4525,4526,4527]],"id":319},{"properties":{"POA_CODE21":"3415","POA_NAME21":"3415","is_split":false,"primary_district":"Lowan District","primary_pct":100.0,"district_count":1.0},"type":"Polygon","arcs":[[-4548,4528,-4557,4529,-4543]],"id":320},{"properties":{"POA_CODE21":"3418","POA_NAME21":"3418","is_split":false,"primary_district":"Lowan District","primary_pct":100.0,"district_count":1.0},"type":"Polygon","arcs":[[-4589,-4581,4530,4531,4532,4533,4534,4535,4536,4537,4538,4539,4540,4541,-4549,4542,4543,-4555,-4559,4544,-4565,4545,-5203,4546]],"id":321},{"properties":{"POA_CODE21":"3419","POA_NAME21":"3419","is_split":false,"primary_district":"Lowan District","primary_pct":100.0,"district_count":1.0},"type":"Polygon","arcs":[[4547,4548,4549,4550,4551,4552,4553,-4560,4554,4555,4556,4557]],"id":322},{"properties":{"POA_CODE21":"3420","POA_NAME21":"3420","is_split":false,"primary_district":"Lowan District","primary_pct":100.0,"district_count":1.0},"type":"Polygon","arcs":[[4558,4559,4560,4561,4562,-5205,4563,4564,4565]],"id":323},{"properties":{"POA_CODE21":"3423","POA_NAME21":"3423","is_split":false,"primary_district":"Lowan District","primary_pct":100.0,"district_count":1.0},"type":"Polygon","arcs":[[4566,4567,4568,4569,4570,4571,4572,4573,4574,4575,4576,4577,4578,4579,4580,-4588,4581,-4596,4582,4583,4584,4585,4586]],"id":324},{"properties":{"POA_CODE21":"3424","POA_NAME21":"3424","is_split":true,"primary_district":"Lowan District","primary_pct":62.89,"district_count":2.0},"type":"Polygon","arcs":[[4587,4588,4589,-5201,4590,-5234,4591,4592,4593,4594,4595,4596]],"id":325},{"properties":{"POA_CODE21":"3427","POA_NAME21":"3427","is_split":false,"primary_district":"Sunbury District","primary_pct":99.93,"district_count":1.0},"type":"Polygon","arcs":[[-4676,4597,-4674,4598,-4672,4599,-4648,4600,-4646,4601,-4644,4602,-4642,4603,4604,4605,4606,4607,4608,4609,4610,4611,4612,4613,4614,4615,4616,4617,4618,4619,4620,4621,-4790,4622,-4682,4623,-4680,4624,-4678,4625]],"id":326},{"properties":{"POA_CODE21":"3428","POA_NAME21":"3428","is_split":false,"primary_district":"Sunbury District","primary_pct":99.92,"district_count":1.0},"type":"Polygon","arcs":[[4626,4627,4628,4629,4630,4631,4632,4633,4634,4635,4636,4637,4638,4639,4640,4641,4642,4643,4644,4645,4646,4647,4648,-4670,4649,-4668,4650,-4666,4651,-4664,4652,4653,4654,4655,4656]],"id":327},{"properties":{"POA_CODE21":"3429","POA_NAME21":"3429","is_split":false,"primary_district":"Sunbury District","primary_pct":99.93,"district_count":1.0},"type":"Polygon","arcs":[[-4737,-4694,4657,-4718,4658,4659,4660,4661,4662,4663,4664,4665,4666,4667,4668,4669,4670,4671,4672,4673,4674,4675,4676,4677,4678,4679,4680,4681,4682,-4788,4683,-4786,4684,-4730,4685,-4728,4686,-4726,4687,-4724,4688,-4722,4689,-4720,4690,-4741,4691,-4739,4692]],"id":328},{"properties":{"POA_CODE21":"3430","POA_NAME21":"3430","is_split":true,"primary_district":"Macedon District","primary_pct":82.82,"district_count":2.0},"type":"Polygon","arcs":[[4693,-4736,-4744,4694,-7482,-7449,4695,-7447,4696,-7445,4697,4698,4699,4700,4701,4702,4703,4704,4705,4706,4707,4708,4709,4710,4711,4712,4713,4714,4715,4716,4717,4718]],"id":329},{"properties":{"POA_CODE21":"3431","POA_NAME21":"3431","is_split":false,"primary_district":"Macedon District","primary_pct":99.93,"district_count":1.0},"type":"Polygon","arcs":[[4719,4720,4721,4722,4723,4724,4725,4726,4727,4728,4729,4730,-4784,-4803,4731,-4801,-4820,4732,-4762,4733,-4753,4734,-4745,4735,4736,4737,4738,4739,4740,4741]],"id":330},{"properties":{"POA_CODE21":"3432","POA_NAME21":"3432","is_split":false,"primary_district":"Macedon District","primary_pct":100.0,"district_count":1.0},"type":"Polygon","arcs":[[4742,4743,4744,4745,-4751,4746,-4759,4747,-4757,4748,-7486,4749,-7484]],"id":331},{"properties":{"POA_CODE21":"3433","POA_NAME21":"3433","is_split":false,"primary_district":"Macedon District","primary_pct":100.0,"district_count":1.0},"type":"Polygon","arcs":[[4750,4751,4752,4753,-4772,4754,-7488,4755,4756,4757,4758,4759]],"id":332},{"properties":{"POA_CODE21":"3434","POA_NAME21":"3434","is_split":false,"primary_district":"Macedon District","primary_pct":100.0,"district_count":1.0},"type":"Polygon","arcs":[[4760,4761,4762,-4828,4763,-4826,-4837,4764,-4773,4765,-4781,4766,-7579,4767,-7577,4768,-7554,4769,-7490,4770,4771]],"id":333},{"properties":{"POA_CODE21":"3435","POA_NAME21":"3435","is_split":true,"primary_district":"Macedon District","primary_pct":68.02,"district_count":2.0},"type":"Polygon","arcs":[[4772,4773,-4835,4774,-4858,4775,-4856,4776,-5404,4777,-5398,4778,-7581,4779,4780,4781]],"id":334},{"properties":{"POA_CODE21":"3437","POA_NAME21":"3437","is_split":false,"primary_district":"Macedon District","primary_pct":99.98,"district_count":1.0},"type":"Polygon","arcs":[[-4805,4782,4783,4784,4785,4786,4787,4788,4789,4790,4791,4792,4793,4794,-4904,4795,-4831,-4816,4796,-4809,4797,-4807,4798]],"id":335},{"properties":{"POA_CODE21":"3438","POA_NAME21":"3438","is_split":false,"primary_district":"Macedon District","primary_pct":100.0,"district_count":1.0},"type":"Polygon","arcs":[[-4812,4799,-4821,4800,4801,4802,4803,4804,4805,4806,4807,4808,-4814,4809]],"id":336},{"properties":{"POA_CODE21":"3440","POA_NAME21":"3440","is_split":false,"primary_district":"Macedon District","primary_pct":100.0,"district_count":1.0},"type":"Polygon","arcs":[[-4823,4810,4811,4812,4813,4814,4815,-4830,4816,-4839,-4825,4817]],"id":337},{"properties":{"POA_CODE21":"3441","POA_NAME21":"3441","is_split":false,"primary_district":"Macedon District","primary_pct":100.0,"district_count":1.0},"type":"Polygon","arcs":[[4818,4819,4820,4821,4822,4823,4824,-4838,4825,4826,4827]],"id":338},{"properties":{"POA_CODE21":"3442","POA_NAME21":"3442","is_split":false,"primary_district":"Macedon District","primary_pct":100.0,"district_count":1.0},"type":"Polygon","arcs":[[4828,4829,4830,4831,-4902,-4841,4832,-4860,4833,4834,4835,4836,4837,4838]],"id":339},{"properties":{"POA_CODE21":"3444","POA_NAME21":"3444","is_split":true,"primary_district":"Macedon District","primary_pct":69.84,"district_count":2.0},"type":"Polygon","arcs":[[4839,4840,-4923,4841,-4947,4842,-4945,4843,-4943,4844,-4941,4845,-4867,4846,-4873,4847,-4881,4848,-5619,4849,-5617,4850,-5419,4851,-5417,4852,-5415,4853,-5406,4854,4855,4856,4857,4858,4859]],"id":340},{"properties":{"POA_CODE21":"3446","POA_NAME21":"3446","is_split":false,"primary_district":"Macedon District","primary_pct":100.0,"district_count":1.0},"type":"Polygon","arcs":[[4860,-4939,4861,-4892,4862,-4868,4863,-4871,4864,-4875,4865,4866]],"id":341},{"properties":{"POA_CODE21":"3447","POA_NAME21":"3447","is_split":false,"primary_district":"Macedon District","primary_pct":100.0,"district_count":1.0},"type":"Polygon","arcs":[[4867,4868,-4877,4869,4870,4871]],"id":342},{"properties":{"POA_CODE21":"3448","POA_NAME21":"3448","is_split":false,"primary_district":"Macedon District","primary_pct":99.98,"district_count":1.0},"type":"Polygon","arcs":[[4872,4873,4874,4875,4876,4877,-4890,4878,-4897,-5621,4879,4880,4881]],"id":343},{"properties":{"POA_CODE21":"3450","POA_NAME21":"3450","is_split":false,"primary_district":"Bendigo West District","primary_pct":100.0,"district_count":1.0},"type":"Polygon","arcs":[[4882,-4893]],"id":344},{"properties":{"POA_CODE21":"3451","POA_NAME21":"3451","is_split":true,"primary_district":"Bendigo West District","primary_pct":65.65,"district_count":2.0},"type":"Polygon","arcs":[[4883,-4937,4884,-4935,4885,-4984,4886,-4995,4887,-4899,4888,4889,4890,4891],[4892,4893]],"id":345},{"properties":{"POA_CODE21":"3453","POA_NAME21":"3453","is_split":true,"primary_district":"Bendigo West District","primary_pct":69.53,"district_count":2.0},"type":"Polygon","arcs":[[4894,-5665,4895,-5622,4896,4897,4898,4899,-4993,4900,-5634]],"id":346},{"properties":{"POA_CODE21":"3458","POA_NAME21":"3458","is_split":true,"primary_district":"Macedon District","primary_pct":99.2,"district_count":2.0},"type":"Polygon","arcs":[[4901,4902,4903,4904,4905,4906,4907,4908,4909,4910,4911,4912,4913,4914,4915,4916,4917,4918,4919,-4951,4920,-4949,4921,4922]],"id":347},{"properties":{"POA_CODE21":"3460","POA_NAME21":"3460","is_split":true,"primary_district":"Macedon District","primary_pct":98.0,"district_count":2.0},"type":"Polygon","arcs":[[4923,-4929,4924,-4969,4925,-4967,4926,4927]],"id":348},{"properties":{"POA_CODE21":"3461","POA_NAME21":"3461","is_split":true,"primary_district":"Macedon District","primary_pct":92.8,"district_count":3.0},"type":"Polygon","arcs":[[4928,4929,4930,4931,-4971,4932,-4986,4933,4934,4935,4936,4937,4938,4939,4940,4941,4942,4943,4944,4945,4946,4947,4948,4949,4950,4951,4952,4953,4954,4955,4956,4957,4958,4959,4960,4961,4962,4963,4964,4965,4966,4967,4968,4969]],"id":349},{"properties":{"POA_CODE21":"3462","POA_NAME21":"3462","is_split":false,"primary_district":"Bendigo West District","primary_pct":99.99,"district_count":1.0},"type":"Polygon","arcs":[[4970,4971,4972,4973,4974,4975,4976,4977,4978,4979,4980,4981,-4997,4982,4983,4984,4985,4986]],"id":350},{"properties":{"POA_CODE21":"3463","POA_NAME21":"3463","is_split":true,"primary_district":"Bendigo West District","primary_pct":80.95,"district_count":2.0},"type":"Polygon","arcs":[[4987,-5645,4988,-5643,4989,-5342,4990,-5636,4991,4992,4993,4994,4995,4996,4997,4998,-5024,4999,-5022,5000,-5020,5001,-5018,5002,-5013,5003,-5083,5004,-5081,5005,-5079,5006,-5091,-5655,5007,-5653,5008,-5651,5009,-5649,5010,-5647]],"id":351},{"properties":{"POA_CODE21":"3464","POA_NAME21":"3464","is_split":true,"primary_district":"Ripon District","primary_pct":89.45,"district_count":2.0},"type":"Polygon","arcs":[[5011,5012,5013,-5016]],"id":352},{"properties":{"POA_CODE21":"3465","POA_NAME21":"3465","is_split":true,"primary_district":"Ripon District","primary_pct":98.59,"district_count":2.0},"type":"Polygon","arcs":[[-5085,5014,5015,5016,5017,5018,5019,5020,5021,5022,5023,5024,5025,5026,5027,5028,5029,5030,5031,5032,-5049,5033,-5047,5034,-5045,5035,-5127,5036,-5107,5037,-5095,5038,-5093,5039,-5087,5040]],"id":353},{"properties":{"POA_CODE21":"3467","POA_NAME21":"3467","is_split":false,"primary_district":"Ripon District","primary_pct":100.0,"district_count":1.0},"type":"Polygon","arcs":[[5041,-5055,5042,-5129,5043,5044,5045,5046,5047,5048,5049,5050,5051,5052]],"id":354},{"properties":{"POA_CODE21":"3468","POA_NAME21":"3468","is_split":false,"primary_district":"Ripon District","primary_pct":100.0,"district_count":1.0},"type":"Polygon","arcs":[[-5069,-5120,5053,5054,5055,5056,5057,5058,5059,5060,5061,5062,5063,5064,5065,5066,5067]],"id":355},{"properties":{"POA_CODE21":"3469","POA_NAME21":"3469","is_split":false,"primary_district":"Ripon District","primary_pct":100.0,"district_count":1.0},"type":"Polygon","arcs":[[5068,5069,5070,5071,5072,5073,5074,5075,5076,-5121]],"id":356},{"properties":{"POA_CODE21":"3472","POA_NAME21":"3472","is_split":false,"primary_district":"Ripon District","primary_pct":99.99,"district_count":1.0},"type":"Polygon","arcs":[[5077,5078,5079,5080,5081,5082,5083,5084,5085,5086,5087,-5100,-5369,5088,-5356,5089,-5656,5090]],"id":357},{"properties":{"POA_CODE21":"3475","POA_NAME21":"3475","is_split":false,"primary_district":"Ripon District","primary_pct":100.0,"district_count":1.0},"type":"Polygon","arcs":[[5091,5092,5093,5094,5095,-5105,5096,-5103,5097,-5372,5098,-5370,5099]],"id":358},{"properties":{"POA_CODE21":"3477","POA_NAME21":"3477","is_split":true,"primary_district":"Ripon District","primary_pct":98.34,"district_count":2.0},"type":"Polygon","arcs":[[5100,-5130,-5374,5101,5102,5103,5104,5105,5106,5107,-5125,5108,5109,5110,5111,5112,5113,5114,5115,-5147,5116,-5145,5117,-5431],[5133]],"id":359},{"properties":{"POA_CODE21":"3478","POA_NAME21":"3478","is_split":true,"primary_district":"Ripon District","primary_pct":75.1,"district_count":2.0},"type":"MultiPolygon","arcs":[[[5118,5119,5120,5121,5122,5123,5124,5125,5126,5127,5128]],[[-5375,5129,5130,-5429,5131,-5377,5132]],[[5133]],[[-5451,5134,-5449,5135,-5447,5136,-5445,5137,-5443,5138,-5441,5139,-5439,5140,-5437,5141,-5435,5142,-5433,5143,5144,5145,-5158]]],"id":360},{"properties":{"POA_CODE21":"3480","POA_NAME21":"3480","is_split":true,"primary_district":"Mildura District","primary_pct":73.19,"district_count":3.0},"type":"Polygon","arcs":[[5146,5147,5148,5149,5150,5151,5152,5153,5154,-5162,5155,-5459,5156,-5452,5157,5158]],"id":361},{"properties":{"POA_CODE21":"3482","POA_NAME21":"3482","is_split":false,"primary_district":"Mildura District","primary_pct":99.97,"district_count":1.0},"type":"Polygon","arcs":[[-5172,5159,-5461,5160,5161,5162,5163,5164,5165,5166,-5174,5167]],"id":362},{"properties":{"POA_CODE21":"3483","POA_NAME21":"3483","is_split":false,"primary_district":"Mildura District","primary_pct":100.0,"district_count":1.0},"type":"Polygon","arcs":[[-5489,5168,-5475,5169,-5463,5170,5171,5172,5173,5174,5175,5176,5177,5178,-5184,5179]],"id":363},{"properties":{"POA_CODE21":"3485","POA_NAME21":"3485","is_split":false,"primary_district":"Mildura District","primary_pct":100.0,"district_count":1.0},"type":"Polygon","arcs":[[-5507,5180,-5501,5181,-5478,5182,5183,5184,5185,5186,-5193,5187]],"id":364},{"properties":{"POA_CODE21":"3487","POA_NAME21":"3487","is_split":false,"primary_district":"Mildura District","primary_pct":100.0,"district_count":1.0},"type":"Polygon","arcs":[[5188,5189,-5231,-5195,5190,-5509,5191,5192]],"id":365},{"properties":{"POA_CODE21":"3488","POA_NAME21":"3488","is_split":false,"primary_district":"Mildura District","primary_pct":100.0,"district_count":1.0},"type":"Polygon","arcs":[[-5511,5193,5194,-5230,-5196]],"id":366},{"properties":{"POA_CODE21":"3489","POA_NAME21":"3489","is_split":false,"primary_district":"Mildura District","primary_pct":100.0,"district_count":1.0},"type":"Polygon","arcs":[[-5512,5195,-5241,5196,-5227]],"id":367},{"properties":{"POA_CODE21":"3490","POA_NAME21":"3490","is_split":true,"primary_district":"Mildura District","primary_pct":81.36,"district_count":2.0},"type":"Polygon","arcs":[[5197,-5331,5198,-5236,5199,5200,5201,5202,5203,5204,5205,-5340,5206,-5323,5207,-5326,5208,-5336,5209,-5274,5210,-5272,5211,-5270,5212,-5268,5213,-5266,5214,-5264,5215,-5262,5216,-5260,5217,-5258,5218,-5243,5219,-5295,5220,-5293,5221,-5291,5222,-5596,5223,-5588,5224,-5515,5225,-5513,5226,5227,-5239,5228,-5333],[5333]],"id":368},{"properties":{"POA_CODE21":"3491","POA_NAME21":"3491","is_split":false,"primary_district":"Mildura District","primary_pct":100.0,"district_count":1.0},"type":"Polygon","arcs":[[5229,5230,5231,5232,5233,5234,5235,5236,-5329,5237,5238,5239,5240]],"id":369},{"properties":{"POA_CODE21":"3494","POA_NAME21":"3494","is_split":false,"primary_district":"Mildura District","primary_pct":99.98,"district_count":1.0},"type":"Polygon","arcs":[[-5297,5241,5242,5243,-5256,5244,-5310,5245,-5250,5246]],"id":370},{"properties":{"POA_CODE21":"3496","POA_NAME21":"3496","is_split":false,"primary_district":"Mildura District","primary_pct":99.97,"district_count":1.0},"type":"MultiPolygon","arcs":[[[-5276,5247,-5283,5248,5249,5250,-5308,5251,-5278,5252]],[[-5320,5253,-5312,5254,5255,5256,5257,5258]],[[5259,5260,5261,5262,5263,5264,5265,5266,5267,5268,5269,5270,5271,5272,5273,5274]]],"id":371},{"properties":{"POA_CODE21":"3498","POA_NAME21":"3498","is_split":false,"primary_district":"Mildura District","primary_pct":99.97,"district_count":1.0},"type":"Polygon","arcs":[[5275,5276,5277,5278,-5306,5279,-5286,5280,-5301,5281,5282,5283]],"id":372},{"properties":{"POA_CODE21":"3500","POA_NAME21":"3500","is_split":false,"primary_district":"Mildura District","primary_pct":99.97,"district_count":1.0},"type":"Polygon","arcs":[[-5299,5284,5285,5286,-5304,5287,-5322,5288]],"id":373},{"properties":{"POA_CODE21":"3501","POA_NAME21":"3501","is_split":false,"primary_district":"Mildura District","primary_pct":99.98,"district_count":1.0},"type":"MultiPolygon","arcs":[[[-5598,5289,5290,5291,5292,5293,5294,5295,5296,5297]],[[5298,5299,5300,5301]],[[-5316,5302,5303,5304,5305,5306,5307,5308,5309,5310,5311,5312,-5318,5313]]],"id":374},{"properties":{"POA_CODE21":"3505","POA_NAME21":"3505","is_split":false,"primary_district":"Mildura District","primary_pct":99.98,"district_count":1.0},"type":"Polygon","arcs":[[5314,5315,5316,5317,5318,5319,5320,5321]],"id":375},{"properties":{"POA_CODE21":"3506","POA_NAME21":"3506","is_split":false,"primary_district":"Mildura District","primary_pct":100.0,"district_count":1.0},"type":"Polygon","arcs":[[5322,5323,-5338,5324,5325,5326]],"id":376},{"properties":{"POA_CODE21":"3507","POA_NAME21":"3507","is_split":false,"primary_district":"Mildura District","primary_pct":100.0,"district_count":1.0},"type":"Polygon","arcs":[[5327,5328,5329,5330,5331,5332]],"id":377},{"properties":{"POA_CODE21":"3509","POA_NAME21":"3509","is_split":false,"primary_district":"Mildura District","primary_pct":100.0,"district_count":1.0},"type":"Polygon","arcs":[[5333]],"id":378},{"properties":{"POA_CODE21":"3512","POA_NAME21":"3512","is_split":false,"primary_district":"Mildura District","primary_pct":100.0,"district_count":1.0},"type":"Polygon","arcs":[[5334,5335,5336,5337,5338,5339]],"id":379},{"properties":{"POA_CODE21":"3515","POA_NAME21":"3515","is_split":true,"primary_district":"Bendigo West District","primary_pct":88.77,"district_count":2.0},"type":"Polygon","arcs":[[5340,5341,5342,-5641,5343,-5349,-5675,5344,-5638]],"id":380},{"properties":{"POA_CODE21":"3516","POA_NAME21":"3516","is_split":true,"primary_district":"Ripon District","primary_pct":86.32,"district_count":3.0},"type":"Polygon","arcs":[[5345,-5680,5346,-5678,5347,-5676,5348,5349,-5660,5350,-5353,5351,-5366,-5769]],"id":381},{"properties":{"POA_CODE21":"3517","POA_NAME21":"3517","is_split":true,"primary_district":"Ripon District","primary_pct":60.11,"district_count":3.0},"type":"Polygon","arcs":[[5352,5353,-5658,5354,5355,5356,-5394,-5395,-5393,5357,-5391,5358,-5389,5359,-5387,5360,-5385,5361,-5383,5362,-5839,5363,-5792,5364,-5771,-5770,5365,5366]],"id":382},{"properties":{"POA_CODE21":"3518","POA_NAME21":"3518","is_split":true,"primary_district":"Ripon District","primary_pct":80.62,"district_count":3.0},"type":"Polygon","arcs":[[5367,5368,5369,5370,5371,5372,5373,5374,5375,5376,5377,-5427,5378,-5457,5379,-5537,-5843,5380,-5841,5381,5382,5383,5384,5385,5386,5387,5388,5389,5390,5391,5392,-5396,5393]],"id":383},{"properties":{"POA_CODE21":"3520","POA_NAME21":"3520","is_split":false,"primary_district":"Ripon District","primary_pct":99.97,"district_count":1.0},"type":"Polygon","arcs":[[5394,5395]],"id":384},{"properties":{"POA_CODE21":"3521","POA_NAME21":"3521","is_split":false,"primary_district":"Euroa District","primary_pct":100.0,"district_count":1.0},"type":"Polygon","arcs":[[5396,5397,5398,-5402,5399,-5410,5400,-7583]],"id":385},{"properties":{"POA_CODE21":"3522","POA_NAME21":"3522","is_split":false,"primary_district":"Euroa District","primary_pct":99.99,"district_count":1.0},"type":"Polygon","arcs":[[5401,5402,5403,5404,5405,5406,-5413,5407,-6501,-7585,5408,5409,5410]],"id":386},{"properties":{"POA_CODE21":"3523","POA_NAME21":"3523","is_split":false,"primary_district":"Euroa District","primary_pct":99.99,"district_count":1.0},"type":"Polygon","arcs":[[-6503,5411,5412,5413,5414,5415,5416,5417,5418,5419,-5615,5420,-5613,5421,-5611,5422,-5701,-6143,5423,-6118,-6505,5424]],"id":387},{"properties":{"POA_CODE21":"3525","POA_NAME21":"3525","is_split":true,"primary_district":"Mildura District","primary_pct":67.55,"district_count":3.0},"type":"Polygon","arcs":[[5425,5426,5427,5428,5429,5430,5431,5432,5433,5434,5435,5436,5437,5438,5439,5440,5441,5442,5443,5444,5445,5446,5447,5448,5449,5450,5451,5452,-5471,5453,-5541,5454,-5539,5455,5456]],"id":388},{"properties":{"POA_CODE21":"3527","POA_NAME21":"3527","is_split":true,"primary_district":"Mildura District","primary_pct":88.83,"district_count":2.0},"type":"Polygon","arcs":[[5457,5458,5459,5460,5461,5462,5463,-5473,5464,-5485,5465,-5559,5466,-5557,5467,-5549,5468,-5543,5469,5470]],"id":389},{"properties":{"POA_CODE21":"3529","POA_NAME21":"3529","is_split":false,"primary_district":"Mildura District","primary_pct":100.0,"district_count":1.0},"type":"Polygon","arcs":[[5471,5472,5473,5474,5475,-5487]],"id":390},{"properties":{"POA_CODE21":"3530","POA_NAME21":"3530","is_split":false,"primary_district":"Mildura District","primary_pct":99.98,"district_count":1.0},"type":"Polygon","arcs":[[5476,5477,5478,-5499,5479,-5497,5480,-5565,5481,-5563,5482,-5561,5483,5484,5485,5486,5487,5488]],"id":391},{"properties":{"POA_CODE21":"3531","POA_NAME21":"3531","is_split":false,"primary_district":"Mildura District","primary_pct":100.0,"district_count":1.0},"type":"Polygon","arcs":[[5489,-5575,5490,-5573,5491,-5571,5492,-5569,5493,-5567,5494,5495,5496,5497,5498,5499,5500,5501,-5505,5502,-5577]],"id":392},{"properties":{"POA_CODE21":"3533","POA_NAME21":"3533","is_split":true,"primary_district":"Mildura District","primary_pct":96.76,"district_count":2.0},"type":"Polygon","arcs":[[-5579,5503,5504,5505,5506,5507,5508,5509,5510,5511,5512,5513,5514,5515,-5586,5516,-5584,5517,-5942,-5581,5518]],"id":393},{"properties":{"POA_CODE21":"3537","POA_NAME21":"3537","is_split":false,"primary_district":"Murray Plains District","primary_pct":99.97,"district_count":1.0},"type":"Polygon","arcs":[[5519,-5803,5520,-5835,5521,-5833,5522,-5831,5523,-5829,5524,-5827,5525,-5825,5526,-5823,5527,-5821,5528,-5819,5529,-5817,5530,-5854,5531,-5852,5532,-5850,5533,-5848,5534,-5846,5535,-5844,5536,5537,5538,5539,5540,5541,5542,5543,-5547,5544,-5860]],"id":394},{"properties":{"POA_CODE21":"3540","POA_NAME21":"3540","is_split":false,"primary_district":"Murray Plains District","primary_pct":100.0,"district_count":1.0},"type":"Polygon","arcs":[[5545,5546,5547,5548,5549,-5555,5550,-5862]],"id":395},{"properties":{"POA_CODE21":"3542","POA_NAME21":"3542","is_split":false,"primary_district":"Murray Plains District","primary_pct":99.87,"district_count":2.0},"type":"Polygon","arcs":[[5551,-5940,5552,-5864,5553,5554,5555,5556,5557,5558,5559,5560,5561,5562]],"id":396},{"properties":{"POA_CODE21":"3544","POA_NAME21":"3544","is_split":true,"primary_district":"Murray Plains District","primary_pct":79.92,"district_count":2.0},"type":"Polygon","arcs":[[5563,5564,5565,5566,5567,5568,5569,5570,5571,5572,5573,5574,5575,5576,5577,5578,5579,5580,-5941]],"id":397},{"properties":{"POA_CODE21":"3546","POA_NAME21":"3546","is_split":false,"primary_district":"Mildura District","primary_pct":100.0,"district_count":1.0},"type":"Polygon","arcs":[[-5592,5581,-6095,-6091,-5944,5582,5583,5584,5585,5586,5587,5588,-5594,5589]],"id":398},{"properties":{"POA_CODE21":"3549","POA_NAME21":"3549","is_split":false,"primary_district":"Mildura District","primary_pct":99.97,"district_count":1.0},"type":"Polygon","arcs":[[-6097,5590,5591,5592,5593,5594,5595,5596,5597,5598]],"id":399},{"properties":{"POA_CODE21":"3550","POA_NAME21":"3550","is_split":true,"primary_district":"Bendigo East District","primary_pct":74.75,"district_count":2.0},"type":"Polygon","arcs":[[-5625,5599,-5661,5600,-5669,5601,-5631,5602,-5629,5603,-5671,5604,-5685,5605,-5627,5606]],"id":400},{"properties":{"POA_CODE21":"3551","POA_NAME21":"3551","is_split":true,"primary_district":"Bendigo East District","primary_pct":40.73,"district_count":5.0},"type":"MultiPolygon","arcs":[[[5607,-5683,5608,-5765,-5689,-5690,-5703,5609,5610,5611,5612,5613,5614,5615,5616,5617,5618,5619,5620,5621,5622,-5663,5623,5624,5625,5626]],[[5627,5628,5629,5630,5631,-5667,5632,5633,5634,5635,5636,5637,5638,-5673]],[[5639,5640,5641,5642,5643,5644,5645,5646,5647,5648,5649,5650,5651,5652,5653,5654,5655,5656,5657,5658,5659]]],"id":401},{"properties":{"POA_CODE21":"3555","POA_NAME21":"3555","is_split":true,"primary_district":"Bendigo West District","primary_pct":61.39,"district_count":2.0},"type":"Polygon","arcs":[[5660,5661,5662,5663,5664,5665,5666,5667,5668,5669]],"id":402},{"properties":{"POA_CODE21":"3556","POA_NAME21":"3556","is_split":true,"primary_district":"Bendigo East District","primary_pct":60.08,"district_count":3.0},"type":"Polygon","arcs":[[5670,5671,5672,5673,5674,5675,5676,5677,5678,5679,5680,-5767,5681,5682,5683,5684,5685]],"id":403},{"properties":{"POA_CODE21":"3557","POA_NAME21":"3557","is_split":true,"primary_district":"Bendigo East District","primary_pct":67.18,"district_count":2.0},"type":"Polygon","arcs":[[-5712,5686,-5693,5687,-5691,5688]],"id":404},{"properties":{"POA_CODE21":"3558","POA_NAME21":"3558","is_split":true,"primary_district":"Bendigo East District","primary_pct":56.18,"district_count":2.0},"type":"Polygon","arcs":[[-5704,5689,5690,5691,5692,5693,-5710,5694,-5708,5695,-5762,5696,-5781,5697,-5715,5698]],"id":405},{"properties":{"POA_CODE21":"3559","POA_NAME21":"3559","is_split":true,"primary_district":"Euroa District","primary_pct":87.56,"district_count":2.0},"type":"MultiPolygon","arcs":[[[-6202,5699,-6144,5700,5701,5702,5703,5704,-5714,5705,-5721,5706,-6207]],[[5707,5708,5709,5710,5711,-5764,5712]]],"id":406},{"properties":{"POA_CODE21":"3561","POA_NAME21":"3561","is_split":false,"primary_district":"Murray Plains District","primary_pct":99.98,"district_count":1.0},"type":"Polygon","arcs":[[5713,5714,5715,-5779,5716,-5727,-5729,-6200,5717,-6185,5718,-6209,5719,5720,5721]],"id":407},{"properties":{"POA_CODE21":"3562","POA_NAME21":"3562","is_split":false,"primary_district":"Murray Plains District","primary_pct":99.77,"district_count":1.0},"type":"Polygon","arcs":[[-5730,-5796,5722,-5732,5723]],"id":408},{"properties":{"POA_CODE21":"3563","POA_NAME21":"3563","is_split":false,"primary_district":"Murray Plains District","primary_pct":100.0,"district_count":1.0},"type":"Polygon","arcs":[[5724,-5800,5725,-5738,5726]],"id":409},{"properties":{"POA_CODE21":"3564","POA_NAME21":"3564","is_split":false,"primary_district":"Murray Plains District","primary_pct":99.93,"district_count":1.0},"type":"MultiPolygon","arcs":[[[-6396,-6188,5727,-6201,5728,-5740,-5797,5729,5730]],[[5731,5732,-5794,-5815,5733,-5813,5734,-5811,5735,-5745,5736]]],"id":410},{"properties":{"POA_CODE21":"3565","POA_NAME21":"3565","is_split":false,"primary_district":"Murray Plains District","primary_pct":100.0,"district_count":1.0},"type":"Polygon","arcs":[[5737,5738,-5798,5739]],"id":411},{"properties":{"POA_CODE21":"3566","POA_NAME21":"3566","is_split":false,"primary_district":"Murray Plains District","primary_pct":99.98,"district_count":1.0},"type":"Polygon","arcs":[[5740,-5809,-5746,5741,-5752,5742,-5750,5743,5744]],"id":412},{"properties":{"POA_CODE21":"3567","POA_NAME21":"3567","is_split":false,"primary_district":"Murray Plains District","primary_pct":99.95,"district_count":1.0},"type":"Polygon","arcs":[[5745,-5808,5746,5747,-5754,5748,5749,5750,5751,5752]],"id":413},{"properties":{"POA_CODE21":"3568","POA_NAME21":"3568","is_split":false,"primary_district":"Murray Plains District","primary_pct":99.95,"district_count":1.0},"type":"Polygon","arcs":[[5753,5754,-5806,5755,-5856,5756,-5873,5757,-5881,5758]],"id":414},{"properties":{"POA_CODE21":"3570","POA_NAME21":"3570","is_split":false,"primary_district":"Bendigo East District","primary_pct":99.99,"district_count":1.0},"type":"Polygon","arcs":[[5759,-5783,5760,5761,5762,5763,5764,5765,5766,5767,5768,5769,-5775]],"id":415},{"properties":{"POA_CODE21":"3571","POA_NAME21":"3571","is_split":false,"primary_district":"Bendigo East District","primary_pct":99.99,"district_count":1.0},"type":"Polygon","arcs":[[5770,5771,-5790,5772,-5785,5773,5774]],"id":416},{"properties":{"POA_CODE21":"3572","POA_NAME21":"3572","is_split":true,"primary_district":"Murray Plains District","primary_pct":66.3,"district_count":2.0},"type":"Polygon","arcs":[[5775,-5788,5776,-5786,5777,5778,5779,5780,5781,5782,5783,5784]],"id":417},{"properties":{"POA_CODE21":"3573","POA_NAME21":"3573","is_split":false,"primary_district":"Murray Plains District","primary_pct":99.99,"district_count":1.0},"type":"Polygon","arcs":[[5785,5786,5787,5788,5789,5790,5791,5792,-5816,5793,5794,5795,5796,5797,5798,5799]],"id":418},{"properties":{"POA_CODE21":"3575","POA_NAME21":"3575","is_split":false,"primary_district":"Murray Plains District","primary_pct":100.0,"district_count":1.0},"type":"Polygon","arcs":[[5800,-5837,5801,5802,5803,-5858,5804,5805,5806,5807,5808,5809,5810,5811,5812,5813,5814,5815]],"id":419},{"properties":{"POA_CODE21":"3576","POA_NAME21":"3576","is_split":false,"primary_district":"Murray Plains District","primary_pct":100.0,"district_count":1.0},"type":"Polygon","arcs":[[5816,5817,5818,5819,5820,5821,5822,5823,5824,5825,5826,5827,5828,5829,5830,5831,5832,5833,5834,5835,5836,5837,5838,5839,5840,5841,5842,5843,5844,5845,5846,5847,5848,5849,5850,5851,5852,5853,5854]],"id":420},{"properties":{"POA_CODE21":"3579","POA_NAME21":"3579","is_split":false,"primary_district":"Murray Plains District","primary_pct":99.99,"district_count":1.0},"type":"Polygon","arcs":[[5855,5856,5857,5858,5859,5860,5861,5862,5863,5864,-5938,-5910,5865,-5898,5866,-5922,5867,-5920,5868,-5918,5869,-5965,5870,-5883,5871,5872,5873],[5874,-5894,5875,-5892,5876,-5890,5877,-5888,5878,-5886,5879,-5896]],"id":421},{"properties":{"POA_CODE21":"3580","POA_NAME21":"3580","is_split":false,"primary_district":"Murray Plains District","primary_pct":99.85,"district_count":1.0},"type":"Polygon","arcs":[[5880,5881,5882,5883]],"id":422},{"properties":{"POA_CODE21":"3581","POA_NAME21":"3581","is_split":false,"primary_district":"Murray Plains District","primary_pct":100.0,"district_count":1.0},"type":"Polygon","arcs":[[5884,5885,5886,5887,5888,5889,5890,5891,5892,5893,5894,5895]],"id":423},{"properties":{"POA_CODE21":"3583","POA_NAME21":"3583","is_split":false,"primary_district":"Murray Plains District","primary_pct":100.0,"district_count":1.0},"type":"Polygon","arcs":[[5896,5897,5898,-5908]],"id":424},{"properties":{"POA_CODE21":"3584","POA_NAME21":"3584","is_split":false,"primary_district":"Murray Plains District","primary_pct":100.0,"district_count":1.0},"type":"Polygon","arcs":[[-6001,5899,-5999,5900,-5997,5901,-5995,5902,-5993,5903,-5991,5904,-5989,5905,-5924,5906,5907,5908,5909,-5937,5910,-5963,5911,-6011,5912,-6009,5913,-6007,5914,-6005,5915,-6003,5916]],"id":425},{"properties":{"POA_CODE21":"3585","POA_NAME21":"3585","is_split":false,"primary_district":"Murray Plains District","primary_pct":99.98,"district_count":1.0},"type":"MultiPolygon","arcs":[[[5917,5918,5919,5920,5921,5922,5923,5924,-5987,5925,-5985,5926,-5983,5927,-5981,5928,-5979,5929,-5977,5930,-5975,5931,-5973,5932,-5971,5933,-5969,5934,-5967,5935]],[[5936,5937,5938,5939,5940,5941,5942,5943,-6090,5944,-6073,5945,-6059,5946,-6050,-6043,5947,-6047,5948,-6035,5949,-6040,5950,-6033,5951,-6031,5952,-6029,5953,-6027,5954,-6025,5955,-6023,5956,-6021,5957,-6019,5958,-6017,5959,-6015,5960,-6013,5961,5962,5963]]],"id":426},{"properties":{"POA_CODE21":"3586","POA_NAME21":"3586","is_split":false,"primary_district":"Murray Plains District","primary_pct":99.92,"district_count":1.0},"type":"MultiPolygon","arcs":[[[5964,5965,5966,5967,5968,5969,5970,5971,5972,5973,5974,5975,5976,5977,5978,5979,5980,5981,5982,5983,5984,5985,5986,5987,5988,5989,5990,5991,5992,5993,5994,5995,5996,5997,5998,5999,6000,6001,6002,6003,6004,6005,6006,6007,6008,6009,6010,6011,6012,6013,6014,6015,6016,6017,6018,6019,6020,6021,6022,6023,6024,6025,6026,6027,6028,6029,6030,6031,6032,6033]],[[6034,6035,-6045,6036,-6053,6037,-6063,6038,6039,6040]],[[-6049,6041,6042]]],"id":427},{"properties":{"POA_CODE21":"3588","POA_NAME21":"3588","is_split":false,"primary_district":"Murray Plains District","primary_pct":100.0,"district_count":1.0},"type":"Polygon","arcs":[[-6055,6043,6044,6045,6046,6047,6048,6049,6050,-6057,6051]],"id":428},{"properties":{"POA_CODE21":"3589","POA_NAME21":"3589","is_split":false,"primary_district":"Murray Plains District","primary_pct":100.0,"district_count":1.0},"type":"Polygon","arcs":[[6052,6053,6054,6055,6056,6057,6058,6059,-6071,6060,-6064,6061]],"id":429},{"properties":{"POA_CODE21":"3590","POA_NAME21":"3590","is_split":false,"primary_district":"Murray Plains District","primary_pct":99.9,"district_count":1.0},"type":"Polygon","arcs":[[6062,6063,6064,-6069,6065]],"id":430},{"properties":{"POA_CODE21":"3591","POA_NAME21":"3591","is_split":false,"primary_district":"Murray Plains District","primary_pct":99.87,"district_count":1.0},"type":"Polygon","arcs":[[-6085,-6075,6066,-6079,6067,6068,6069,6070,6071,6072,6073]],"id":431},{"properties":{"POA_CODE21":"3594","POA_NAME21":"3594","is_split":false,"primary_district":"Murray Plains District","primary_pct":99.88,"district_count":1.0},"type":"Polygon","arcs":[[6074,-6084,6075,-6082,6076,-6093,6077,6078,6079]],"id":432},{"properties":{"POA_CODE21":"3595","POA_NAME21":"3595","is_split":false,"primary_district":"Murray Plains District","primary_pct":99.83,"district_count":2.0},"type":"Polygon","arcs":[[-6088,6080,6081,6082,6083,6084,6085]],"id":433},{"properties":{"POA_CODE21":"3596","POA_NAME21":"3596","is_split":true,"primary_district":"Mildura District","primary_pct":87.85,"district_count":2.0},"type":"Polygon","arcs":[[6086,6087,6088,6089,6090,-6094,6091,6092]],"id":434},{"properties":{"POA_CODE21":"3597","POA_NAME21":"3597","is_split":false,"primary_district":"Mildura District","primary_pct":99.95,"district_count":1.0},"type":"Polygon","arcs":[[6093,6094,6095,6096,6097,-6104,6098,-6110,6099,-6108,6100,-6106,6101]],"id":435},{"properties":{"POA_CODE21":"3599","POA_NAME21":"3599","is_split":false,"primary_district":"Mildura District","primary_pct":99.98,"district_count":1.0},"type":"Polygon","arcs":[[6102,6103,6104,6105,6106,6107,6108,6109]],"id":436},{"properties":{"POA_CODE21":"3607","POA_NAME21":"3607","is_split":false,"primary_district":"Euroa District","primary_pct":100.0,"district_count":1.0},"type":"Polygon","arcs":[[-6533,6110,-6529,6111,-6517,6112,-6515,6113,-6478,6114,-6123]],"id":437},{"properties":{"POA_CODE21":"3608","POA_NAME21":"3608","is_split":false,"primary_district":"Euroa District","primary_pct":100.0,"district_count":1.0},"type":"Polygon","arcs":[[6115,-6476,6116,-6497,6117,6118,-6141,6119,-6124,6120,-6137,-6578,6121,-6534,6122]],"id":438},{"properties":{"POA_CODE21":"3610","POA_NAME21":"3610","is_split":false,"primary_district":"Euroa District","primary_pct":100.0,"district_count":1.0},"type":"Polygon","arcs":[[6123,6124,-6139,6125,-6147,6126,-6157,-6152,6127,-6270,6128,-6268,6129,-6266,6130,-6264,6131,-6262,6132,-6260,6133,-6258,6134,-6256,6135,-6579,6136,6137]],"id":439},{"properties":{"POA_CODE21":"3612","POA_NAME21":"3612","is_split":false,"primary_district":"Euroa District","primary_pct":100.0,"district_count":1.0},"type":"Polygon","arcs":[[6138,6139,6140,6141,6142,6143,6144,-6159,6145,6146,6147]],"id":440},{"properties":{"POA_CODE21":"3614","POA_NAME21":"3614","is_split":true,"primary_district":"Shepparton District","primary_pct":66.23,"district_count":2.0},"type":"Polygon","arcs":[[-6276,6148,-6274,6149,-6272,6150,6151,-6156,6152,-6214,-6278,6153]],"id":441},{"properties":{"POA_CODE21":"3616","POA_NAME21":"3616","is_split":true,"primary_district":"Euroa District","primary_pct":53.23,"district_count":3.0},"type":"Polygon","arcs":[[6154,6155,6156,6157,6158,6159,-6204,6160,-6180,6161,-6167,-6166,6162,-6170,6163,-6216]],"id":442},{"properties":{"POA_CODE21":"3617","POA_NAME21":"3617","is_split":false,"primary_district":"Euroa District","primary_pct":100.0,"district_count":1.0},"type":"Polygon","arcs":[[-6172,6164,6165]],"id":443},{"properties":{"POA_CODE21":"3618","POA_NAME21":"3618","is_split":true,"primary_district":"Euroa District","primary_pct":91.93,"district_count":2.0},"type":"Polygon","arcs":[[6166,6167,-6178,6168,6169,6170,6171]],"id":444},{"properties":{"POA_CODE21":"3620","POA_NAME21":"3620","is_split":true,"primary_district":"Murray Plains District","primary_pct":89.08,"district_count":3.0},"type":"Polygon","arcs":[[-6194,6172,-6377,6173,-6375,6174,-6373,6175,-6218,6176,6177,6178,6179,6180,-6211,6181,-6196,6182]],"id":445},{"properties":{"POA_CODE21":"3621","POA_NAME21":"3621","is_split":false,"primary_district":"Murray Plains District","primary_pct":99.96,"district_count":1.0},"type":"Polygon","arcs":[[6183,6184,6185,-6198,6186,6187,-6395,6188,-6393,6189,-6391,6190,-6383,6191,-6381,6192,-6379,6193,6194,6195]],"id":446},{"properties":{"POA_CODE21":"3622","POA_NAME21":"3622","is_split":false,"primary_district":"Murray Plains District","primary_pct":100.0,"district_count":1.0},"type":"Polygon","arcs":[[6196,6197,6198,6199,6200]],"id":447},{"properties":{"POA_CODE21":"3623","POA_NAME21":"3623","is_split":false,"primary_district":"Euroa District","primary_pct":100.0,"district_count":1.0},"type":"Polygon","arcs":[[6201,-6206,6202,6203,6204]],"id":448},{"properties":{"POA_CODE21":"3624","POA_NAME21":"3624","is_split":false,"primary_district":"Euroa District","primary_pct":99.96,"district_count":1.0},"type":"Polygon","arcs":[[6205,6206,6207,6208,6209,6210,6211,6212]],"id":449},{"properties":{"POA_CODE21":"3629","POA_NAME21":"3629","is_split":true,"primary_district":"Murray Plains District","primary_pct":50.6,"district_count":2.0},"type":"Polygon","arcs":[[6213,6214,6215,6216,6217,6218,-6371,6219,-6338,-6335,6220,-6333,6221,-6331,6222,-6300,6223,-6298,6224,-6296,6225,-6294,-6245,6226,-6243,6227,-6279]],"id":450},{"properties":{"POA_CODE21":"3630","POA_NAME21":"3630","is_split":true,"primary_district":"Euroa District","primary_pct":69.59,"district_count":2.0},"type":"MultiPolygon","arcs":[[[-6311,6228,-6309,-6599,6229,-6251,6230,-6249,6231,-6247,6232,-6317,6233,-6315,6234,-6313,6235]],[[-6291,6236,-6289,6237,-6287,6238,-6285,6239,-6283,6240,-6281,6241,6242,6243,6244,-6293,6245]]],"id":451},{"properties":{"POA_CODE21":"3631","POA_NAME21":"3631","is_split":true,"primary_district":"Shepparton District","primary_pct":67.8,"district_count":2.0},"type":"Polygon","arcs":[[6246,6247,6248,6249,6250,6251,-6597,6252,-6595,6253,-6581,6254,6255,6256,6257,6258,6259,6260,6261,6262,6263,6264,6265,6266,6267,6268,6269,6270,6271,6272,6273,6274,6275,6276,6277,6278,6279,6280,6281,6282,6283,6284,6285,6286,6287,6288,6289,6290,6291,6292,6293,6294,6295,6296,6297,6298,6299,6300,-6329,6301,-6320,6302,-6323,6303,-6325,6304,-6421,6305,-6437,6306,-6429,6307,-6600,6308,6309,6310,6311,6312,6313,6314,6315,6316,6317]],"id":452},{"properties":{"POA_CODE21":"3633","POA_NAME21":"3633","is_split":false,"primary_district":"Shepparton District","primary_pct":100.0,"district_count":1.0},"type":"Polygon","arcs":[[6318,6319,6320,-6327,6321,6322]],"id":453},{"properties":{"POA_CODE21":"3634","POA_NAME21":"3634","is_split":true,"primary_district":"Shepparton District","primary_pct":97.57,"district_count":2.0},"type":"Polygon","arcs":[[6323,6324,6325,6326,6327,6328,6329,6330,6331,6332,6333,6334,-6337,6335,-6349]],"id":454},{"properties":{"POA_CODE21":"3635","POA_NAME21":"3635","is_split":false,"primary_district":"Shepparton District","primary_pct":99.97,"district_count":1.0},"type":"Polygon","arcs":[[6336,6337,6338,-6369,6339,-6388,-6366,6340,-6364,6341,-6362,6342,-6360,6343,-6358,-6353,6344,-6351,6345]],"id":455},{"properties":{"POA_CODE21":"3636","POA_NAME21":"3636","is_split":true,"primary_district":"Shepparton District","primary_pct":55.96,"district_count":2.0},"type":"Polygon","arcs":[[-6443,6346,-6423,6347,6348,6349,6350,6351,6352,-6357,-6399,6353,-6411,6354]],"id":456},{"properties":{"POA_CODE21":"3637","POA_NAME21":"3637","is_split":false,"primary_district":"Shepparton District","primary_pct":99.98,"district_count":1.0},"type":"Polygon","arcs":[[-6407,6355,-6400,6356,6357,6358,6359,6360,6361,6362,6363,6364,6365,6366,-6386,6367]],"id":457},{"properties":{"POA_CODE21":"3638","POA_NAME21":"3638","is_split":false,"primary_district":"Shepparton District","primary_pct":99.87,"district_count":2.0},"type":"Polygon","arcs":[[6368,6369,6370,6371,6372,6373,6374,6375,6376,6377,6378,6379,6380,6381,6382,6383,-6398,6384,6385,6386,6387,6388]],"id":458},{"properties":{"POA_CODE21":"3639","POA_NAME21":"3639","is_split":false,"primary_district":"Shepparton District","primary_pct":99.89,"district_count":1.0},"type":"Polygon","arcs":[[6389,6390,6391,6392,6393,6394,6395,6396,6397]],"id":459},{"properties":{"POA_CODE21":"3640","POA_NAME21":"3640","is_split":true,"primary_district":"Shepparton District","primary_pct":79.93,"district_count":2.0},"type":"Polygon","arcs":[[6398,6399,6400,-6405,6401,-6413,6402]],"id":460},{"properties":{"POA_CODE21":"3641","POA_NAME21":"3641","is_split":false,"primary_district":"Shepparton District","primary_pct":99.95,"district_count":1.0},"type":"Polygon","arcs":[[-6415,6403,6404,6405,6406,6407]],"id":461},{"properties":{"POA_CODE21":"3644","POA_NAME21":"3644","is_split":true,"primary_district":"Ovens Valley District","primary_pct":55.65,"district_count":2.0},"type":"Polygon","arcs":[[-7237,6408,-6445,6409,6410,6411,6412,6413,6414,6415]],"id":462},{"properties":{"POA_CODE21":"3646","POA_NAME21":"3646","is_split":true,"primary_district":"Ovens Valley District","primary_pct":69.13,"district_count":3.0},"type":"MultiPolygon","arcs":[[[-7224,6416,-7221,6417,-7207,6418,-6432,6419,6420,6421,6422,6423,-6441,6424,-7226,6425]],[[-6604,6426,-6602,6427,6428,6429,-6435,6430,-7203]]],"id":463},{"properties":{"POA_CODE21":"3647","POA_NAME21":"3647","is_split":false,"primary_district":"Shepparton District","primary_pct":100.0,"district_count":1.0},"type":"Polygon","arcs":[[6431,6432,-7205,6433,6434,6435,6436,6437]],"id":464},{"properties":{"POA_CODE21":"3649","POA_NAME21":"3649","is_split":false,"primary_district":"Ovens Valley District","primary_pct":100.0,"district_count":1.0},"type":"Polygon","arcs":[[-7233,6438,-7228,6439,6440,6441,6442,6443,6444,6445,-7235,6446]],"id":465},{"properties":{"POA_CODE21":"3658","POA_NAME21":"3658","is_split":true,"primary_district":"Euroa District","primary_pct":58.13,"district_count":3.0},"type":"Polygon","arcs":[[6447,-6472,-6460,6448,-6458,-6466,6449,-7040,-7514,6450,-7512,6451,-7510,6452,-7508,6453,-7506,6454,-7494,6455,-7521,6456,-7589]],"id":466},{"properties":{"POA_CODE21":"3659","POA_NAME21":"3659","is_split":false,"primary_district":"Euroa District","primary_pct":100.0,"district_count":1.0},"type":"Polygon","arcs":[[6457,6458,6459,-6471,6460,-6469,6461,-6467]],"id":467},{"properties":{"POA_CODE21":"3660","POA_NAME21":"3660","is_split":true,"primary_district":"Euroa District","primary_pct":67.56,"district_count":2.0},"type":"Polygon","arcs":[[6462,-7044,6463,-7042,6464,6465,6466,6467,6468,6469,6470,6471,6472,-7587,6473,-6499,6474,6475,6476,6477,6478,-6513,6479,-6511,6480,-6509,6481,-6507,6482,-6523,6483,-6564,6484,-6562,6485,-6560,6486,-6558,6487,-6556,6488,-6554,6489,-6552,6490,-6550,6491,-6548,6492,-6546,6493,-6544,6494,-7061,6495,-7051]],"id":468},{"properties":{"POA_CODE21":"3662","POA_NAME21":"3662","is_split":false,"primary_district":"Euroa District","primary_pct":100.0,"district_count":1.0},"type":"Polygon","arcs":[[6496,6497,6498,6499,6500,6501,6502,6503,6504]],"id":469},{"properties":{"POA_CODE21":"3663","POA_NAME21":"3663","is_split":false,"primary_district":"Euroa District","primary_pct":100.0,"district_count":1.0},"type":"Polygon","arcs":[[6505,6506,6507,6508,6509,6510,6511,6512,6513,6514,6515,6516,6517,-6527,6518,-6525]],"id":470},{"properties":{"POA_CODE21":"3664","POA_NAME21":"3664","is_split":false,"primary_district":"Euroa District","primary_pct":100.0,"district_count":1.0},"type":"Polygon","arcs":[[6519,-6568,6520,-6566,6521,6522,6523,6524,6525,6526,6527,6528,6529,-6539,6530,-6570]],"id":471},{"properties":{"POA_CODE21":"3665","POA_NAME21":"3665","is_split":false,"primary_district":"Euroa District","primary_pct":100.0,"district_count":1.0},"type":"Polygon","arcs":[[6531,6532,6533,6534,-6576,6535,-6574,6536,-6572,6537,6538]],"id":472},{"properties":{"POA_CODE21":"3666","POA_NAME21":"3666","is_split":false,"primary_district":"Euroa District","primary_pct":99.55,"district_count":2.0},"type":"Polygon","arcs":[[-6591,6539,-7068,-7029,6540,-7034,6541,-7063,6542,6543,6544,6545,6546,6547,6548,6549,6550,6551,6552,6553,6554,6555,6556,6557,6558,6559,6560,6561,6562,6563,6564,6565,6566,6567,6568,6569,6570,6571,6572,6573,6574,6575,6576,6577,6578,6579,6580,6581,-6593,6582]],"id":473},{"properties":{"POA_CODE21":"3669","POA_NAME21":"3669","is_split":true,"primary_district":"Euroa District","primary_pct":98.11,"district_count":2.0},"type":"Polygon","arcs":[[6583,-6611,-6627,6584,-7154,6585,-7152,6586,-7150,6587,-7072,6588,-7070,6589,6590,6591,6592,6593,6594,6595,6596,6597,6598,6599,6600,6601,6602,6603,-7202,6604,-7200,6605,-7198,6606,-6608]],"id":474},{"properties":{"POA_CODE21":"3670","POA_NAME21":"3670","is_split":false,"primary_district":"Euroa District","primary_pct":100.0,"district_count":1.0},"type":"Polygon","arcs":[[6607,6608,-6645,6609,-6613,-6628,6610,6611]],"id":475},{"properties":{"POA_CODE21":"3672","POA_NAME21":"3672","is_split":false,"primary_district":"Euroa District","primary_pct":100.0,"district_count":1.0},"type":"Polygon","arcs":[[-6629,6612,6613,-6643,6614,-6641,6615,-6639,6616,-6637,6617,-7172,6618,-6631,6619]],"id":476},{"properties":{"POA_CODE21":"3673","POA_NAME21":"3673","is_split":false,"primary_district":"Euroa District","primary_pct":99.52,"district_count":3.0},"type":"MultiPolygon","arcs":[[[6620,-6663,6621,-7259,6622,-7257,6623,-7255,6624,-7156,6625,6626,6627,6628,6629,6630,6631,-7170,6632,-6656]],[[6633,-7176,6634,-7174,6635,6636,6637,6638,6639,6640,6641,6642,6643,6644,6645,-7196,6646,-7194,6647,-7192,6648,-7190,6649,-7188,6650,-7186,6651,-7184,6652,-7182,6653,-7180,6654,-7178]]],"id":477},{"properties":{"POA_CODE21":"3675","POA_NAME21":"3675","is_split":true,"primary_district":"Ovens Valley District","primary_pct":60.92,"district_count":2.0},"type":"Polygon","arcs":[[6655,6656,-7168,6657,-7210,6658,-7215,6659,-6672,6660,-7261,6661,6662,6663]],"id":478},{"properties":{"POA_CODE21":"3677","POA_NAME21":"3677","is_split":false,"primary_district":"Ovens Valley District","primary_pct":100.0,"district_count":1.0},"type":"Polygon","arcs":[[6683]],"id":479},{"properties":{"POA_CODE21":"3678","POA_NAME21":"3678","is_split":false,"primary_district":"Ovens Valley District","primary_pct":100.0,"district_count":1.0},"type":"Polygon","arcs":[[6664,-7159,6665,-7251,6666,-7267,-7249,6667,-7247,6668,-7245,6669,-7263,6670,6671,6672,-7242,-6710,6673,-6691,6674,-7368,6675,-7370,-7378,6676,-7268,6677,-7278,-7299,6678,-7297,6679,-7295,6680,-8603,6681,-8601,6682,-7161],[6683]],"id":480},{"properties":{"POA_CODE21":"3682","POA_NAME21":"3682","is_split":true,"primary_district":"Benambra District","primary_pct":54.14,"district_count":2.0},"type":"Polygon","arcs":[[6684,-6708,6685,-6702,6686,-6697,6687,-6695,6688,-6693,6689,6690]],"id":481},{"properties":{"POA_CODE21":"3683","POA_NAME21":"3683","is_split":false,"primary_district":"Benambra District","primary_pct":100.0,"district_count":1.0},"type":"Polygon","arcs":[[-6717,-7381,6691,6692,6693,6694,6695,6696,6697,-6707,6698,-6719,6699]],"id":482},{"properties":{"POA_CODE21":"3685","POA_NAME21":"3685","is_split":true,"primary_district":"Benambra District","primary_pct":88.82,"district_count":2.0},"type":"MultiPolygon","arcs":[[[6700,6701,6702,-6714,6703,-6723,6704,-6721,6705,6706]],[[6707,6708,6709,-7241,6710,-7239,6711]]],"id":483},{"properties":{"POA_CODE21":"3687","POA_NAME21":"3687","is_split":false,"primary_district":"Benambra District","primary_pct":99.56,"district_count":1.0},"type":"Polygon","arcs":[[6712,6713]],"id":484},{"properties":{"POA_CODE21":"3688","POA_NAME21":"3688","is_split":false,"primary_district":"Benambra District","primary_pct":99.95,"district_count":1.0},"type":"Polygon","arcs":[[-6767,6714,-7393,6715,-7382,6716,6717,6718,6719,6720,6721,6722,6723,-6780,6724,-6728,6725]],"id":485},{"properties":{"POA_CODE21":"3690","POA_NAME21":"3690","is_split":false,"primary_district":"Benambra District","primary_pct":99.86,"district_count":1.0},"type":"Polygon","arcs":[[-6769,6726,6727,6728,-6778,6729,-6775,6730,-6777,6731,-6771,6732]],"id":486},{"properties":{"POA_CODE21":"3691","POA_NAME21":"3691","is_split":true,"primary_district":"Benambra District","primary_pct":74.37,"district_count":2.0},"type":"MultiPolygon","arcs":[[[6733,-6935,6734,-6843,6735,-6947,6736,-6927]],[[-6953,6737,-6924,6738,-6832,6739,-6910,6740]],[[-6916,6741,-6828,6742,-6826,6743,-6787,6744,-6899,6745,-6897,6746,-6895,6747,-6893,6748,-6891,6749,-6889,6750,-6887,6751,-6885,6752,-6883,6753,-6881,6754,-6879,6755,-6877,6756,-6875,6757,-6873,6758,-6871,6759,-6869,6760,-6867,-6797,-7347,-7341,6761,-7280,6762,-7318,6763,-7397,6764,-7395,6765,6766,6767,6768,6769,6770,6771,-6918,6772]],[[6773,6774,6775,6776]],[[6777,6778,6779,6780]]],"id":487},{"properties":{"POA_CODE21":"3695","POA_NAME21":"3695","is_split":false,"primary_district":"Benambra District","primary_pct":100.0,"district_count":1.0},"type":"Polygon","arcs":[[6781,-6824,-6907,6782,-6905,6783,-6903,6784,-6901,6785,6786]],"id":488},{"properties":{"POA_CODE21":"3697","POA_NAME21":"3697","is_split":true,"primary_district":"Ovens Valley District","primary_pct":99.1,"district_count":2.0},"type":"Polygon","arcs":[[-6866,6787,-6864,6788,-6862,6789,-6860,6790,-6858,6791,-6856,6792,-6822,6793,-6820,6794,-6818,-6800,6795,-7348,6796]],"id":489},{"properties":{"POA_CODE21":"3698","POA_NAME21":"3698","is_split":false,"primary_district":"Ovens Valley District","primary_pct":100.0,"district_count":1.0},"type":"Polygon","arcs":[[-6811,6797,-7350,6798,6799,-6817,6800,-6815,6801,-6813,6802]],"id":490},{"properties":{"POA_CODE21":"3699","POA_NAME21":"3699","is_split":true,"primary_district":"Ovens Valley District","primary_pct":56.94,"district_count":2.0},"type":"Polygon","arcs":[[6803,-6854,6804,-6852,6805,-6850,6806,-6848,6807,-6846,-9068,6808,-7352,6809,6810,6811,6812,6813,6814,6815,6816,6817,6818,6819,6820,6821]],"id":491},{"properties":{"POA_CODE21":"3700","POA_NAME21":"3700","is_split":false,"primary_district":"Benambra District","primary_pct":100.0,"district_count":1.0},"type":"Polygon","arcs":[[6822,-6908,6823,6824,6825,6826,6827,6828,-6914,6829,-6912,6830,6831,6832,-6922,6833,-6839,6834,-6837]],"id":492},{"properties":{"POA_CODE21":"3701","POA_NAME21":"3701","is_split":true,"primary_district":"Benambra District","primary_pct":91.99,"district_count":2.0},"type":"MultiPolygon","arcs":[[[6835,6836,6837,6838,6839,-6920,6840,-6949,6841,6842,6843,-6933,-9083,6844,-9069,6845,6846,6847,6848,6849,6850,6851,6852,6853,6854,6855,6856,6857,6858,6859,6860,6861,6862,6863,6864,6865,6866,6867,6868,6869,6870,6871,6872,6873,6874,6875,6876,6877,6878,6879,6880,6881,6882,6883,6884,6885,6886,6887,6888,6889,6890,6891,6892,6893,6894,6895,6896,6897,6898,6899,6900,6901,6902,6903,6904,6905,6906,6907]],[[6908,6909,6910,6911,6912,6913,6914,6915,6916,6917]]],"id":493},{"properties":{"POA_CODE21":"3704","POA_NAME21":"3704","is_split":false,"primary_district":"Benambra District","primary_pct":100.0,"district_count":1.0},"type":"Polygon","arcs":[[6918,6919,6920,6921,6922,6923,6924,-6951]],"id":494},{"properties":{"POA_CODE21":"3705","POA_NAME21":"3705","is_split":false,"primary_district":"Benambra District","primary_pct":100.0,"district_count":1.0},"type":"Polygon","arcs":[[6925,6926,6927,-6945,6928,-6942,6929,-6937]],"id":495},{"properties":{"POA_CODE21":"3707","POA_NAME21":"3707","is_split":true,"primary_district":"Benambra District","primary_pct":80.93,"district_count":2.0},"type":"Polygon","arcs":[[6930,-6940,6931,-9084,6932,6933,6934,6935,6936]],"id":496},{"properties":{"POA_CODE21":"3708","POA_NAME21":"3708","is_split":false,"primary_district":"Benambra District","primary_pct":99.76,"district_count":1.0},"type":"Polygon","arcs":[[6937,-6943,6938,6939,6940,6941]],"id":497},{"properties":{"POA_CODE21":"3709","POA_NAME21":"3709","is_split":false,"primary_district":"Benambra District","primary_pct":99.92,"district_count":1.0},"type":"Polygon","arcs":[[6942,6943,6944,6945,6946,6947,6948,6949,6950,6951,6952,6953]],"id":498},{"properties":{"POA_CODE21":"3711","POA_NAME21":"3711","is_split":false,"primary_district":"Eildon District","primary_pct":100.0,"district_count":1.0},"type":"Polygon","arcs":[[-7731,-7696,6954,-7714,6955,-7712,6956,-7036,-7005,6957,-6966,6958,-7717,6959,-7733,6960]],"id":499},{"properties":{"POA_CODE21":"3712","POA_NAME21":"3712","is_split":false,"primary_district":"Eildon District","primary_pct":100.0,"district_count":1.0},"type":"Polygon","arcs":[[6961,-6981,6962,-7721,6963,-7719,6964,6965,6966,-7028]],"id":500},{"properties":{"POA_CODE21":"3713","POA_NAME21":"3713","is_split":false,"primary_district":"Eildon District","primary_pct":100.0,"district_count":1.0},"type":"Polygon","arcs":[[6967,-7120,6968,-7118,6969,-7116,6970,-7114,6971,-7112,6972,-7110,6973,-7108,6974,-7106,6975,-7104,6976,-7102,6977,-7100,6978,-7098,6979,-7723,6980,6981,-7026,6982,-7024,6983,-7022,6984,-7020,6985,-7018,6986,-7016,6987,-7014,6988,-7012,6989,-7081,6990,-7079,6991,-7077,6992,-7142,6993,-7140,6994,-7138,6995,-7136,6996,-7134,6997,-7132,6998,-7130,6999,-7128,7000,-7126,7001,-7124,7002,-7122]],"id":501},{"properties":{"POA_CODE21":"3714","POA_NAME21":"3714","is_split":false,"primary_district":"Eildon District","primary_pct":100.0,"district_count":1.0},"type":"Polygon","arcs":[[7003,7004,-7047,7005,-7055,7006,-7067,7007,-7031,7008,-7085,7009,-7083,7010,7011,7012,7013,7014,7015,7016,7017,7018,7019,7020,7021,7022,7023,7024,7025,7026,7027]],"id":502},{"properties":{"POA_CODE21":"3715","POA_NAME21":"3715","is_split":false,"primary_district":"Eildon District","primary_pct":99.96,"district_count":1.0},"type":"Polygon","arcs":[[7028,-7087,7029,7030,7031,-7065,7032,7033,7034]],"id":503},{"properties":{"POA_CODE21":"3717","POA_NAME21":"3717","is_split":true,"primary_district":"Eildon District","primary_pct":98.26,"district_count":2.0},"type":"Polygon","arcs":[[7035,-7710,7036,-7694,7037,-7692,-7560,7038,-7515,7039,7040,7041,7042,7043,7044,-7049,7045,7046]],"id":504},{"properties":{"POA_CODE21":"3718","POA_NAME21":"3718","is_split":false,"primary_district":"Eildon District","primary_pct":100.0,"district_count":1.0},"type":"Polygon","arcs":[[7047,7048,7049,7050,7051,-7059,7052,-7057,7053,7054]],"id":505},{"properties":{"POA_CODE21":"3719","POA_NAME21":"3719","is_split":false,"primary_district":"Eildon District","primary_pct":99.94,"district_count":1.0},"type":"Polygon","arcs":[[7055,7056,7057,7058,7059,7060,7061,7062,7063,7064,7065,7066]],"id":506},{"properties":{"POA_CODE21":"3720","POA_NAME21":"3720","is_split":false,"primary_district":"Eildon District","primary_pct":100.0,"district_count":1.0},"type":"Polygon","arcs":[[7067,7068,7069,7070,7071,7072,-7148,7073,-7146,7074,-7144,7075,7076,7077,7078,7079,7080,7081,7082,7083,7084,7085,7086]],"id":507},{"properties":{"POA_CODE21":"3722","POA_NAME21":"3722","is_split":false,"primary_district":"Eildon District","primary_pct":100.0,"district_count":1.0},"type":"Polygon","arcs":[[7087,-7163,7088,-7165]],"id":508},{"properties":{"POA_CODE21":"3723","POA_NAME21":"3723","is_split":true,"primary_district":"Eildon District","primary_pct":92.08,"district_count":4.0},"type":"Polygon","arcs":[[7089,-8599,7090,-8252,7091,-8250,7092,-8248,7093,-8246,7094,-8244,7095,-8242,-7725,7096,7097,7098,7099,7100,7101,7102,7103,7104,7105,7106,7107,7108,7109,7110,7111,7112,7113,7114,7115,7116,7117,7118,7119,7120,7121,7122,7123,7124,7125,7126,7127,7128,7129,7130,7131,7132,7133,7134,7135,7136,7137,7138,7139,7140,7141,7142,7143,7144,7145,7146,7147,7148,7149,7150,7151,7152,7153,7154,7155,7156,-7253,7157,7158,7159,7160],[7161,7162,7163,7164]],"id":509},{"properties":{"POA_CODE21":"3725","POA_NAME21":"3725","is_split":true,"primary_district":"Euroa District","primary_pct":82.83,"district_count":2.0},"type":"Polygon","arcs":[[7165,-7212,7166,7167,7168,7169,7170,7171,7172,7173,7174,7175,7176,7177,7178,7179,7180,7181,7182,7183,7184,7185,7186,7187,7188,7189,7190,7191,7192,7193,7194,7195,7196,7197,7198,7199,7200,7201,7202,7203,7204,7205,7206,7207,-7219]],"id":510},{"properties":{"POA_CODE21":"3726","POA_NAME21":"3726","is_split":false,"primary_district":"Euroa District","primary_pct":99.99,"district_count":1.0},"type":"Polygon","arcs":[[-7217,7208,7209,7210,7211,7212]],"id":511},{"properties":{"POA_CODE21":"3727","POA_NAME21":"3727","is_split":false,"primary_district":"Ovens Valley District","primary_pct":99.98,"district_count":1.0},"type":"Polygon","arcs":[[7213,7214,7215,7216,7217,7218,7219,7220,7221,-7231]],"id":512},{"properties":{"POA_CODE21":"3728","POA_NAME21":"3728","is_split":false,"primary_district":"Ovens Valley District","primary_pct":100.0,"district_count":1.0},"type":"Polygon","arcs":[[7222,7223,7224,7225,7226,7227,7228,-7244,7229,7230]],"id":513},{"properties":{"POA_CODE21":"3730","POA_NAME21":"3730","is_split":false,"primary_district":"Ovens Valley District","primary_pct":99.84,"district_count":1.0},"type":"Polygon","arcs":[[7231,7232,7233,7234,7235,7236,7237,7238,7239,7240,7241,7242,7243]],"id":514},{"properties":{"POA_CODE21":"3732","POA_NAME21":"3732","is_split":false,"primary_district":"Ovens Valley District","primary_pct":99.99,"district_count":1.0},"type":"Polygon","arcs":[[7244,7245,7246,7247,7248,-7266,7249,7250,7251,7252,7253,7254,7255,7256,7257,7258,7259,7260,7261,7262,7263]],"id":515},{"properties":{"POA_CODE21":"3733","POA_NAME21":"3733","is_split":false,"primary_district":"Ovens Valley District","primary_pct":100.0,"district_count":1.0},"type":"Polygon","arcs":[[7264,7265,7266]],"id":516},{"properties":{"POA_CODE21":"3735","POA_NAME21":"3735","is_split":false,"primary_district":"Ovens Valley District","primary_pct":100.0,"district_count":1.0},"type":"Polygon","arcs":[[7267,7268,-7376,7269,-7314,7270,-7312,7271,-7310,7272,-7308,7273,-7306,7274,-7304,7275,-7302,7276,-7300,7277,7278]],"id":517},{"properties":{"POA_CODE21":"3737","POA_NAME21":"3737","is_split":false,"primary_district":"Ovens Valley District","primary_pct":99.99,"district_count":1.0},"type":"Polygon","arcs":[[7279,7280,-7339,-7331,-7327,7281,-7325,7282,-7323,7283,-7321,7284,-7335,7285,-7333,7286,-7356,7287,-8707,7288,-8705,7289,-8703,7290,-8701,7291,-8699,7292,-8605,7293,7294,7295,7296,7297,7298,7299,7300,7301,7302,7303,7304,7305,7306,7307,7308,7309,7310,7311,7312,7313,7314,-7374,7315,-7372,7316,-7387,7317,7318]],"id":518},{"properties":{"POA_CODE21":"3738","POA_NAME21":"3738","is_split":false,"primary_district":"Ovens Valley District","primary_pct":100.0,"district_count":1.0},"type":"Polygon","arcs":[[-7330,7319,7320,7321,7322,7323,7324,7325,7326]],"id":519},{"properties":{"POA_CODE21":"3739","POA_NAME21":"3739","is_split":false,"primary_district":"Ovens Valley District","primary_pct":100.0,"district_count":1.0},"type":"Polygon","arcs":[[-7338,7327,-7336,7328,7329,7330]],"id":520},{"properties":{"POA_CODE21":"3740","POA_NAME21":"3740","is_split":false,"primary_district":"Ovens Valley District","primary_pct":100.0,"district_count":1.0},"type":"Polygon","arcs":[[-7358,7331,7332,7333,7334,7335,7336,7337,7338,7339,7340,-7346,7341,-7363,7342,-7361,-7366,7343]],"id":521},{"properties":{"POA_CODE21":"3741","POA_NAME21":"3741","is_split":false,"primary_district":"Ovens Valley District","primary_pct":100.0,"district_count":1.0},"type":"Polygon","arcs":[[7344,7345,7346,7347,7348,7349,7350,7351,7352,-9066,7353,-9064,-8709,7354,7355,7356,7357,7358,-7365,7359,-7367,7360,7361,7362]],"id":522},{"properties":{"POA_CODE21":"3744","POA_NAME21":"3744","is_split":false,"primary_district":"Ovens Valley District","primary_pct":100.0,"district_count":1.0},"type":"Polygon","arcs":[[7363,7364,7365,7366]],"id":523},{"properties":{"POA_CODE21":"3746","POA_NAME21":"3746","is_split":false,"primary_district":"Ovens Valley District","primary_pct":100.0,"district_count":1.0},"type":"Polygon","arcs":[[7367,7368,-7379,7369,7370]],"id":524},{"properties":{"POA_CODE21":"3747","POA_NAME21":"3747","is_split":true,"primary_district":"Benambra District","primary_pct":87.62,"district_count":2.0},"type":"Polygon","arcs":[[7371,7372,7373,7374,7375,7376,7377,7378,7379,7380,7381,7382,-7391,7383,-7389,7384]],"id":525},{"properties":{"POA_CODE21":"3749","POA_NAME21":"3749","is_split":false,"primary_district":"Benambra District","primary_pct":100.0,"district_count":1.0},"type":"Polygon","arcs":[[7385,7386,7387,7388,7389,7390,7391,7392,7393,7394,7395,7396]],"id":526},{"properties":{"POA_CODE21":"3750","POA_NAME21":"3750","is_split":true,"primary_district":"Thomastown District","primary_pct":78.57,"district_count":3.0},"type":"Polygon","arcs":[[7397,-7406,-7464,7398,7399,7400,7401,7402,7403]],"id":527},{"properties":{"POA_CODE21":"3751","POA_NAME21":"3751","is_split":false,"primary_district":"Yan Yean District","primary_pct":100.0,"district_count":1.0},"type":"Polygon","arcs":[[-7500,7404,-7472,-7465,7405,7406]],"id":528},{"properties":{"POA_CODE21":"3752","POA_NAME21":"3752","is_split":true,"primary_district":"Mill Park District","primary_pct":90.95,"district_count":2.0},"type":"Polygon","arcs":[[7407,7408,7409,7410,-7463,7411,-7461,7412,-7459,7413,-7457,7414,-7455,7415,7416,7417,7418,7419,7420,7421,7422,7423,7424,7425,7426,7427,7428,7429,7430,7431,7432,7433,7434,7435,7436,7437]],"id":529},{"properties":{"POA_CODE21":"3753","POA_NAME21":"3753","is_split":true,"primary_district":"Kalkallo District","primary_pct":63.54,"district_count":3.0},"type":"Polygon","arcs":[[-7479,7438,-7502,7439,7440,7441,7442,7443,7444,7445,7446,7447,7448,-7481,7449]],"id":530},{"properties":{"POA_CODE21":"3754","POA_NAME21":"3754","is_split":false,"primary_district":"Yan Yean District","primary_pct":99.99,"district_count":1.0},"type":"Polygon","arcs":[[-7469,7450,7451,7452,7453,7454,7455,7456,7457,7458,7459,7460,7461,7462,7463,7464,-7471,7465]],"id":531},{"properties":{"POA_CODE21":"3755","POA_NAME21":"3755","is_split":false,"primary_district":"Yan Yean District","primary_pct":99.96,"district_count":1.0},"type":"Polygon","arcs":[[7466,7467,7468,7469,7470,7471,7472,-7498,7473,7474,7475]],"id":532},{"properties":{"POA_CODE21":"3756","POA_NAME21":"3756","is_split":true,"primary_district":"Macedon District","primary_pct":49.7,"district_count":3.0},"type":"Polygon","arcs":[[7476,-7504,7477,7478,7479,7480,7481,7482,7483,7484,7485,7486,7487,7488,7489,7490,-7552,7491,-7523,7492,7493]],"id":533},{"properties":{"POA_CODE21":"3757","POA_NAME21":"3757","is_split":true,"primary_district":"Yan Yean District","primary_pct":56.94,"district_count":2.0},"type":"Polygon","arcs":[[7494,7495,7496,7497,7498,7499,7500,7501,7502,7503,7504,7505,7506,7507,7508,7509,7510,7511,7512,7513,7514,7515,-7558,7516,-7569,7517,7518]],"id":534},{"properties":{"POA_CODE21":"3758","POA_NAME21":"3758","is_split":true,"primary_district":"Yan Yean District","primary_pct":62.75,"district_count":2.0},"type":"Polygon","arcs":[[7519,7520,7521,7522,7523,-7550,7524,-7591]],"id":535},{"properties":{"POA_CODE21":"3759","POA_NAME21":"3759","is_split":false,"primary_district":"Eildon District","primary_pct":100.0,"district_count":1.0},"type":"Polygon","arcs":[[7525,7526,-7540,7527,-7534,-7656,7528,7529,7530,7531]],"id":536},{"properties":{"POA_CODE21":"3760","POA_NAME21":"3760","is_split":false,"primary_district":"Eildon District","primary_pct":100.0,"district_count":1.0},"type":"Polygon","arcs":[[7532,-7657,7533,7534,-7538]],"id":537},{"properties":{"POA_CODE21":"3761","POA_NAME21":"3761","is_split":false,"primary_district":"Eildon District","primary_pct":100.0,"district_count":1.0},"type":"Polygon","arcs":[[-7563,7535,-7659,7536,7537,7538,7539,7540,7541,7542,7543,7544,7545,-7565,7546]],"id":538},{"properties":{"POA_CODE21":"3762","POA_NAME21":"3762","is_split":true,"primary_district":"Euroa District","primary_pct":72.28,"district_count":2.0},"type":"Polygon","arcs":[[-7571,7547,-7593,7548,7549,7550,7551,7552,7553,7554,-7575,7555,-7573,7556]],"id":539},{"properties":{"POA_CODE21":"3763","POA_NAME21":"3763","is_split":false,"primary_district":"Eildon District","primary_pct":100.0,"district_count":1.0},"type":"Polygon","arcs":[[7557,7558,7559,-7691,7560,-7661,7561,7562,7563,7564,7565,7566,7567,7568,7569]],"id":540},{"properties":{"POA_CODE21":"3764","POA_NAME21":"3764","is_split":false,"primary_district":"Euroa District","primary_pct":99.98,"district_count":1.0},"type":"Polygon","arcs":[[7570,7571,7572,7573,7574,7575,7576,7577,7578,7579,7580,7581,7582,7583,7584,7585,7586,7587,7588,7589,7590,7591,7592,7593]],"id":541},{"properties":{"POA_CODE21":"3765","POA_NAME21":"3765","is_split":true,"primary_district":"Evelyn District","primary_pct":72.85,"district_count":2.0},"type":"Polygon","arcs":[[7594,7595,7596,7597,7598,7599,7600,7601,7602,7603,-7934,7604,-7932,-7609,7605,-7616]],"id":542},{"properties":{"POA_CODE21":"3766","POA_NAME21":"3766","is_split":true,"primary_district":"Monbulk District","primary_pct":93.29,"district_count":2.0},"type":"Polygon","arcs":[[7606,-7618,7607,7608,-7931,7609,-7929,7610,-7927,-7906,-7821]],"id":543},{"properties":{"POA_CODE21":"3767","POA_NAME21":"3767","is_split":false,"primary_district":"Monbulk District","primary_pct":100.0,"district_count":1.0},"type":"Polygon","arcs":[[7611,-7816,7612,7613,7614,7615,7616,7617,7618,-7819,7619,-7830]],"id":544},{"properties":{"POA_CODE21":"3770","POA_NAME21":"3770","is_split":false,"primary_district":"Evelyn District","primary_pct":99.88,"district_count":2.0},"type":"Polygon","arcs":[[7620,7621,7622,7623,7624,7625,7626,7627,-7647,7628,-7645,7629,-7674,7630,-7672,7631,-7670,7632,-7668,7633,-7666,7634,-7684,7635,7636,7637,7638,7639,7640,7641,7642]],"id":545},{"properties":{"POA_CODE21":"3775","POA_NAME21":"3775","is_split":false,"primary_district":"Eildon District","primary_pct":99.9,"district_count":2.0},"type":"Polygon","arcs":[[7643,7644,7645,7646,7647,7648,7649,7650,7651,7652,7653,7654,7655,7656,7657,7658,7659,7660,7661,-7689,7662,-7687,7663,-7685,7664,7665,7666,7667,7668,7669,7670,7671,7672,7673]],"id":546},{"properties":{"POA_CODE21":"3777","POA_NAME21":"3777","is_split":false,"primary_district":"Eildon District","primary_pct":99.97,"district_count":1.0},"type":"Polygon","arcs":[[7674,-7706,7675,-7704,7676,-7702,7677,-7700,7678,-7975,7679,-7973,7680,-7971,7681,7682,7683,7684,7685,7686,7687,7688,7689,7690,7691,7692,7693,7694,-7708]],"id":547},{"properties":{"POA_CODE21":"3778","POA_NAME21":"3778","is_split":false,"primary_district":"Eildon District","primary_pct":100.0,"district_count":1.0},"type":"Polygon","arcs":[[7695,-7730,7696,-7728,7697,-7726,-7958,7698,7699,7700,7701,7702,7703,7704,7705,7706,7707,7708,7709,7710,7711,7712,7713,7714]],"id":548},{"properties":{"POA_CODE21":"3779","POA_NAME21":"3779","is_split":false,"primary_district":"Eildon District","primary_pct":100.0,"district_count":1.0},"type":"Polygon","arcs":[[7715,7716,7717,7718,7719,7720,7721,7722,7723,7724,-8241,-8336,-7959,7725,7726,7727,7728,7729,7730,7731,7732]],"id":549},{"properties":{"POA_CODE21":"3781","POA_NAME21":"3781","is_split":false,"primary_district":"Monbulk District","primary_pct":99.98,"district_count":1.0},"type":"Polygon","arcs":[[7733,-7776,7734,-7774,7735,7736,7737,7738,7739,7740,7741,-7781,7742,-8114,7743,-8080,7744,-7751,7745,-7749,7746,-7778]],"id":550},{"properties":{"POA_CODE21":"3782","POA_NAME21":"3782","is_split":false,"primary_district":"Monbulk District","primary_pct":99.99,"district_count":1.0},"type":"Polygon","arcs":[[7747,7748,7749,7750,7751,-8078,7752,-8003,7753,7754,7755,7756,7757,7758,-7859,7759,-7884,7760,-7882,7761,-7880,7762,-7878,7763,-7876,7764,-7874,7765,-7872,7766,-7870,7767,-7868,7768,-7916,7769,-7914,7770,7771,7772,7773,7774,7775,7776,7777]],"id":551},{"properties":{"POA_CODE21":"3783","POA_NAME21":"3783","is_split":true,"primary_district":"Narracan District","primary_pct":51.49,"district_count":3.0},"type":"Polygon","arcs":[[7778,-8116,7779,7780,7781,7782,7783,7784,7785,7786,7787,7788,7789,7790,-7945,7791,-7943,7792,-7941,-8324,7793,-8151,7794,-8137,7795,-8127,-8122]],"id":552},{"properties":{"POA_CODE21":"3785","POA_NAME21":"3785","is_split":false,"primary_district":"Monbulk District","primary_pct":100.0,"district_count":1.0},"type":"Polygon","arcs":[[7796,7797,7798,7799,7800,7801,-7806,7802,7803]],"id":553},{"properties":{"POA_CODE21":"3786","POA_NAME21":"3786","is_split":false,"primary_district":"Monbulk District","primary_pct":100.0,"district_count":1.0},"type":"Polygon","arcs":[[7804,7805,7806,-7813,7807,-7838,7808,7809]],"id":554},{"properties":{"POA_CODE21":"3787","POA_NAME21":"3787","is_split":false,"primary_district":"Monbulk District","primary_pct":100.0,"district_count":1.0},"type":"Polygon","arcs":[[-7826,7810,-7840,7811,7812,7813,7814,7815,7816,-7828,7817]],"id":555},{"properties":{"POA_CODE21":"3788","POA_NAME21":"3788","is_split":false,"primary_district":"Monbulk District","primary_pct":100.0,"district_count":1.0},"type":"Polygon","arcs":[[7818,7819,7820,-7905,-7894,7821,-7854,7822,-7844,7823,-7842,7824,7825,7826,7827,7828,7829,7830]],"id":556},{"properties":{"POA_CODE21":"3789","POA_NAME21":"3789","is_split":false,"primary_district":"Monbulk District","primary_pct":100.0,"district_count":1.0},"type":"Polygon","arcs":[[-7850,7831,-7848,7832,7833,7834,7835,7836,7837,7838,7839,7840,7841,7842,7843,7844,-7852,7845]],"id":557},{"properties":{"POA_CODE21":"3791","POA_NAME21":"3791","is_split":false,"primary_district":"Monbulk District","primary_pct":100.0,"district_count":1.0},"type":"Polygon","arcs":[[7846,7847,7848,7849,7850,7851,7852,7853,7854,-7866,7855,-7888,7856,-7886,7857,7858,7859,7860,7861,7862]],"id":558},{"properties":{"POA_CODE21":"3792","POA_NAME21":"3792","is_split":false,"primary_district":"Monbulk District","primary_pct":100.0,"district_count":1.0},"type":"Polygon","arcs":[[7863,-7890,7864,7865,7866,-7892]],"id":559},{"properties":{"POA_CODE21":"3793","POA_NAME21":"3793","is_split":false,"primary_district":"Monbulk District","primary_pct":100.0,"district_count":1.0},"type":"Polygon","arcs":[[-7918,7867,7868,7869,7870,7871,7872,7873,7874,7875,7876,7877,7878,7879,7880,7881,7882,7883,7884,7885,7886,7887,7888,7889,7890,7891,7892,7893,-7904,7894,-7902,7895,-7900,7896,-7922,7897,-7920,7898]],"id":560},{"properties":{"POA_CODE21":"3795","POA_NAME21":"3795","is_split":true,"primary_district":"Monbulk District","primary_pct":89.16,"district_count":2.0},"type":"Polygon","arcs":[[7899,7900,7901,7902,7903,7904,7905,-7926,7906,7907,7908,7909,7910,7911,7912,7913,7914,7915,7916,7917,7918,7919,7920,7921,7922]],"id":561},{"properties":{"POA_CODE21":"3796","POA_NAME21":"3796","is_split":false,"primary_district":"Evelyn District","primary_pct":99.74,"district_count":2.0},"type":"Polygon","arcs":[[7923,7924,7925,7926,7927,7928,7929,7930,7931,7932,7933,7934,7935]],"id":562},{"properties":{"POA_CODE21":"3797","POA_NAME21":"3797","is_split":false,"primary_district":"Eildon District","primary_pct":99.64,"district_count":2.0},"type":"Polygon","arcs":[[-7962,7936,-8331,7937,-8329,7938,-8327,7939,-8325,7940,7941,7942,7943,7944,7945,7946,7947,7948,7949,7950,7951,7952,7953,-7968,7954,-7966,7955,-7964,7956]],"id":563},{"properties":{"POA_CODE21":"3799","POA_NAME21":"3799","is_split":false,"primary_district":"Eildon District","primary_pct":100.0,"district_count":1.0},"type":"Polygon","arcs":[[7957,7958,-8335,7959,-8333,7960,7961,7962,7963,7964,7965,7966,7967,7968,7969,7970,7971,7972,7973,7974,7975]],"id":564},{"properties":{"POA_CODE21":"3802","POA_NAME21":"3802","is_split":false,"primary_district":"Narre Warren North District","primary_pct":99.96,"district_count":1.0},"type":"Polygon","arcs":[[7976,7977,7978,7979,7980,7981,7982,7983,7984,7985,7986,7987,7988,-7998,7989,-7993]],"id":565},{"properties":{"POA_CODE21":"3803","POA_NAME21":"3803","is_split":false,"primary_district":"Narre Warren North District","primary_pct":100.0,"district_count":1.0},"type":"Polygon","arcs":[[7990,-9693,7991,7992,7993,-7996,-8013]],"id":566},{"properties":{"POA_CODE21":"3804","POA_NAME21":"3804","is_split":true,"primary_district":"Narre Warren North District","primary_pct":70.19,"district_count":2.0},"type":"Polygon","arcs":[[7994,-8014,7995,7996,7997,7998,7999,8000,8001,8002,8003,-8076,8004,-8074,8005,-8072,8006,-8070,8007,-8068,8008,-8021]],"id":567},{"properties":{"POA_CODE21":"3805","POA_NAME21":"3805","is_split":true,"primary_district":"Narre Warren North District","primary_pct":51.63,"district_count":3.0},"type":"Polygon","arcs":[[-8036,-9701,8009,-9699,8010,-9695,8011,8012,8013,8014,-8019,8015,-8040,8016,-8038,8017]],"id":568},{"properties":{"POA_CODE21":"3806","POA_NAME21":"3806","is_split":true,"primary_district":"Berwick District","primary_pct":91.41,"district_count":2.0},"type":"Polygon","arcs":[[8018,8019,8020,8021,-8066,8022,-8064,8023,-8062,8024,-8060,8025,-8058,8026,-8056,8027,-8054,8028,-8047,8029,-8045,8030,-8043,8031,-8101,8032,-8099,8033,-8097,8034,8035,8036,8037,8038,8039,8040]],"id":569},{"properties":{"POA_CODE21":"3807","POA_NAME21":"3807","is_split":false,"primary_district":"Berwick District","primary_pct":100.0,"district_count":1.0},"type":"Polygon","arcs":[[8041,8042,8043,8044,8045,8046,8047,-8052,8048,-8103]],"id":570},{"properties":{"POA_CODE21":"3808","POA_NAME21":"3808","is_split":true,"primary_district":"Pakenham District","primary_pct":54.39,"district_count":3.0},"type":"Polygon","arcs":[[8049,-8105,8050,8051,8052,8053,8054,8055,8056,8057,8058,8059,8060,8061,8062,8063,8064,8065,8066,8067,8068,8069,8070,8071,8072,8073,8074,8075,8076,8077,8078,8079,8080,-8112]],"id":571},{"properties":{"POA_CODE21":"3809","POA_NAME21":"3809","is_split":false,"primary_district":"Pakenham District","primary_pct":99.93,"district_count":1.0},"type":"Polygon","arcs":[[-8108,8081,-9748,8082,-9746,8083,-9744,8084,-9742,8085,-9740,8086,-9738,8087,-9736,8088,-9734,8089,-9732,8090,-9730,8091,-9728,8092,-9726,8093,-9724,8094,-9722,8095,8096,8097,8098,8099,8100,8101,8102,8103,8104,8105,-8110,8106]],"id":572},{"properties":{"POA_CODE21":"3810","POA_NAME21":"3810","is_split":false,"primary_district":"Pakenham District","primary_pct":99.97,"district_count":1.0},"type":"Polygon","arcs":[[8107,8108,8109,8110,8111,8112,8113,8114,8115,8116,-8120,-9776,8117,-9750,8118]],"id":573},{"properties":{"POA_CODE21":"3812","POA_NAME21":"3812","is_split":true,"primary_district":"Narracan District","primary_pct":91.39,"district_count":3.0},"type":"Polygon","arcs":[[-9777,8119,8120,8121,-8126,8122,-8132,8123]],"id":574},{"properties":{"POA_CODE21":"3813","POA_NAME21":"3813","is_split":false,"primary_district":"Narracan District","primary_pct":100.0,"district_count":1.0},"type":"Polygon","arcs":[[8124,8125,8126,8127,-8144,8128,-8134]],"id":575},{"properties":{"POA_CODE21":"3814","POA_NAME21":"3814","is_split":false,"primary_district":"Narracan District","primary_pct":99.96,"district_count":1.0},"type":"Polygon","arcs":[[8129,-9779,8130,8131,8132,8133,8134,-8142]],"id":576},{"properties":{"POA_CODE21":"3815","POA_NAME21":"3815","is_split":false,"primary_district":"Narracan District","primary_pct":99.97,"district_count":1.0},"type":"Polygon","arcs":[[8135,8136,8137,-8149,8138,-8147,8139,-9781,8140,8141,8142,8143]],"id":577},{"properties":{"POA_CODE21":"3816","POA_NAME21":"3816","is_split":false,"primary_district":"Narracan District","primary_pct":99.99,"district_count":1.0},"type":"Polygon","arcs":[[8144,-9783,8145,8146,8147,8148,8149,8150,8151,-8322,-8160]],"id":578},{"properties":{"POA_CODE21":"3818","POA_NAME21":"3818","is_split":false,"primary_district":"Narracan District","primary_pct":99.98,"district_count":1.0},"type":"Polygon","arcs":[[8152,-8191,8153,-9857,8154,-9791,8155,-9789,8156,-9787,8157,-9785,8158,8159,-8321,8160,-8319,8161,-8297,8162,-8295,8163,-8293,8164,-8180,8165,-8178,8166,-8176,8167,-8188,8168,-8173]],"id":579},{"properties":{"POA_CODE21":"3820","POA_NAME21":"3820","is_split":false,"primary_district":"Narracan District","primary_pct":100.0,"district_count":1.0},"type":"Polygon","arcs":[[8169,-8201,8170,-8193,8171,8172,8173,-8186]],"id":580},{"properties":{"POA_CODE21":"3821","POA_NAME21":"3821","is_split":false,"primary_district":"Narracan District","primary_pct":100.0,"district_count":1.0},"type":"MultiPolygon","arcs":[[[8174,8175,8176,8177,8178,8179,8180,-8291,8181,-8284,8182,-8218,8183,-8203,8184,8185,8186,8187]],[[-9393,8188,-9843,8189,8190,8191,8192,8193,-8199,8194,-8212,8195,-8210,8196,-9421]]],"id":581},{"properties":{"POA_CODE21":"3822","POA_NAME21":"3822","is_split":false,"primary_district":"Narracan District","primary_pct":100.0,"district_count":1.0},"type":"Polygon","arcs":[[-8214,8197,8198,8199,8200,8201,8202,8203,-8216,8204]],"id":582},{"properties":{"POA_CODE21":"3823","POA_NAME21":"3823","is_split":false,"primary_district":"Narracan District","primary_pct":100.0,"district_count":1.0},"type":"Polygon","arcs":[[-8783,8205,-8781,8206,-8779,8207,-9423,8208,8209,8210,8211,8212,8213,8214,8215,8216,8217,8218,-8222,-8785,8219]],"id":583},{"properties":{"POA_CODE21":"3824","POA_NAME21":"3824","is_split":true,"primary_district":"Narracan District","primary_pct":97.22,"district_count":2.0},"type":"Polygon","arcs":[[-8367,8220,-8786,8221,8222,-8282,8223,-8381,8224,-8379,8225,-8792,8226]],"id":584},{"properties":{"POA_CODE21":"3825","POA_NAME21":"3825","is_split":true,"primary_district":"Narracan District","primary_pct":83.28,"district_count":3.0},"type":"Polygon","arcs":[[-8287,-8304,-8363,8227,-8361,8228,-8359,8229,-8357,8230,-8355,8231,-8353,8232,-8351,8233,-8349,8234,-8347,8235,-8345,8236,-8343,8237,-8341,8238,-8339,8239,-8337,8240,8241,8242,8243,8244,8245,8246,8247,8248,8249,8250,8251,8252,-8597,8253,-8595,8254,-8593,8255,-8569,8256,-8567,8257,-8565,8258,-8563,8259,-8561,8260,-8556,8261,-8554,8262,-8552,8263,-8550,8264,-8548,8265,-8546,8266,-8544,8267,-8542,8268,-8540,8269,-8538,8270,-8536,8271,-8534,8272,-8494,8273,-8412,8274,-8410,8275,-8408,8276,-8406,8277,-8387,8278,-8385,8279,-8383,8280,8281,8282,8283,8284,-8289,8285]],"id":585},{"properties":{"POA_CODE21":"3831","POA_NAME21":"3831","is_split":false,"primary_district":"Narracan District","primary_pct":100.0,"district_count":1.0},"type":"Polygon","arcs":[[-8305,8286,8287,8288,8289,8290,8291,8292,8293,8294,8295,8296,8297,-8317,8298,-8315,8299,-8313,8300,-8307,8301]],"id":586},{"properties":{"POA_CODE21":"3832","POA_NAME21":"3832","is_split":false,"primary_district":"Narracan District","primary_pct":100.0,"district_count":1.0},"type":"Polygon","arcs":[[8302,-8309,8303,8304,8305,8306,8307,-8311]],"id":587},{"properties":{"POA_CODE21":"3833","POA_NAME21":"3833","is_split":true,"primary_district":"Narracan District","primary_pct":91.09,"district_count":2.0},"type":"Polygon","arcs":[[8308,8309,8310,8311,8312,8313,8314,8315,8316,8317,8318,8319,8320,8321,8322,8323,8324,8325,8326,8327,8328,8329,8330,8331,8332,8333,8334,8335,8336,8337,8338,8339,8340,8341,8342,8343,8344,8345,8346,8347,8348,8349,8350,8351,8352,8353,8354,8355,8356,8357,8358,8359,8360,8361,8362]],"id":588},{"properties":{"POA_CODE21":"3835","POA_NAME21":"3835","is_split":false,"primary_district":"Narracan District","primary_pct":99.93,"district_count":1.0},"type":"Polygon","arcs":[[8363,-8790,8364,-8788,8365,8366]],"id":589},{"properties":{"POA_CODE21":"3840","POA_NAME21":"3840","is_split":true,"primary_district":"Morwell District","primary_pct":80.24,"district_count":2.0},"type":"Polygon","arcs":[[8367,-8395,8368,-8398,8369,-8753,8370,-8751,8371,-8749,8372,-8747,8373,-8745,8374,-8743,8375,-8741,8376,-8794,8377,8378,8379,8380,8381,8382,8383,8384,8385,8386,-8404,8387,-8402,8388,-8400,8389,-8438,8390,-9620,8391,-8766,8392,-8764,8393,-8757]],"id":590},{"properties":{"POA_CODE21":"3842","POA_NAME21":"3842","is_split":false,"primary_district":"Morwell District","primary_pct":100.0,"district_count":1.0},"type":"Polygon","arcs":[[8394,8395,-8755,8396,8397,8398]],"id":591},{"properties":{"POA_CODE21":"3844","POA_NAME21":"3844","is_split":true,"primary_district":"Morwell District","primary_pct":60.79,"district_count":2.0},"type":"Polygon","arcs":[[8399,8400,8401,8402,8403,8404,8405,8406,8407,8408,8409,8410,8411,8412,-8492,8413,-8529,8414,-8527,8415,-8525,8416,-8523,8417,-8521,8418,-8519,8419,-8517,8420,-8515,8421,-8513,8422,-8511,8423,-8509,8424,-8507,8425,-8505,8426,-8503,8427,-8501,8428,-8499,8429,-8446,8430,-8444,8431,-8803,8432,-8441,8433,-8457,8434,-8808,8435,-9622,8436,8437,8438]],"id":592},{"properties":{"POA_CODE21":"3847","POA_NAME21":"3847","is_split":false,"primary_district":"Gippsland South District","primary_pct":100.0,"district_count":1.0},"type":"Polygon","arcs":[[-8459,8439,8440,-8801,8441,-8805,8442,8443,8444,8445,8446,-8497,-8582,8447,-8469,8448,-8467,8449,-8465,8450,-8463,8451,-8461,8452]],"id":593},{"properties":{"POA_CODE21":"3850","POA_NAME21":"3850","is_split":false,"primary_district":"Gippsland South District","primary_pct":100.0,"district_count":1.0},"type":"Polygon","arcs":[[8453,-8491,-8488]],"id":594},{"properties":{"POA_CODE21":"3851","POA_NAME21":"3851","is_split":true,"primary_district":"Gippsland South District","primary_pct":91.88,"district_count":2.0},"type":"Polygon","arcs":[[8454,-8810,8455,8456,8457,8458,8459,8460,8461,8462,8463,8464,8465,8466,8467,8468,8469,-8580,8470,-8646,8471,-8644,8472,-8642,8473,-8640,8474,-8638,8475,-8636,8476,-8674,8477,-8727,8478,-8725,8479,-8723,8480,-8721,8481,-8824,8482,-8822,8483,-8820,8484,-8818,8485,-8816,-8867],[-8490,8486,8487]],"id":595},{"properties":{"POA_CODE21":"3852","POA_NAME21":"3852","is_split":false,"primary_district":"Gippsland South District","primary_pct":100.0,"district_count":1.0},"type":"Polygon","arcs":[[8488,8489,8490]],"id":596},{"properties":{"POA_CODE21":"3854","POA_NAME21":"3854","is_split":true,"primary_district":"Morwell District","primary_pct":49.07,"district_count":3.0},"type":"Polygon","arcs":[[8491,8492,8493,8494,-8532,8495,-8583,8496,8497,8498,8499,8500,8501,8502,8503,8504,8505,8506,8507,8508,8509,8510,8511,8512,8513,8514,8515,8516,8517,8518,8519,8520,8521,8522,8523,8524,8525,8526,8527,8528,8529]],"id":597},{"properties":{"POA_CODE21":"3856","POA_NAME21":"3856","is_split":true,"primary_district":"Gippsland South District","primary_pct":56.6,"district_count":2.0},"type":"Polygon","arcs":[[8530,8531,8532,8533,8534,8535,8536,8537,8538,8539,8540,8541,8542,8543,8544,8545,8546,8547,8548,8549,8550,8551,8552,8553,8554,8555,8556,-8559]],"id":598},{"properties":{"POA_CODE21":"3857","POA_NAME21":"3857","is_split":true,"primary_district":"Gippsland South District","primary_pct":93.8,"district_count":2.0},"type":"Polygon","arcs":[[-8585,8557,8558,8559,8560,8561,8562,8563,8564,8565,8566,8567,8568,8569,-8591,8570,-8589,8571,-8587,8572]],"id":599},{"properties":{"POA_CODE21":"3858","POA_NAME21":"3858","is_split":true,"primary_district":"Gippsland East District","primary_pct":90.34,"district_count":3.0},"type":"Polygon","arcs":[[8573,-8630,8574,-8628,8575,-8626,-8652,8576,-8650,8577,-8648,8578,8579,8580,8581,8582,8583,8584,8585,8586,8587,8588,8589,8590,8591,8592,8593,8594,8595,8596,8597,8598,8599,8600,8601,8602,8603,8604,8605,-8697,8606,-8695,8607,-8693,8608,-8691,8609,-8689,8610,-8687,8611,-8685,8612,-8683,8613,-8681,8614,-8679,8615,-8677,8616,-8675,-8671,8617,-8669,8618,-8667,8619,-8665,8620,-8632]],"id":600},{"properties":{"POA_CODE21":"3859","POA_NAME21":"3859","is_split":false,"primary_district":"Gippsland East District","primary_pct":99.98,"district_count":1.0},"type":"Polygon","arcs":[[-8661,8621,-8659,8622,-8657,8623,-8655,8624,-8653,8625,8626,8627,8628,8629,8630,8631,8632,-8663,8633]],"id":601},{"properties":{"POA_CODE21":"3860","POA_NAME21":"3860","is_split":false,"primary_district":"Gippsland East District","primary_pct":99.99,"district_count":1.0},"type":"Polygon","arcs":[[8634,8635,8636,8637,8638,8639,8640,8641,8642,8643,8644,8645,8646,8647,8648,8649,8650,8651,8652,8653,8654,8655,8656,8657,8658,8659,8660,8661,8662,8663,8664,8665,8666,8667,8668,8669,8670,-8731,8671,-8729,8672,8673]],"id":602},{"properties":{"POA_CODE21":"3862","POA_NAME21":"3862","is_split":true,"primary_district":"Gippsland East District","primary_pct":83.58,"district_count":2.0},"type":"Polygon","arcs":[[8674,8675,8676,8677,8678,8679,8680,8681,8682,8683,8684,8685,8686,8687,8688,8689,8690,8691,8692,8693,8694,8695,8696,8697,8698,8699,8700,8701,8702,8703,8704,8705,8706,8707,8708,-9063,8709,-9061,8710,-8838,8711,-8836,8712,-8834,8713,-8832,8714,-8738,8715,-8736,8716,-8734,8717,-8828,8718,-8826,8719,8720,8721,8722,8723,8724,8725,8726,8727,8728,8729,8730]],"id":603},{"properties":{"POA_CODE21":"3864","POA_NAME21":"3864","is_split":false,"primary_district":"Gippsland East District","primary_pct":100.0,"district_count":1.0},"type":"Polygon","arcs":[[8731,-8830,8732,8733,8734,8735,8736,8737]],"id":604},{"properties":{"POA_CODE21":"3865","POA_NAME21":"3865","is_split":false,"primary_district":"Gippsland East District","primary_pct":100.0,"district_count":1.0},"type":"Polygon","arcs":[[-8854,8738]],"id":605},{"properties":{"POA_CODE21":"3869","POA_NAME21":"3869","is_split":false,"primary_district":"Gippsland South District","primary_pct":99.9,"district_count":2.0},"type":"Polygon","arcs":[[-8796,8739,8740,8741,8742,8743,8744,8745,8746,8747,8748,8749,8750,8751,8752,8753,8754,8755,8756,8757,-8762,8758,-8760]],"id":606},{"properties":{"POA_CODE21":"3870","POA_NAME21":"3870","is_split":false,"primary_district":"Gippsland South District","primary_pct":100.0,"district_count":1.0},"type":"Polygon","arcs":[[-8797,8759,8760,8761,8762,8763,8764,8765,8766,-9618,-9556,8767,-9530,8768,-8772,8769,-8799,8770]],"id":607},{"properties":{"POA_CODE21":"3871","POA_NAME21":"3871","is_split":true,"primary_district":"Gippsland South District","primary_pct":91.18,"district_count":2.0},"type":"Polygon","arcs":[[8771,8772,-9528,8773,-9465,8774,-9429,8775,-9427,8776,-9425,8777,8778,8779,8780,8781,8782,8783,8784,8785,8786,8787,8788,8789,8790,8791,8792,8793,8794,8795,8796,8797,8798,8799]],"id":608},{"properties":{"POA_CODE21":"3873","POA_NAME21":"3873","is_split":false,"primary_district":"Gippsland South District","primary_pct":100.0,"district_count":1.0},"type":"Polygon","arcs":[[8800,8801,8802,8803,8804,8805]],"id":609},{"properties":{"POA_CODE21":"3874","POA_NAME21":"3874","is_split":false,"primary_district":"Gippsland South District","primary_pct":99.96,"district_count":1.0},"type":"MultiPolygon","arcs":[[[-9624,8806,8807,8808,8809,8810]],[[8811]],[[-9612,8812]],[[-9609,8813]],[[8814]]],"id":610},{"properties":{"POA_CODE21":"3875","POA_NAME21":"3875","is_split":false,"primary_district":"Gippsland East District","primary_pct":100.0,"district_count":1.0},"type":"Polygon","arcs":[[-8868,8815,8816,8817,8818,8819,8820,8821,8822,8823,8824,8825,8826,8827,8828,8829,8830,8831,8832,8833,8834,8835,8836,8837,8838,-9059,8839,-9057,-9034,8840,-9000,8841,-8928,8842,-8893,-8883,-8863,8843,-8861,8844,-8859,8845,-8857,8846,-8855,8847,-8876,8848,-8874,8849,-8872,8850,-8870,8851],[8852,8853]],"id":611},{"properties":{"POA_CODE21":"3878","POA_NAME21":"3878","is_split":false,"primary_district":"Gippsland East District","primary_pct":100.0,"district_count":1.0},"type":"Polygon","arcs":[[8854,8855,8856,8857,8858,8859,8860,8861,8862,-8882,8863,-8880,8864,-8878,8865]],"id":612},{"properties":{"POA_CODE21":"3880","POA_NAME21":"3880","is_split":true,"primary_district":"Gippsland East District","primary_pct":86.73,"district_count":2.0},"type":"Polygon","arcs":[[8866,8867,8868,8869,8870,8871,8872,8873,8874,8875,8876,8877,8878,8879,8880,8881,8882,8883,-8899,8884,-8897,8885,-9088,-9108,8886,-9106,8887,-9104,8888,-9102,8889,-9115,8890,-9116,8891]],"id":613},{"properties":{"POA_CODE21":"3882","POA_NAME21":"3882","is_split":false,"primary_district":"Gippsland East District","primary_pct":100.0,"district_count":1.0},"type":"Polygon","arcs":[[8892,8893,-8926,8894,-9090,8895,8896,8897,8898,8899]],"id":614},{"properties":{"POA_CODE21":"3885","POA_NAME21":"3885","is_split":false,"primary_district":"Gippsland East District","primary_pct":100.0,"district_count":1.0},"type":"MultiPolygon","arcs":[[[-8947,8900,-9019,8901,-9017,8902,-9015,8903,-9013,8904,-9011,8905,-9009,8906,-9007,8907,-9005,8908,-9003,8909,-9050,8910,-9048,8911,-9046,8912,-9044,8913,-9042,8914,-9040,-9077,8915,-9086,8916,-8961,8917,-8959,8918,-8957,8919,-8955,8920,-8953,8921]],[[-8940,8922,-9122,8923,-9099,-9092,8924,8925,8926,8927,8928,-8998,8929,-9027,8930,-8942,8931]]],"id":615},{"properties":{"POA_CODE21":"3886","POA_NAME21":"3886","is_split":false,"primary_district":"Gippsland East District","primary_pct":100.0,"district_count":1.0},"type":"Polygon","arcs":[[8932,-8971,8933,-8969,8934,-8967,8935,-8965,8936,-8975,8937,-8973]],"id":616},{"properties":{"POA_CODE21":"3887","POA_NAME21":"3887","is_split":false,"primary_district":"Gippsland East District","primary_pct":100.0,"district_count":1.0},"type":"MultiPolygon","arcs":[[[-8951,-9124,8938,8939,8940,8941,8942,-9025,8943,-9023,8944,-9021,8945,8946,8947]],[[8948,-9127,8949,-9129]]],"id":617},{"properties":{"POA_CODE21":"3888","POA_NAME21":"3888","is_split":false,"primary_district":"Gippsland East District","primary_pct":99.97,"district_count":1.0},"type":"Polygon","arcs":[[-9125,8950,8951,8952,8953,8954,8955,8956,8957,8958,8959,8960,8961,-8982,-8976,8962],[8963,8964,8965,8966,8967,8968,8969,8970,8971,8972,8973,8974]],"id":618},{"properties":{"POA_CODE21":"3889","POA_NAME21":"3889","is_split":false,"primary_district":"Gippsland East District","primary_pct":100.0,"district_count":1.0},"type":"Polygon","arcs":[[8975,-8981,8976,-8979,8977]],"id":619},{"properties":{"POA_CODE21":"3890","POA_NAME21":"3890","is_split":false,"primary_district":"Gippsland East District","primary_pct":99.97,"district_count":1.0},"type":"Polygon","arcs":[[8978,8979,8980,8981,8982,-8986,8983]],"id":620},{"properties":{"POA_CODE21":"3891","POA_NAME21":"3891","is_split":false,"primary_district":"Gippsland East District","primary_pct":99.95,"district_count":1.0},"type":"Polygon","arcs":[[8984,8985,8986,-8994,8987,-8992,8988,-8990]],"id":621},{"properties":{"POA_CODE21":"3892","POA_NAME21":"3892","is_split":true,"primary_district":"Gippsland East District","primary_pct":99.24,"district_count":1.0},"type":"MultiPolygon","arcs":[[[8989,8990,8991,8992,8993,8994]],[[8995]],[[8996]]],"id":622},{"properties":{"POA_CODE21":"3893","POA_NAME21":"3893","is_split":false,"primary_district":"Gippsland East District","primary_pct":100.0,"district_count":1.0},"type":"Polygon","arcs":[[8997,8998,8999,9000,-9030,9001,9002,9003,9004,9005,9006,9007,9008,9009,9010,9011,9012,9013,9014,9015,9016,9017,9018,9019,9020,9021,9022,9023,9024,9025,9026,9027]],"id":623},{"properties":{"POA_CODE21":"3895","POA_NAME21":"3895","is_split":false,"primary_district":"Gippsland East District","primary_pct":100.0,"district_count":1.0},"type":"Polygon","arcs":[[-9052,9028,9029,9030,-9054,9031]],"id":624},{"properties":{"POA_CODE21":"3896","POA_NAME21":"3896","is_split":false,"primary_district":"Gippsland East District","primary_pct":100.0,"district_count":1.0},"type":"Polygon","arcs":[[9032,9033,-9056,9034,-9076,9035,-9074,9036,-9072,9037,-9079,9038,9039,9040,9041,9042,9043,9044,9045,9046,9047,9048,9049,9050,9051,9052,9053]],"id":625},{"properties":{"POA_CODE21":"3898","POA_NAME21":"3898","is_split":true,"primary_district":"Gippsland East District","primary_pct":92.46,"district_count":2.0},"type":"Polygon","arcs":[[9054,9055,9056,9057,9058,9059,9060,9061,9062,9063,9064,9065,9066,9067,9068,9069,-9081,9070,9071,9072,9073,9074,9075]],"id":626},{"properties":{"POA_CODE21":"3900","POA_NAME21":"3900","is_split":false,"primary_district":"Gippsland East District","primary_pct":99.99,"district_count":1.0},"type":"Polygon","arcs":[[9076,9077,9078,9079,9080,9081,9082,9083,9084,9085,9086]],"id":627},{"properties":{"POA_CODE21":"3902","POA_NAME21":"3902","is_split":false,"primary_district":"Gippsland East District","primary_pct":100.0,"district_count":1.0},"type":"Polygon","arcs":[[-9109,9087,9088,9089,9090,9091,-9098,9092,-9096]],"id":628},{"properties":{"POA_CODE21":"3903","POA_NAME21":"3903","is_split":false,"primary_district":"Gippsland East District","primary_pct":100.0,"district_count":1.0},"type":"Polygon","arcs":[[9093,-9112,9094,-9110,9095,9096,9097,9098,9099,-9120]],"id":629},{"properties":{"POA_CODE21":"3904","POA_NAME21":"3904","is_split":false,"primary_district":"Gippsland East District","primary_pct":100.0,"district_count":1.0},"type":"Polygon","arcs":[[9100,9101,9102,9103,9104,9105,9106,9107,9108,9109,9110,9111,9112,-9118,9113,9114]],"id":630},{"properties":{"POA_CODE21":"3909","POA_NAME21":"3909","is_split":false,"primary_district":"Gippsland East District","primary_pct":100.0,"district_count":1.0},"type":"Polygon","arcs":[[9115,9116,9117,9118,9119,9120,9121,9122,9123,9124,9125,9126,9127,9128,9129]],"id":631},{"properties":{"POA_CODE21":"3910","POA_NAME21":"3910","is_split":false,"primary_district":"Hastings District","primary_pct":99.64,"district_count":3.0},"type":"Polygon","arcs":[[9130,-9149,9131,-9143,9132,9133,9134,9135,9136,9137,-9714]],"id":632},{"properties":{"POA_CODE21":"3911","POA_NAME21":"3911","is_split":true,"primary_district":"Hastings District","primary_pct":92.55,"district_count":3.0},"type":"Polygon","arcs":[[-9284,9138,-9267,9139,9140,9141,9142,9143,-9147,9144]],"id":633},{"properties":{"POA_CODE21":"3912","POA_NAME21":"3912","is_split":true,"primary_district":"Hastings District","primary_pct":56.61,"district_count":2.0},"type":"Polygon","arcs":[[-9156,9145,9146,9147,9148,9149,-9712,9150,-9710,9151,-9708,9152,-9706,9153]],"id":634},{"properties":{"POA_CODE21":"3913","POA_NAME21":"3913","is_split":false,"primary_district":"Hastings District","primary_pct":99.89,"district_count":1.0},"type":"Polygon","arcs":[[9154,9155,9156,-9161]],"id":635},{"properties":{"POA_CODE21":"3915","POA_NAME21":"3915","is_split":true,"primary_district":"Mornington District","primary_pct":60.01,"district_count":2.0},"type":"Polygon","arcs":[[-9175,9157,-9225,9158,-9295,-9290,-9278,9159,9160,9161,-9181,9162,-9179,9163,-9177,9164]],"id":636},{"properties":{"POA_CODE21":"3916","POA_NAME21":"3916","is_split":false,"primary_district":"Nepean District","primary_pct":99.99,"district_count":1.0},"type":"Polygon","arcs":[[-9263,9165,-9261,9166,-9259,9167,-9243,9168,-9309,-9219,9169]],"id":637},{"properties":{"POA_CODE21":"3918","POA_NAME21":"3918","is_split":true,"primary_district":"Hastings District","primary_pct":98.95,"district_count":1.0},"type":"MultiPolygon","arcs":[[[9170]],[[9171,-9240,9172,-9227,9173,9174,9175,9176,9177,9178,9179,9180,9181,-9184,9182,-9188]]],"id":638},{"properties":{"POA_CODE21":"3919","POA_NAME21":"3919","is_split":true,"primary_district":"Hastings District","primary_pct":98.81,"district_count":1.0},"type":"Polygon","arcs":[[9183,9184,-9193,9185,-9191,9186,9187,9188]],"id":639},{"properties":{"POA_CODE21":"3920","POA_NAME21":"3920","is_split":true,"primary_district":"Hastings District","primary_pct":97.36,"district_count":1.0},"type":"Polygon","arcs":[[-9232,9189,9190,9191,9192,9193]],"id":640},{"properties":{"POA_CODE21":"3921","POA_NAME21":"3921","is_split":false,"primary_district":"Hastings District","primary_pct":99.9,"district_count":1.0},"type":"MultiPolygon","arcs":[[[9194]],[[9195]],[[9196]]],"id":641},{"properties":{"POA_CODE21":"3922","POA_NAME21":"3922","is_split":true,"primary_district":"Bass District","primary_pct":99.27,"district_count":1.0},"type":"MultiPolygon","arcs":[[[-9211,9197,-9205,9198]],[[9199,-9207]],[[9200]],[[9201]],[[9202]]],"id":642},{"properties":{"POA_CODE21":"3923","POA_NAME21":"3923","is_split":true,"primary_district":"Bass District","primary_pct":99.33,"district_count":1.0},"type":"Polygon","arcs":[[-9213,9203,9204,9205,9206,9207]],"id":643},{"properties":{"POA_CODE21":"3925","POA_NAME21":"3925","is_split":true,"primary_district":"Bass District","primary_pct":98.16,"district_count":1.0},"type":"MultiPolygon","arcs":[[[-9867,9208,-9908,9209]],[[9210,9211,9212,9213]],[[9214]],[[9215]],[[9216]],[[9217]]],"id":644},{"properties":{"POA_CODE21":"3926","POA_NAME21":"3926","is_split":true,"primary_district":"Hastings District","primary_pct":53.37,"district_count":2.0},"type":"Polygon","arcs":[[9218,-9308,9219,-9306,9220,-9304,9221,-9302,9222,-9297,9223,9224,9225,9226,9227,-9238,9228,-9236,9229,-9234,9230]],"id":645},{"properties":{"POA_CODE21":"3927","POA_NAME21":"3927","is_split":false,"primary_district":"Hastings District","primary_pct":99.62,"district_count":1.0},"type":"Polygon","arcs":[[9231,9232,9233,9234,9235,9236,9237,9238,9239,9240]],"id":646},{"properties":{"POA_CODE21":"3928","POA_NAME21":"3928","is_split":false,"primary_district":"Nepean District","primary_pct":100.0,"district_count":1.0},"type":"Polygon","arcs":[[-9311,9241,9242,9243,-9257,9244,-9255,9245,-9317,9246,-9337,-9291]],"id":647},{"properties":{"POA_CODE21":"3929","POA_NAME21":"3929","is_split":false,"primary_district":"Nepean District","primary_pct":99.99,"district_count":1.0},"type":"Polygon","arcs":[[-9331,9247,-9329,9248,-9327,9249,-9325,9250,-9323,9251,-9321,9252,-9319,9253,9254,9255,9256,9257,9258,9259,9260,9261,9262,9263]],"id":648},{"properties":{"POA_CODE21":"3930","POA_NAME21":"3930","is_split":false,"primary_district":"Mornington District","primary_pct":99.97,"district_count":1.0},"type":"Polygon","arcs":[[9264,9265,9266,9267,-9282,9268,-9274,9269,-9272,9270]],"id":649},{"properties":{"POA_CODE21":"3931","POA_NAME21":"3931","is_split":false,"primary_district":"Mornington District","primary_pct":99.94,"district_count":1.0},"type":"Polygon","arcs":[[9271,9272,9273,9274,-9280,9275,-9287,9276]],"id":650},{"properties":{"POA_CODE21":"3933","POA_NAME21":"3933","is_split":true,"primary_district":"Mornington District","primary_pct":93.06,"district_count":2.0},"type":"Polygon","arcs":[[9277,-9289,9278,9279,9280,9281,9282,9283,9284]],"id":651},{"properties":{"POA_CODE21":"3934","POA_NAME21":"3934","is_split":true,"primary_district":"Mornington District","primary_pct":98.31,"district_count":2.0},"type":"Polygon","arcs":[[9285,9286,9287,9288,9289,-9294]],"id":652},{"properties":{"POA_CODE21":"3936","POA_NAME21":"3936","is_split":false,"primary_district":"Nepean District","primary_pct":99.98,"district_count":1.0},"type":"Polygon","arcs":[[9290,9291,-9314,9292,9293,9294,9295,9296,9297,-9300,9298,-9312]],"id":653},{"properties":{"POA_CODE21":"3937","POA_NAME21":"3937","is_split":false,"primary_district":"Nepean District","primary_pct":100.0,"district_count":1.0},"type":"Polygon","arcs":[[9299,9300,9301,9302,9303,9304,9305,9306,9307,9308,9309,9310,9311,9312]],"id":654},{"properties":{"POA_CODE21":"3938","POA_NAME21":"3938","is_split":false,"primary_district":"Nepean District","primary_pct":99.86,"district_count":1.0},"type":"Polygon","arcs":[[9313,9314,-9335,9315]],"id":655},{"properties":{"POA_CODE21":"3939","POA_NAME21":"3939","is_split":false,"primary_district":"Nepean District","primary_pct":99.89,"district_count":1.0},"type":"MultiPolygon","arcs":[[[9316,9317,9318,9319,9320,9321,9322,9323,9324,9325,9326,9327,9328,9329,9330,9331,-9357,9332,-9354,9333,9334,9335,9336,9337]],[[9338]],[[9339]],[[9340]],[[9341]],[[9342]],[[9343]],[[9344]],[[9345]],[[9346]],[[9347]],[[9348]],[[9349]],[[9350]]],"id":656},{"properties":{"POA_CODE21":"3940","POA_NAME21":"3940","is_split":false,"primary_district":"Nepean District","primary_pct":99.9,"district_count":1.0},"type":"Polygon","arcs":[[9351,-9355,9352,9353]],"id":657},{"properties":{"POA_CODE21":"3941","POA_NAME21":"3941","is_split":true,"primary_district":"Nepean District","primary_pct":99.2,"district_count":1.0},"type":"MultiPolygon","arcs":[[[9354,9355,9356,9357,-9361,9358]],[[9359]]],"id":658},{"properties":{"POA_CODE21":"3942","POA_NAME21":"3942","is_split":true,"primary_district":"Nepean District","primary_pct":98.63,"district_count":1.0},"type":"Polygon","arcs":[[9360,9361,-9364,9362]],"id":659},{"properties":{"POA_CODE21":"3943","POA_NAME21":"3943","is_split":true,"primary_district":"Nepean District","primary_pct":99.08,"district_count":1.0},"type":"MultiPolygon","arcs":[[[9363,9364,-9375,9365]],[[9366]],[[9367]],[[9368]],[[9369]],[[9370]],[[9371]],[[9372]],[[9373]]],"id":660},{"properties":{"POA_CODE21":"3944","POA_NAME21":"3944","is_split":true,"primary_district":"Nepean District","primary_pct":99.2,"district_count":1.0},"type":"Polygon","arcs":[[9374,9375]],"id":661},{"properties":{"POA_CODE21":"3945","POA_NAME21":"3945","is_split":true,"primary_district":"Bass District","primary_pct":59.88,"district_count":2.0},"type":"Polygon","arcs":[[9376,-9417,9377,-9759,9378,-9827,9379,-9839,9380,-9851,9381,-9398,9382,-9385,9383,-9388]],"id":662},{"properties":{"POA_CODE21":"3946","POA_NAME21":"3946","is_split":false,"primary_district":"Gippsland South District","primary_pct":99.98,"district_count":1.0},"type":"Polygon","arcs":[[9384,9385,-9396,-9419,9386,9387,9388]],"id":663},{"properties":{"POA_CODE21":"3950","POA_NAME21":"3950","is_split":true,"primary_district":"Gippsland South District","primary_pct":96.24,"district_count":2.0},"type":"MultiPolygon","arcs":[[[-9447,9389,-9404,9390,-9845,9391,9392]],[[-9409,9393,-9439,9394,-9420,9395,9396,9397,9398,-9849,9399,-9411,9400]]],"id":664},{"properties":{"POA_CODE21":"3951","POA_NAME21":"3951","is_split":true,"primary_district":"Gippsland South District","primary_pct":87.35,"district_count":2.0},"type":"MultiPolygon","arcs":[[[9401,-9847,9402,9403,9404,-9445,9405,-9443,9406,-9441,9407,9408,9409,9410]],[[9411,-9437,9412,-9918,9413,-9898,9414,-9761,9415,9416,9417,9418,9419]]],"id":665},{"properties":{"POA_CODE21":"3953","POA_NAME21":"3953","is_split":true,"primary_district":"Gippsland South District","primary_pct":98.17,"district_count":2.0},"type":"Polygon","arcs":[[9420,9421,9422,9423,9424,9425,9426,9427,9428,9429,-9463,9430,-9461,9431,-9451,9432,-9449,9433,-9455,9434,-9920,9435,9436,9437,9438,9439,9440,9441,9442,9443,9444,9445,9446]],"id":666},{"properties":{"POA_CODE21":"3954","POA_NAME21":"3954","is_split":false,"primary_district":"Gippsland South District","primary_pct":100.0,"district_count":1.0},"type":"Polygon","arcs":[[-9457,9447,9448,9449,9450,9451,-9459,9452]],"id":667},{"properties":{"POA_CODE21":"3956","POA_NAME21":"3956","is_split":true,"primary_district":"Gippsland South District","primary_pct":96.5,"district_count":1.0},"type":"Polygon","arcs":[[9453,9454,9455,9456,9457,9458,9459,9460,9461,9462,9463,9464,9465,-9479,9466,-9490,9467,-9488,9468,-9486,9469,-9484,9470,-9482,9471,-9497,9472,-9926,9473,-9924,9474,-9922]],"id":668},{"properties":{"POA_CODE21":"3957","POA_NAME21":"3957","is_split":false,"primary_district":"Gippsland South District","primary_pct":100.0,"district_count":1.0},"type":"Polygon","arcs":[[9475,-9526,9476,-9492,9477,9478]],"id":669},{"properties":{"POA_CODE21":"3958","POA_NAME21":"3958","is_split":false,"primary_district":"Gippsland South District","primary_pct":100.0,"district_count":1.0},"type":"Polygon","arcs":[[-9501,9479,-9499,9480,9481,9482,9483,9484,9485,9486,9487,9488,9489,9490,9491,9492,-9524,9493,-9503,9494]],"id":670},{"properties":{"POA_CODE21":"3959","POA_NAME21":"3959","is_split":false,"primary_district":"Gippsland South District","primary_pct":100.0,"district_count":1.0},"type":"Polygon","arcs":[[9495,9496,9497,9498,9499,9500,9501,9502,9503,-9522,9504,-9520,9505,-9518,9506,-9516]],"id":671},{"properties":{"POA_CODE21":"3960","POA_NAME21":"3960","is_split":true,"primary_district":"Gippsland South District","primary_pct":99.22,"district_count":1.0},"type":"MultiPolygon","arcs":[[[9507]],[[9508]],[[9509]],[[9510]],[[9511]],[[-9565,9512,-9563,9513,-9561,9514,9515,9516,9517,9518,9519,9520,9521,9522,9523,9524,9525,9526,9527,9528,9529,9530,-9554]],[[9531]],[[9532]],[[9533]],[[9534]],[[9535]],[[9536]],[[9537]],[[9538]],[[9539]],[[9540]],[[9541]],[[9542]],[[9543]],[[9544]],[[9545]],[[9546]]],"id":672},{"properties":{"POA_CODE21":"3962","POA_NAME21":"3962","is_split":false,"primary_district":"Gippsland South District","primary_pct":99.98,"district_count":1.0},"type":"Polygon","arcs":[[-9582,9547,-9559,9548,-9573,9549,-9571,9550,-9569,9551,-9567,9552,9553,9554,9555,-9617,9556,-9584,9557]],"id":673},{"properties":{"POA_CODE21":"3964","POA_NAME21":"3964","is_split":true,"primary_district":"Gippsland South District","primary_pct":97.69,"district_count":1.0},"type":"Polygon","arcs":[[9558,9559,9560,9561,9562,9563,9564,9565,9566,9567,9568,9569,9570,9571,9572,9573]],"id":674},{"properties":{"POA_CODE21":"3965","POA_NAME21":"3965","is_split":false,"primary_district":"Gippsland South District","primary_pct":100.0,"district_count":1.0},"type":"Polygon","arcs":[[-9580,9574,-9587,9575]],"id":675},{"properties":{"POA_CODE21":"3966","POA_NAME21":"3966","is_split":false,"primary_district":"Gippsland South District","primary_pct":100.0,"district_count":1.0},"type":"Polygon","arcs":[[-9593,9576,-9591,9577,-9589,9578,9579,9580,9581,9582,9583,9584,-9615,9585]],"id":676},{"properties":{"POA_CODE21":"3967","POA_NAME21":"3967","is_split":false,"primary_district":"Gippsland South District","primary_pct":100.0,"district_count":1.0},"type":"MultiPolygon","arcs":[[[9586,9587,9588,9589,9590,9591,9592,9593,-9613,9594]],[[9595]],[[9596]],[[9597]],[[9598]],[[9599]],[[9600]],[[9601]],[[9602]],[[9603]],[[9604]],[[9605]],[[9606]]],"id":677},{"properties":{"POA_CODE21":"3971","POA_NAME21":"3971","is_split":false,"primary_district":"Gippsland South District","primary_pct":99.95,"district_count":1.0},"type":"MultiPolygon","arcs":[[[9607,9608]],[[9609]],[[9610,9611]],[[9612,9613,9614,9615,9616,9617,9618,9619,9620,9621,9622,9623,9624]],[[9625]],[[9626]],[[9627]],[[9628]],[[9629]],[[9630]],[[9631]],[[9632]],[[9633]],[[9634]],[[9635]],[[9636]],[[9637]],[[9638]],[[9639]],[[9640]],[[9641]],[[9642]],[[9643]],[[9644]],[[9645]],[[9646]],[[9647]],[[9648]],[[9649]],[[9650]],[[9651]],[[9652]],[[9653]],[[9654]],[[9655]],[[9656]],[[9657]],[[9658]],[[9659]],[[9660]],[[9661]],[[9662]],[[9663]],[[9664]],[[9665]],[[9666]],[[9667]],[[9668]],[[9669]],[[9670]],[[9671]],[[9672]],[[9673]],[[9674]],[[9675]],[[9676]],[[9677]],[[9678]],[[9679]],[[9680]]],"id":678},{"properties":{"POA_CODE21":"3975","POA_NAME21":"3975","is_split":true,"primary_district":"Carrum District","primary_pct":69.64,"district_count":2.0},"type":"Polygon","arcs":[[-9720,9681,9682,9683,-9687,9684,-9697,9685]],"id":679},{"properties":{"POA_CODE21":"3976","POA_NAME21":"3976","is_split":true,"primary_district":"Narre Warren South District","primary_pct":90.71,"district_count":2.0},"type":"Polygon","arcs":[[9686,9687,9688,9689,9690,9691,9692,9693,9694,9695,9696,9697]],"id":680},{"properties":{"POA_CODE21":"3977","POA_NAME21":"3977","is_split":true,"primary_district":"Cranbourne District","primary_pct":39.98,"district_count":4.0},"type":"Polygon","arcs":[[9698,9699,9700,-9754,9701,-9770,9702,-9768,9703,-9766,9704,9705,9706,9707,9708,9709,9710,9711,9712,9713,9714,9715,9716,9717,9718,9719,9720]],"id":681},{"properties":{"POA_CODE21":"3978","POA_NAME21":"3978","is_split":true,"primary_district":"Bass District","primary_pct":55.36,"district_count":4.0},"type":"Polygon","arcs":[[9721,9722,9723,9724,9725,9726,9727,9728,9729,9730,9731,9732,9733,9734,9735,9736,9737,9738,9739,9740,9741,9742,9743,9744,9745,9746,9747,9748,9749,9750,-9806,9751,-9772,9752,9753,9754]],"id":682},{"properties":{"POA_CODE21":"3979","POA_NAME21":"3979","is_split":false,"primary_district":"Bass District","primary_pct":100.0,"district_count":1.0},"type":"Polygon","arcs":[[9755,-9831,9756,-9829,9757,9758,9759,9760,9761,-9896,9762,-9876,9763,-9860,9764,-9858,-9833]],"id":683},{"properties":{"POA_CODE21":"3980","POA_NAME21":"3980","is_split":true,"primary_district":"Bass District","primary_pct":97.97,"district_count":1.0},"type":"Polygon","arcs":[[9765,9766,9767,9768,9769,9770,9771,9772,-9804,9773,-9802,9774]],"id":684},{"properties":{"POA_CODE21":"3981","POA_NAME21":"3981","is_split":true,"primary_district":"Bass District","primary_pct":91.6,"district_count":2.0},"type":"Polygon","arcs":[[9775,9776,9777,9778,9779,9780,9781,9782,9783,9784,9785,9786,9787,9788,9789,9790,9791,-9835,9792,-9824,9793,-9822,9794,-9820,9795,-9818,9796,-9816,9797,-9814,9798,-9812,9799,-9810,9800,9801,9802,9803,9804,9805,9806]],"id":685},{"properties":{"POA_CODE21":"3984","POA_NAME21":"3984","is_split":true,"primary_district":"Bass District","primary_pct":98.2,"district_count":2.0},"type":"Polygon","arcs":[[9807,-9869,9808,9809,9810,9811,9812,9813,9814,9815,9816,9817,9818,9819,9820,9821,9822,9823,9824,-9841,9825,9826,9827,9828,9829,9830,9831,9832,-9865]],"id":686},{"properties":{"POA_CODE21":"3987","POA_NAME21":"3987","is_split":true,"primary_district":"Gippsland South District","primary_pct":85.56,"district_count":3.0},"type":"Polygon","arcs":[[9833,9834,9835,-9855,9836,-9853,9837,9838,9839,9840]],"id":687},{"properties":{"POA_CODE21":"3988","POA_NAME21":"3988","is_split":true,"primary_district":"Gippsland South District","primary_pct":76.68,"district_count":2.0},"type":"Polygon","arcs":[[9841,9842,9843,9844,9845,9846,9847,9848,9849,9850,9851,9852,9853,9854,9855,9856]],"id":688},{"properties":{"POA_CODE21":"3990","POA_NAME21":"3990","is_split":false,"primary_district":"Bass District","primary_pct":100.0,"district_count":1.0},"type":"Polygon","arcs":[[9857,9858,9859,9860,-9874,9861,-9912,9862,-9871,9863,9864]],"id":689},{"properties":{"POA_CODE21":"3991","POA_NAME21":"3991","is_split":false,"primary_district":"Bass District","primary_pct":99.85,"district_count":1.0},"type":"Polygon","arcs":[[-9910,9865,9866,9867,9868,9869,9870,9871]],"id":690},{"properties":{"POA_CODE21":"3992","POA_NAME21":"3992","is_split":false,"primary_district":"Bass District","primary_pct":99.99,"district_count":1.0},"type":"Polygon","arcs":[[9872,9873,9874,9875,9876,-9894,9877,-9892,9878,-9890,9879,-9888,9880,-9886,9881,-9901,9882,-9906,9883,-9904,9884,-9914],[9902]],"id":691},{"properties":{"POA_CODE21":"3995","POA_NAME21":"3995","is_split":false,"primary_district":"Bass District","primary_pct":99.93,"district_count":1.0},"type":"MultiPolygon","arcs":[[[9885,9886,9887,9888,9889,9890,9891,9892,9893,9894,9895,9896,9897,9898,-9916,9899,9900,9901]],[[9902]],[[9903,9904,9905,9906,9907,9908,9909,9910,9911,9912,9913,9914]]],"id":692},{"properties":{"POA_CODE21":"3996","POA_NAME21":"3996","is_split":true,"primary_district":"Bass District","primary_pct":61.64,"district_count":2.0},"type":"Polygon","arcs":[[9915,9916,9917,9918,9919,9920,9921,9922,9923,9924,9925,9926]],"id":693}],"type":"GeometryCollection"}},"bbox":[140.96186580000006,-39.15917646999998,149.97619755300002,-33.98063640299995],"transform":{"scale":[8.95590975205582e-06,5.100406098196095e-06],"translate":[140.96257793292068,-39.15899004237114]},"arcs":[[[445389,263869],[560,277]],[[445897,265297],[276,-53]],[[446072,266505],[142,-28]],[[447605,264969],[400,-1517]],[[447176,263028],[90,-347]],[[449365,261969],[-286,180]],[[447988,263335],[1731,1206]],[[449846,264542],[-252,-2625]],[[441867,262814],[54,-291]],[[440719,266096],[234,406]],[[441298,266404],[190,396]],[[444344,265594],[1553,-297]],[[445897,265297],[52,-1151]],[[445949,264146],[-684,-339]],[[448992,255960],[-24,-232]],[[448866,255563],[-517,1179]],[[447670,257213],[-141,476]],[[447201,259121],[450,611]],[[447486,260032],[-67,360]],[[447508,260537],[-332,2491]],[[447176,263028],[829,424]],[[448005,263452],[-17,-117]],[[447988,263335],[1091,-1186]],[[449079,262149],[286,-180]],[[449365,261969],[229,-52]],[[449594,261917],[-140,-1473]],[[448291,259164],[848,-1672]],[[447266,262681],[-269,-2404]],[[445184,260535],[-304,701]],[[444986,261442],[10,348]],[[445897,261930],[1369,751]],[[444996,261790],[-10,-348]],[[444986,261442],[-106,-206]],[[444880,261236],[-1024,572]],[[441949,262370],[-82,444]],[[441867,262814],[3398,993]],[[445265,263807],[124,62]],[[445389,263869],[508,-1939]],[[445897,261930],[-901,-140]],[[439961,268603],[8,-341]],[[441150,267357],[148,-953]],[[441298,266404],[-345,98]],[[440953,266502],[-234,-406]],[[440719,266096],[-464,-2644]],[[438519,264598],[-14,-150]],[[437877,264643],[142,1299]],[[437567,266873],[238,2251]],[[434932,261657],[-18,-1]],[[434914,261636],[-1188,-48]],[[430948,261404],[380,477]],[[431389,262324],[-101,539]],[[431342,262996],[188,201]],[[431618,263814],[123,467]],[[432550,265916],[810,-29]],[[432860,267052],[1380,-290]],[[435621,271502],[85,314]],[[436435,271789],[71,22]],[[437870,269793],[-303,-2920]],[[437567,266873],[452,-931]],[[438019,265942],[-219,-2006]],[[438519,264598],[1736,-1146]],[[440255,263452],[12,-1489]],[[437343,261514],[-2411,143]],[[434932,261657],[2868,2279]],[[437800,263936],[77,707]],[[437877,264643],[628,-195]],[[438505,264448],[14,150]],[[436424,256750],[-869,550]],[[435624,258010],[188,1954]],[[435971,261708],[1372,-194]],[[437343,261514],[2924,449]],[[439463,258372],[12,-1963]],[[434323,255499],[112,916]],[[434799,257053],[1625,-303]],[[436424,256750],[3051,-341]],[[439475,256409],[-3428,-1543]],[[429061,250671],[-849,941]],[[426876,257715],[416,342]],[[434391,256176],[-68,-677]],[[434323,255499],[1724,-633]],[[436047,254866],[-6639,-4484]],[[434215,272287],[96,-506]],[[434838,271272],[161,-112]],[[435096,271159],[223,13]],[[435482,271393],[139,109]],[[435621,271502],[-1381,-4740]],[[434240,266762],[-1013,215]],[[433188,267022],[-39,144]],[[433744,270588],[119,1134]],[[432550,265916],[-809,-1635]],[[431741,264281],[-123,-467]],[[431618,263814],[-88,-617]],[[431530,263197],[-62,-61]],[[426945,267696],[109,760]],[[427174,269172],[155,614]],[[427412,269984],[19,87]],[[429483,270591],[-247,173]],[[431089,274941],[641,850]],[[432867,276914],[302,-96]],[[433627,276778],[90,-199]],[[433778,276416],[181,-771]],[[433986,275462],[-59,-757]],[[433878,274475],[109,-412]],[[434108,274039],[412,-801]],[[434415,272927],[-189,-224]],[[434198,272634],[17,-347]],[[434215,272287],[-352,-565]],[[433863,271722],[-119,-1134]],[[433744,270588],[-595,-3422]],[[433149,267166],[39,-144]],[[433188,267022],[39,-45]],[[433227,266977],[-367,75]],[[432860,267052],[500,-1165]],[[433360,265887],[-810,29]],[[431089,274941],[-1956,-2082]],[[424465,281046],[4222,-516]],[[430182,280240],[830,548]],[[432807,277325],[60,-411]],[[432867,276914],[-1137,-1123]],[[431730,275791],[-641,-850]],[[429483,270591],[-2052,-520]],[[427431,270071],[244,471]],[[429133,272859],[103,-2095]],[[429236,270764],[247,-173]],[[419810,276131],[149,-58]],[[420862,281874],[79,1092]],[[420943,283314],[12,2095]],[[423728,281204],[737,-158]],[[424465,281046],[4668,-8187]],[[429133,272859],[-1458,-2317]],[[427675,270542],[-263,-558]],[[427412,269984],[-83,-198]],[[427329,269786],[-62,-249]],[[427072,269546],[-3859,-2321]],[[404781,241800],[-4763,870]],[[396822,251916],[4101,-791]],[[403542,264325],[113,980]],[[403880,265594],[105,66]],[[404161,266069],[-382,605]],[[404097,267027],[351,459]],[[407518,275923],[5302,1428]],[[409911,253791],[97,-447]],[[410109,253185],[112,-15]],[[411511,252647],[461,568]],[[412106,253177],[-310,-567]],[[411999,251650],[-658,-834]],[[410944,251037],[-72,-121]],[[409635,248235],[-12,-199]],[[409619,247616],[18,-431]],[[409665,247179],[-42,-349]],[[409368,246497],[-4004,825]],[[435624,258010],[-69,-710]],[[435555,257300],[-756,-247]],[[434799,257053],[-364,-638]],[[434435,256415],[-44,-239]],[[434391,256176],[-7099,1881]],[[427292,258057],[3063,2780]],[[430586,260958],[362,446]],[[430948,261404],[2778,184]],[[433726,261588],[1188,48]],[[434914,261636],[0,20]],[[434914,261656],[1057,52]],[[435971,261708],[-159,-1744]],[[435812,259964],[-188,-1954]],[[427072,269546],[195,-9]],[[427267,269537],[-93,-365]],[[427174,269172],[-120,-716]],[[427054,268456],[-109,-760]],[[426945,267696],[4523,-4560]],[[431468,263136],[-126,-140]],[[431342,262996],[-54,-133]],[[431288,262863],[101,-539]],[[431389,262324],[-61,-443]],[[431328,261881],[-742,-923]],[[430586,260958],[-231,-121]],[[430355,260837],[-3479,-3122]],[[426876,257715],[-533,-257]],[[424158,255631],[-1568,231]],[[422511,255861],[2133,3000]],[[423005,264399],[4067,5147]],[[422511,255861],[79,1]],[[422590,255862],[590,-87]],[[423771,253693],[-824,-390]],[[423042,252759],[-1767,4]],[[428212,251612],[849,-941]],[[429061,250671],[347,-289]],[[429408,250382],[-425,-2431]],[[428076,246921],[-813,174]],[[427133,246962],[-589,-92]],[[426290,247075],[36,400]],[[425775,249094],[-152,321]],[[425291,249852],[-304,-40]],[[423042,252759],[-95,544]],[[422947,253303],[824,390]],[[423771,253693],[-591,2082]],[[423180,255775],[978,-144]],[[424158,255631],[2185,1827]],[[426343,257458],[1869,-5846]],[[411827,252656],[279,521]],[[412106,253177],[-134,38]],[[411972,253215],[-461,-568]],[[411511,252647],[-1290,523]],[[410221,253170],[-112,15]],[[410109,253185],[-101,159]],[[410008,253344],[-97,447]],[[409911,253791],[2909,23560]],[[412820,277351],[372,25]],[[414065,279196],[1358,-807]],[[418155,276675],[1655,-544]],[[419810,276131],[3403,-8906]],[[423213,267225],[-208,-2826]],[[423005,264399],[1639,-5538]],[[424644,258861],[-2133,-3000]],[[422511,255861],[-1236,-3098]],[[421275,252763],[-2446,-1903]],[[418685,250869],[-933,-686]],[[400387,232273],[1135,1183]],[[405151,241727],[-370,73]],[[404781,241800],[583,5522]],[[405364,247322],[4004,-825]],[[409368,246497],[255,333]],[[409623,246830],[42,349]],[[409665,247179],[-28,6]],[[409637,247185],[-18,431]],[[409619,247616],[4,420]],[[409623,248036],[12,199]],[[409635,248235],[1237,2681]],[[410872,250916],[72,121]],[[410944,251037],[397,-221]],[[411341,250816],[658,834]],[[411999,251650],[-203,960]],[[411796,252610],[31,46]],[[411827,252656],[5925,-2473]],[[417752,250183],[933,686]],[[418685,250869],[144,-9]],[[418829,250860],[4213,1899]],[[423042,252759],[1945,-2947]],[[424987,249812],[304,40]],[[425291,249852],[332,-437]],[[425623,249415],[152,-321]],[[425775,249094],[551,-1619]],[[426326,247475],[-36,-400]],[[426290,247075],[254,-205]],[[426544,246870],[589,92]],[[427133,246962],[130,133]],[[427263,247095],[813,-174]],[[428076,246921],[907,1030]],[[428983,247951],[-24134,-21464]],[[400923,251125],[-11185,2173]],[[389564,253280],[-216,-252]],[[389312,252991],[-210,189]],[[391280,258785],[967,9072]],[[401564,258466],[-641,-7341]],[[443655,266002],[-2167,798]],[[441488,266800],[-338,557]],[[441150,267357],[-1181,905]],[[439969,268262],[-20,216]],[[443850,269522],[303,-645]],[[443911,268611],[-280,-1194]],[[439949,268478],[12,125]],[[439961,268603],[-2156,521]],[[437805,269124],[65,669]],[[437870,269793],[-1364,2018]],[[436506,271811],[292,615]],[[436601,272690],[-236,349]],[[437431,274739],[613,178]],[[437883,274130],[60,-134]],[[439648,273365],[204,-220]],[[443719,271589],[-16,-80]],[[444070,269402],[65,-371]],[[444104,268996],[-254,526]],[[443850,269522],[-3901,-1044]],[[437675,277569],[-69,-382]],[[437540,277131],[-10,-348]],[[437474,276061],[-94,-366]],[[433804,276300],[-26,116]],[[433778,276416],[-61,163]],[[433717,276579],[-90,199]],[[433627,276778],[-458,40]],[[433169,276818],[-362,507]],[[432807,277325],[-1009,2375]],[[434015,280893],[36,-12]],[[434549,280864],[1051,-354]],[[436678,279913],[115,-130]],[[436601,272690],[197,-264]],[[436798,272426],[-363,-637]],[[436435,271789],[-729,27]],[[435706,271816],[-224,-423]],[[435482,271393],[-163,-221]],[[435319,271172],[-223,-13]],[[435096,271159],[-97,1]],[[434999,271160],[-161,112]],[[434838,271272],[-527,509]],[[434311,271781],[-113,853]],[[434198,272634],[28,69]],[[434226,272703],[189,224]],[[434415,272927],[105,311]],[[434520,273238],[-412,801]],[[434108,274039],[-121,24]],[[433987,274063],[-109,412]],[[433878,274475],[49,230]],[[433927,274705],[59,757]],[[433986,275462],[-27,183]],[[433959,275645],[-155,655]],[[433804,276300],[3576,-605]],[[437380,275695],[-214,-314]],[[437088,275150],[238,-130]],[[437650,275101],[-219,-362]],[[437431,274739],[-1066,-1700]],[[436365,273039],[236,-349]],[[429149,289747],[26,-359]],[[429234,289335],[241,218]],[[433236,284128],[-509,100]],[[433433,281331],[582,-438]],[[434015,280893],[-2217,-1193]],[[431798,279700],[-786,1088]],[[431012,280788],[430,432]],[[429631,284498],[-107,256]],[[425297,290607],[-1643,1729]],[[422559,293241],[1156,-152]],[[424083,293187],[135,-91]],[[424274,292967],[64,-17]],[[424412,293043],[156,-256]],[[425359,293114],[-1,-164]],[[428486,291159],[88,31]],[[428574,290872],[79,42]],[[428729,291139],[-13,285]],[[429011,292032],[17,-37]],[[429126,290165],[-31,-306]],[[422273,293296],[286,-55]],[[422559,293241],[1095,-905]],[[423654,292336],[1643,-1729]],[[425297,290607],[407,-454]],[[427695,280576],[-3967,628]],[[423728,281204],[-2773,4205]],[[420955,285409],[-3,-575]],[[429631,284498],[1811,-3278]],[[431442,281220],[-1260,-980]],[[430182,280240],[-1495,290]],[[428687,280530],[-992,46]],[[427695,280576],[-1991,9577]],[[425704,290153],[3820,-5399]],[[429524,284754],[107,-256]],[[443421,274412],[13,-174]],[[443935,274111],[-45,-1053]],[[443621,272131],[98,-542]],[[443719,271589],[-3867,1556]],[[439852,273145],[-30,89]],[[440487,274153],[185,-34]],[[441461,274893],[1773,-352]],[[440487,274153],[-665,-919]],[[439822,273234],[-174,131]],[[439648,273365],[-1705,631]],[[437943,273996],[-60,134]],[[437883,274130],[161,787]],[[438044,274917],[-394,184]],[[437650,275101],[-324,-81]],[[437326,275020],[-238,130]],[[437088,275150],[78,231]],[[437166,275381],[308,680]],[[437474,276061],[106,608]],[[438692,277556],[548,879]],[[442714,276198],[171,-327]],[[443524,275639],[-118,-431]],[[443484,275056],[-88,-268]],[[443384,274753],[37,-341]],[[443421,274412],[-187,129]],[[443234,274541],[-1773,352]],[[441461,274893],[-789,-774]],[[440672,274119],[-185,34]],[[438357,283941],[1089,312]],[[440687,282252],[205,-447]],[[441679,281324],[191,-285]],[[442017,280921],[102,-201]],[[442211,280366],[214,-35]],[[443335,277771],[50,-36]],[[443426,277312],[-4186,1123]],[[439240,278435],[-430,289]],[[438514,279716],[177,1893]],[[438776,282721],[-52,304]],[[437540,277131],[66,56]],[[437606,277187],[69,382]],[[437675,277569],[-882,2214]],[[436793,279783],[-115,130]],[[436678,279913],[-1078,597]],[[435600,280510],[-1051,354]],[[434549,280864],[-498,17]],[[434051,280881],[-618,450]],[[433433,281331],[-706,2897]],[[432727,284228],[1051,-347]],[[435218,282354],[73,-18]],[[435315,282230],[82,-114]],[[435647,281666],[66,-71]],[[438160,283769],[197,172]],[[438357,283941],[367,-916]],[[438724,283025],[52,-304]],[[438776,282721],[-85,-1112]],[[438691,281609],[-177,-1893]],[[438514,279716],[296,-992]],[[438810,278724],[-118,-1168]],[[438692,277556],[-1112,-887]],[[437580,276669],[-50,114]],[[437530,276783],[10,348]],[[439971,289783],[282,-42]],[[440250,289656],[37,-374]],[[440717,287229],[-425,35]],[[439915,287098],[-514,-709]],[[440104,286093],[20,-207]],[[439787,285061],[-350,-571]],[[439371,284240],[-1211,-471]],[[438160,283769],[-2447,-2174]],[[435713,281595],[-66,71]],[[435647,281666],[-250,450]],[[435397,282116],[-82,114]],[[435315,282230],[-24,106]],[[435291,282336],[-73,18]],[[435218,282354],[-1440,1527]],[[433778,283881],[64,1241]],[[437911,289726],[992,60]],[[445419,282514],[49,-11]],[[445474,282432],[-37,-391]],[[444809,275599],[-2095,599]],[[442714,276198],[712,1114]],[[443426,277312],[-41,423]],[[443385,277735],[-50,36]],[[443335,277771],[-910,2560]],[[442425,280331],[-214,35]],[[442211,280366],[-92,354]],[[442119,280720],[-102,201]],[[442017,280921],[-147,118]],[[441870,281039],[-45,109]],[[433842,285122],[-606,-994]],[[433236,284128],[-3761,5425]],[[429475,289553],[-241,-218]],[[429234,289335],[-59,53]],[[429175,289388],[-26,359]],[[429149,289747],[-54,112]],[[429095,289859],[31,306]],[[429126,290165],[-98,1830]],[[429028,291995],[-85,111]],[[428741,292478],[101,299]],[[428221,294835],[29,175]],[[432263,296995],[4,43]],[[433597,295837],[44,-254]],[[433566,295223],[119,-403]],[[433701,294766],[103,-211]],[[433884,294672],[78,-67]],[[434031,294411],[162,-145]],[[435015,292933],[195,-296]],[[435190,292503],[74,-202]],[[436465,289639],[-2623,-4517]],[[441825,281148],[-146,176]],[[441679,281324],[-787,481]],[[440892,281805],[-205,447]],[[440687,282252],[-1241,2001]],[[439446,284253],[-75,-13]],[[439371,284240],[66,250]],[[439437,284490],[350,571]],[[439787,285061],[337,825]],[[440124,285886],[-20,207]],[[440104,286093],[-703,296]],[[439401,286389],[514,709]],[[439915,287098],[377,166]],[[440292,287264],[1243,-155]],[[444239,287448],[1784,138]],[[446678,282288],[-1259,226]],[[445419,282514],[-3594,-1366]],[[446182,287589],[-1943,-141]],[[444239,287448],[-2704,-339]],[[441535,287109],[-818,120]],[[440717,287229],[-430,2053]],[[440287,289282],[-37,374]],[[440250,289656],[3,85]],[[440253,289741],[-58,11]],[[440430,290212],[436,444]],[[441041,290732],[314,470]],[[442100,292867],[284,-683]],[[442486,293081],[2919,-2757]],[[442486,293081],[-102,-897]],[[442384,292184],[-272,971]],[[442051,293188],[-772,33]],[[440398,293360],[181,1604]],[[440839,298157],[147,-58]],[[444216,295413],[-1730,-2332]],[[440430,290212],[-235,-460]],[[440195,289752],[-224,31]],[[439971,289783],[-1068,3]],[[438903,289786],[-992,-60]],[[437911,289726],[-1446,-87]],[[436465,289639],[-1201,2662]],[[435264,292301],[-74,202]],[[435190,292503],[20,134]],[[435210,292637],[26,132]],[[440414,293502],[-16,-142]],[[440398,293360],[881,-139]],[[441279,293221],[772,-33]],[[442051,293188],[61,-33]],[[442112,293155],[-12,-288]],[[442100,292867],[-745,-1665]],[[441355,291202],[-314,-470]],[[441041,290732],[-175,-76]],[[440866,290656],[-436,-444]],[[446047,266145],[126,-901]],[[446173,265244],[-1829,350]],[[444344,265594],[-689,408]],[[443655,266002],[-24,1415]],[[443631,267417],[280,1194]],[[443911,268611],[242,266]],[[444153,268877],[1894,-2732]],[[446266,268400],[253,-362]],[[446734,267954],[145,-255]],[[446789,266366],[-717,139]],[[446072,266505],[-25,-360]],[[446047,266145],[-1943,2851]],[[444104,268996],[31,35]],[[444135,269031],[-65,371]],[[444070,269402],[-349,1807]],[[443975,271264],[2231,-2830]],[[447605,264969],[-1391,1508]],[[446214,266477],[575,-111]],[[446789,266366],[90,1333]],[[446879,267699],[380,256]],[[447282,267967],[323,-2998]],[[447282,267967],[-23,-12]],[[447259,267955],[-525,-1]],[[446734,267954],[-215,84]],[[446519,268038],[-253,362]],[[446266,268400],[-60,34]],[[446206,268434],[1001,2144]],[[447351,270546],[-69,-2579]],[[443975,271264],[-254,-55]],[[443721,271209],[-18,300]],[[443703,271509],[-82,622]],[[443621,272131],[269,927]],[[443890,273058],[45,1053]],[[443935,274111],[-501,127]],[[443434,274238],[-50,515]],[[443384,274753],[12,35]],[[443396,274788],[88,268]],[[443484,275056],[-78,152]],[[443406,275208],[118,431]],[[443524,275639],[-639,232]],[[442885,275871],[2775,-447]],[[445163,271010],[-1188,254]],[[447738,273409],[-37,-393]],[[447688,273019],[-28,-310]],[[447521,270511],[-170,35]],[[447351,270546],[-144,32]],[[447207,270578],[-2044,432]],[[445163,271010],[497,4414]],[[445660,275424],[2582,-528]],[[449193,273113],[8,-80]],[[449055,272186],[264,-535]],[[448489,271646],[-968,-1135]],[[447521,270511],[139,2198]],[[447660,272709],[28,310]],[[447688,273019],[13,-3]],[[447701,273016],[37,393]],[[447738,273409],[504,1487]],[[448242,274896],[570,-728]],[[449024,273379],[138,-211]],[[448174,282240],[260,42]],[[449167,281866],[-257,-2826]],[[448733,276456],[48,-616]],[[448574,275633],[-35,-305]],[[448518,275271],[-3709,328]],[[444809,275599],[628,6442]],[[445437,282041],[37,391]],[[445474,282432],[-6,71]],[[445468,282503],[1210,-215]],[[440996,299780],[-69,-528]],[[440805,298163],[34,-6]],[[440839,298157],[-260,-3193]],[[440579,294964],[-165,-1462]],[[440414,293502],[-5178,-733]],[[435236,292769],[-221,164]],[[435015,292933],[-822,1333]],[[434193,294266],[-162,145]],[[434031,294411],[-69,194]],[[433962,294605],[-78,67]],[[433884,294672],[-80,-117]],[[433804,294555],[-103,211]],[[433701,294766],[-16,54]],[[433685,294820],[-119,403]],[[433566,295223],[75,360]],[[433641,295583],[-44,254]],[[433597,295837],[-1330,1201]],[[432267,297038],[112,1204]],[[435988,300054],[81,67]],[[436145,300274],[128,426]],[[439707,303867],[1183,-246]],[[448103,287059],[68,-35]],[[448190,287044],[245,123]],[[448459,287122],[-48,-369]],[[448632,286530],[-60,-298]],[[448515,285996],[296,-409]],[[448860,285477],[-77,-190]],[[448491,285222],[-61,-200]],[[448441,284485],[-185,-431]],[[448265,284023],[175,-187]],[[448246,283380],[163,-63]],[[448543,283274],[131,-84]],[[448445,282313],[-271,-73]],[[448174,282240],[-1496,48]],[[446678,282288],[-655,5298]],[[446023,287586],[159,3]],[[446182,287589],[-46,517]],[[447518,287513],[97,-25]],[[447649,287465],[72,10]],[[447730,287520],[93,-69]],[[447909,287342],[140,-143]],[[447734,293460],[-10,-290]],[[447767,293108],[329,-258]],[[448066,292303],[-161,-647]],[[447974,291612],[145,22]],[[447692,287821],[-1556,285]],[[446136,288106],[-731,2218]],[[445405,290324],[-1189,5089]],[[444216,295413],[-676,2133]],[[446219,296859],[1692,-322]],[[446195,299123],[58,-277]],[[446902,298704],[91,-153]],[[447169,298137],[290,-591]],[[447387,297214],[233,-181]],[[447911,296537],[-1692,322]],[[446219,296859],[-2679,687]],[[445584,301198],[22,-145]],[[446205,300231],[-58,-533]],[[436273,300700],[-128,-426]],[[436145,300274],[-76,-153]],[[436069,300121],[-81,-67]],[[435988,300054],[-3448,-195]],[[428681,303803],[76,29]],[[430434,305398],[49,124]],[[432417,318855],[-134,253]],[[432297,319144],[2505,168]],[[434758,319237],[-75,-54]],[[434590,318468],[-33,-115]],[[434527,318334],[-404,-101]],[[434964,317196],[-5,-47]],[[434367,315773],[-341,-113]],[[434043,315637],[9,-113]],[[437815,304651],[-1542,-3951]],[[452316,321775],[2118,-9625]],[[445460,303611],[169,-643]],[[445670,302985],[70,-329]],[[445740,302656],[28,-155]],[[445828,301278],[-59,-53]],[[445635,301235],[-2095,-3689]],[[443540,297546],[-2554,553]],[[440986,298099],[-181,64]],[[440805,298163],[122,1089]],[[440927,299252],[69,528]],[[440996,299780],[-106,3841]],[[440890,303621],[-1183,246]],[[439707,303867],[-1892,784]],[[437815,304651],[-3763,10873]],[[434052,315524],[-9,113]],[[434043,315637],[-17,23]],[[434026,315660],[341,113]],[[434367,315773],[592,1376]],[[434959,317149],[5,47]],[[434964,317196],[-841,1037]],[[434123,318233],[404,101]],[[434527,318334],[30,19]],[[434557,318353],[33,115]],[[434590,318468],[93,715]],[[434683,319183],[75,54]],[[434758,319237],[73,-96]],[[435013,319055],[53,34]],[[436042,321752],[150,203]],[[436482,322593],[-198,240]],[[436032,324506],[127,141]],[[437032,324452],[363,-254]],[[437602,324215],[216,109]],[[437852,324407],[-51,123]],[[437799,324593],[21,-3]],[[439239,324345],[2110,-460]],[[448660,267792],[-557,47]],[[449846,264542],[-127,-1]],[[449719,264541],[127,1]],[[450940,267431],[37,-178]],[[451029,267105],[-34,-91]],[[450970,267003],[-214,34]],[[451665,265802],[3,-117]],[[451659,265648],[-336,-245]],[[450992,265617],[772,-656]],[[449846,264542],[916,2859]],[[448660,267792],[-557,47]],[[448103,267839],[386,3807]],[[448489,271646],[856,-173]],[[449345,271473],[201,-190]],[[450281,269498],[288,-231]],[[450698,269310],[407,472]],[[451312,269425],[361,-341]],[[451715,269017],[-62,-635]],[[451071,267660],[-131,-229]],[[450940,267431],[-178,-30]],[[450762,267401],[-2102,391]],[[450698,269310],[-129,-43]],[[450569,269267],[-288,231]],[[450281,269498],[-735,1785]],[[449546,271283],[-201,190]],[[449345,271473],[-26,178]],[[449319,271651],[-264,535]],[[449055,272186],[146,847]],[[449201,273033],[-8,80]],[[449193,273113],[-31,55]],[[449162,273168],[-138,211]],[[449024,273379],[-212,789]],[[448812,274168],[-128,341]],[[450791,273653],[1922,-366]],[[451283,269515],[-178,267]],[[451105,269782],[-407,-472]],[[454314,275129],[97,-142]],[[454413,274922],[-114,-135]],[[453942,273487],[-3151,166]],[[450791,273653],[-2107,856]],[[448684,274509],[-166,762]],[[448518,275271],[21,57]],[[448539,275328],[35,305]],[[448574,275633],[207,207]],[[448781,275840],[-109,360]],[[450313,275925],[3687,-709]],[[455085,279434],[-125,-268]],[[454498,276437],[-179,-484]],[[454242,275410],[72,-281]],[[454314,275129],[-314,87]],[[454000,275216],[-3687,709]],[[450313,275925],[-1641,275]],[[448672,276200],[61,256]],[[448733,276456],[177,2584]],[[448910,279040],[139,1543]],[[455141,280797],[40,-282]],[[455209,280514],[-20,-386]],[[455139,280164],[169,-442]],[[455278,279637],[-193,-203]],[[455085,279434],[-6036,1149]],[[449049,280583],[118,1283]],[[449167,281866],[-733,416]],[[448434,282282],[11,31]],[[448445,282313],[229,877]],[[448674,283190],[-131,84]],[[448543,283274],[-134,43]],[[448409,283317],[-163,63]],[[448246,283380],[194,456]],[[448440,283836],[-175,187]],[[448265,284023],[-9,31]],[[448256,284054],[185,431]],[[448441,284485],[-11,537]],[[448430,285022],[61,200]],[[448491,285222],[292,65]],[[448783,285287],[77,190]],[[448860,285477],[-49,110]],[[448811,285587],[-296,409]],[[448515,285996],[57,236]],[[448572,286232],[60,298]],[[448632,286530],[-221,223]],[[448411,286753],[48,369]],[[448459,287122],[-24,45]],[[448435,287167],[-245,-123]],[[448190,287044],[-19,-20]],[[448171,287024],[-68,35]],[[448103,287059],[-54,140]],[[448049,287199],[-140,143]],[[447909,287342],[-86,109]],[[447823,287451],[-93,69]],[[447730,287520],[-9,-45]],[[447721,287475],[-72,-10]],[[447649,287465],[-34,23]],[[447615,287488],[-97,25]],[[447518,287513],[174,308]],[[453362,286782],[2006,-388]],[[454620,284533],[-114,-782]],[[454422,283815],[-739,-475]],[[455505,290517],[48,-125]],[[455483,290332],[50,-340]],[[455604,288586],[65,161]],[[454437,286577],[-1075,205]],[[453362,286782],[-5670,1039]],[[447692,287821],[427,3813]],[[448119,291634],[-145,-22]],[[447974,291612],[-69,44]],[[447905,291656],[35,452]],[[448303,292025],[932,-178]],[[452543,291359],[-34,-365]],[[452944,293968],[1925,-680]],[[454847,292624],[38,-100]],[[455100,292595],[44,-148]],[[454921,292076],[217,-252]],[[455788,291650],[83,-167]],[[455809,291350],[-160,-621]],[[455621,290768],[-110,-133]],[[455499,290552],[6,-35]],[[455505,290517],[-2996,477]],[[452509,290994],[34,365]],[[452543,291359],[-3308,488]],[[449235,291847],[-493,94]],[[451488,294242],[1172,-211]],[[452944,293968],[-284,63]],[[452660,294031],[-1172,211]],[[451488,294242],[-2746,-2301]],[[448742,291941],[-439,84]],[[448303,292025],[-363,83]],[[447940,292108],[126,195]],[[448066,292303],[30,547]],[[448096,292850],[-329,258]],[[447767,293108],[-43,62]],[[447724,293170],[10,290]],[[447734,293460],[177,3077]],[[447911,296537],[-291,496]],[[447620,297033],[-233,181]],[[447387,297214],[72,332]],[[447459,297546],[-290,591]],[[447169,298137],[-176,414]],[[446993,298551],[-91,153]],[[446902,298704],[-649,142]],[[446253,298846],[-58,277]],[[446195,299123],[-48,575]],[[446147,299698],[58,533]],[[446205,300231],[-599,822]],[[445606,301053],[-22,145]],[[445584,301198],[51,37]],[[445635,301235],[134,-10]],[[445769,301225],[59,53]],[[445828,301278],[-60,1223]],[[445768,302501],[-28,155]],[[455545,300873],[2470,-377]],[[458372,296068],[2,-18]],[[454949,293693],[-2005,275]],[[455039,270247],[-12,-355]],[[455300,269543],[98,-243]],[[455487,269394],[376,109]],[[455470,268759],[-95,-284]],[[453149,269006],[-783,270]],[[452274,269245],[34,-123]],[[453121,265823],[-259,-43]],[[452032,266632],[-431,131]],[[451680,266818],[-273,33]],[[451283,266889],[-26,318]],[[451166,267285],[-137,-180]],[[451029,267105],[-52,148]],[[450977,267253],[94,407]],[[451071,267660],[582,722]],[[451653,268382],[62,635]],[[451715,269017],[-42,67]],[[451673,269084],[-361,341]],[[451312,269425],[-29,90]],[[451283,269515],[1430,3772]],[[452713,273287],[1610,-692]],[[454901,272234],[20,-71]],[[454682,271650],[111,-458]],[[454718,271057],[180,-592]],[[458454,273020],[228,201]],[[458797,273034],[14,-101]],[[458819,272621],[38,-136]],[[458735,272118],[-174,-670]],[[458355,270360],[-84,-280]],[[458366,269913],[-269,-158]],[[458014,269999],[-514,331]],[[456935,270158],[-85,-112]],[[456968,269389],[-233,94]],[[456127,270228],[-98,25]],[[455535,270023],[-235,-480]],[[455300,269543],[-273,349]],[[455027,269892],[12,355]],[[455039,270247],[-141,218]],[[454898,270465],[-180,592]],[[454718,271057],[75,135]],[[454793,271192],[-111,458]],[[454682,271650],[239,513]],[[454921,272163],[-20,71]],[[454901,272234],[-578,361]],[[454323,272595],[-381,892]],[[453942,273487],[357,1300]],[[454299,274787],[114,135]],[[454413,274922],[-2,65]],[[454411,274987],[-109,162]],[[454302,275149],[-60,261]],[[454242,275410],[77,543]],[[454319,275953],[179,484]],[[454498,276437],[462,2729]],[[454960,279166],[318,471]],[[455278,279637],[30,85]],[[455308,279722],[-169,442]],[[455139,280164],[50,-36]],[[455189,280128],[20,386]],[[455209,280514],[-28,1]],[[455181,280515],[-59,184]],[[457002,280336],[19,68]],[[457605,280229],[-499,-4968]],[[457106,275261],[-2804,-112]],[[460259,290444],[14,-301]],[[455528,290670],[93,98]],[[455621,290768],[28,-39]],[[455649,290729],[160,621]],[[455809,291350],[62,133]],[[455871,291483],[-83,167]],[[455788,291650],[-650,174]],[[455138,291824],[-217,252]],[[454921,292076],[223,371]],[[455144,292447],[-44,148]],[[455100,292595],[-215,-71]],[[454885,292524],[-38,100]],[[454847,292624],[22,664]],[[454869,293288],[80,405]],[[454949,293693],[3425,2357]],[[458374,296050],[5,-39]],[[460652,295618],[-499,-559]],[[461406,293533],[-127,-378]],[[461157,293218],[-275,4]],[[460855,293166],[-57,-178]],[[461113,292503],[-43,-57]],[[460979,292519],[-38,-13]],[[460703,292216],[-217,86]],[[460241,292151],[-66,-66]],[[459192,284458],[-12,-125]],[[457270,281455],[-268,-1119]],[[457002,280336],[-1880,363]],[[455122,280699],[19,98]],[[455141,280797],[-1458,2543]],[[453683,283340],[739,475]],[[454422,283815],[84,-64]],[[454506,283751],[114,782]],[[454620,284533],[748,1861]],[[455368,286394],[-931,183]],[[454437,286577],[1232,2170]],[[455669,288747],[-65,-161]],[[455604,288586],[-71,1406]],[[455533,289992],[-50,340]],[[455483,290332],[70,60]],[[455553,290392],[-54,160]],[[455499,290552],[12,83]],[[455511,290635],[17,35]],[[455528,290670],[4745,-527]],[[460273,290143],[-34,-92]],[[460466,289727],[456,295]],[[462238,289532],[147,-177]],[[461937,288121],[-3506,668]],[[459254,288531],[234,-86]],[[459379,284804],[-41,-373]],[[459779,275457],[-176,46]],[[459557,275484],[-61,-110]],[[459514,274969],[293,-259]],[[459013,274373],[330,214]],[[459300,272828],[-503,206]],[[458797,273034],[-115,187]],[[458682,273221],[-228,-201]],[[458454,273020],[-1348,2241]],[[457106,275261],[499,4968]],[[462771,280172],[-13,-78]],[[462624,279803],[-192,-261]],[[462961,279353],[-49,-160]],[[462850,278702],[-126,-12]],[[462318,277743],[-71,-546]],[[462100,276933],[42,-104]],[[461778,276445],[-41,12]],[[461445,276143],[-273,-657]],[[460405,275669],[-65,23]],[[460249,275902],[-242,-92]],[[459994,275121],[-145,-55]],[[462838,280426],[-67,-254]],[[462771,280172],[-5166,57]],[[457605,280229],[-584,175]],[[457021,280404],[249,1051]],[[457270,281455],[1910,2878]],[[459180,284333],[-42,-425]],[[461061,282492],[23,175]],[[462724,282164],[444,-89]],[[463315,281786],[-202,-133]],[[462922,281594],[-181,-107]],[[462732,281470],[150,-352]],[[462774,280919],[-60,-14]],[[461136,287007],[-165,-991]],[[461170,282879],[-109,-387]],[[461061,282492],[-1923,1416]],[[459138,283908],[54,550]],[[459192,284458],[146,-27]],[[459338,284431],[41,373]],[[459379,284804],[109,3641]],[[459488,288445],[133,-61]],[[460661,287806],[201,-219]],[[463980,290120],[84,-36]],[[464069,290099],[535,-377]],[[466857,289463],[-88,-849]],[[465998,287460],[44,-802]],[[465968,286542],[-425,-239]],[[465265,286052],[-150,-919]],[[465506,284546],[106,-407]],[[464773,284182],[-328,-19]],[[463411,283634],[-67,-355]],[[463429,282807],[-241,-54]],[[463275,282522],[43,-186]],[[463249,282189],[-525,-25]],[[462724,282164],[-1640,503]],[[461084,282667],[86,212]],[[461170,282879],[-199,3137]],[[460971,286016],[165,991]],[[461136,287007],[-274,580]],[[460862,287587],[-201,219]],[[460661,287806],[-1040,578]],[[459621,288384],[-367,147]],[[459254,288531],[-823,258]],[[458431,288789],[3506,-668]],[[461937,288121],[448,1234]],[[462385,289355],[56,56]],[[462828,289626],[531,-104]],[[470877,288838],[-37,-344]],[[466772,288649],[85,814]],[[466857,289463],[-2253,259]],[[464604,289722],[-165,116]],[[466189,293404],[551,811]],[[469659,299558],[-2,-57]],[[470508,296635],[-79,-743]],[[470194,292685],[162,-79]],[[471179,291333],[-220,-2139]],[[466189,293404],[-1750,-3566]],[[464439,289838],[-370,261]],[[464069,290099],[-5,-15]],[[464064,290084],[-84,36]],[[463980,290120],[-621,-598]],[[463359,289522],[-531,104]],[[462828,289626],[-387,-215]],[[462441,289411],[-203,121]],[[462238,289532],[-1316,490]],[[460922,290022],[-456,-295]],[[460466,289727],[-227,324]],[[460239,290051],[20,393]],[[460259,290444],[-84,1641]],[[460175,292085],[66,66]],[[460241,292151],[245,151]],[[460486,292302],[217,-86]],[[460703,292216],[238,290]],[[460941,292506],[38,13]],[[460979,292519],[91,-73]],[[461070,292446],[43,57]],[[461113,292503],[-315,485]],[[460798,292988],[57,178]],[[460855,293166],[27,56]],[[460882,293222],[275,-4]],[[461157,293218],[122,-63]],[[461279,293155],[186,357]],[[461520,293440],[-62,-262]],[[461573,292954],[81,66]],[[462256,294822],[-6,357]],[[462533,295032],[112,4]],[[462789,295116],[39,83]],[[466027,294336],[162,-932]],[[469675,299811],[-16,-253]],[[469659,299558],[-2919,-5343]],[[466740,294215],[-713,121]],[[466027,294336],[-3199,863]],[[462828,295199],[-2,42]],[[462457,295364],[-1,176]],[[462466,295604],[-113,228]],[[462835,296147],[-315,254]],[[462184,298050],[24,75]],[[464488,301242],[33,36]],[[465960,278034],[-73,-47]],[[464396,277943],[-97,-385]],[[464892,276075],[-94,-40]],[[464428,276248],[-33,-390]],[[461806,276419],[-28,26]],[[461778,276445],[364,384]],[[462142,276829],[-42,104]],[[462100,276933],[147,264]],[[462247,277197],[71,546]],[[462318,277743],[406,947]],[[462724,278690],[126,12]],[[462850,278702],[62,491]],[[462912,279193],[49,160]],[[462961,279353],[-529,189]],[[462432,279542],[192,261]],[[462624,279803],[134,291]],[[462758,280094],[80,332]],[[462838,280426],[-124,479]],[[462714,280905],[60,14]],[[462774,280919],[108,199]],[[462882,281118],[-150,352]],[[462732,281470],[9,17]],[[462741,281487],[181,107]],[[462922,281594],[191,59]],[[463113,281653],[200,-77]],[[465531,279954],[659,-403]],[[464773,284182],[839,-43]],[[465612,284139],[30,-81]],[[466197,282534],[-47,-402]],[[465873,279763],[-342,191]],[[465531,279954],[-2218,1622]],[[463313,281576],[2,210]],[[463315,281786],[-147,289]],[[463168,282075],[81,114]],[[463249,282189],[69,147]],[[463318,282336],[-43,186]],[[463275,282522],[-87,231]],[[463188,282753],[241,54]],[[463429,282807],[-85,472]],[[463344,283279],[67,355]],[[463411,283634],[1034,529]],[[464445,284163],[328,19]],[[466114,278272],[-154,-238]],[[465960,278034],[230,1517]],[[466190,279551],[-317,212]],[[465873,279763],[277,2369]],[[466150,282132],[47,402]],[[466197,282534],[-555,1524]],[[465642,284058],[-136,488]],[[465506,284546],[-391,587]],[[465115,285133],[150,919]],[[465265,286052],[278,251]],[[465543,286303],[425,239]],[[465968,286542],[74,116]],[[466042,286658],[-44,802]],[[465998,287460],[771,1154]],[[466769,288614],[3,35]],[[466772,288649],[4068,-155]],[[470840,288494],[31,293]],[[472221,288113],[-5,-27]],[[474556,284721],[-101,-948]],[[471279,280151],[-168,71]],[[471018,280140],[-35,-311]],[[470740,279475],[35,-318]],[[470805,278613],[-242,-56]],[[470520,279170],[-42,40]],[[470310,279149],[-750,96]],[[468256,279327],[-699,-803]],[[472245,288222],[-24,-109]],[[472221,288113],[-1350,674]],[[470871,288787],[6,51]],[[470877,288838],[82,356]],[[470959,289194],[220,2139]],[[471179,291333],[-823,1273]],[[470356,292606],[-162,79]],[[470194,292685],[235,3207]],[[470429,295892],[-23,-208]],[[474371,294821],[-261,-1250]],[[481494,294570],[-369,-398]],[[483405,284343],[-167,88]],[[483022,285463],[-293,-150]],[[482663,285194],[-105,-250]],[[482383,284261],[165,-312]],[[482645,283245],[181,-298]],[[482650,282586],[-234,-205]],[[480855,285392],[-158,-443]],[[478018,281600],[-229,-535]],[[477512,281639],[-377,462]],[[474442,283658],[114,1063]],[[474556,284721],[-2340,3365]],[[472216,288086],[29,136]],[[472245,288222],[1865,5349]],[[474110,293571],[198,953]],[[474750,294424],[642,-134]],[[476562,293523],[233,-55]],[[480367,323142],[1388,-301]],[[485083,317058],[-75,-544]],[[479114,312852],[-82,-199]],[[477931,304075],[257,-369]],[[475311,294307],[-561,117]],[[474750,294424],[-442,100]],[[474308,294524],[63,297]],[[474371,294821],[-3965,863]],[[470406,295684],[102,951]],[[470508,296635],[-851,2866]],[[469657,299501],[18,310]],[[469675,299811],[-265,999]],[[466893,311032],[46,454]],[[468680,313529],[554,367]],[[470379,316826],[322,650]],[[470901,318124],[186,-7]],[[456465,266581],[1327,-286]],[[457792,266295],[-5260,-2226]],[[452532,264069],[-768,892]],[[451764,264961],[-772,656]],[[450992,265617],[331,-214]],[[451323,265403],[336,245]],[[451659,265648],[9,37]],[[451668,265685],[-3,117]],[[451665,265802],[-909,1235]],[[450756,267037],[214,-34]],[[450970,267003],[25,11]],[[450995,267014],[171,271]],[[451166,267285],[91,-78]],[[451257,267207],[26,-318]],[[451283,266889],[124,-38]],[[451407,266851],[273,-33]],[[451680,266818],[-79,-55]],[[451601,266763],[431,-131]],[[452032,266632],[830,-852]],[[452862,265780],[259,43]],[[453121,265823],[-813,3299]],[[452308,269122],[-34,123]],[[452274,269245],[92,31]],[[452366,269276],[783,-270]],[[453149,269006],[2176,-550]],[[455325,268456],[30,-301]],[[456465,266581],[-1110,1574]],[[455355,268155],[-30,301]],[[455325,268456],[50,19]],[[455375,268475],[95,284]],[[455470,268759],[393,744]],[[455863,269503],[-376,-109]],[[455487,269394],[-89,-94]],[[455398,269300],[137,723]],[[455535,270023],[494,230]],[[456029,270253],[98,-25]],[[456127,270228],[608,-745]],[[456735,269483],[233,-94]],[[456968,269389],[-118,657]],[[456850,270046],[85,112]],[[456935,270158],[565,172]],[[457500,270330],[354,-241]],[[457792,266295],[-1327,286]],[[462278,265833],[153,198]],[[460516,262704],[-198,42]],[[457480,263428],[312,2867]],[[457792,266295],[3331,-767]],[[461198,270501],[256,-19]],[[461695,270335],[294,-696]],[[462498,268187],[79,-103]],[[462762,267934],[166,-100]],[[462425,267158],[-22,-57]],[[462444,266039],[-166,-206]],[[462278,265833],[-1155,-305]],[[461123,265528],[-3331,767]],[[457792,266295],[62,3794]],[[457854,270089],[160,-90]],[[458014,269999],[83,-244]],[[458097,269755],[269,158]],[[458366,269913],[-95,167]],[[458271,270080],[35,108]],[[459613,270965],[93,-65]],[[459767,270882],[47,-73]],[[462182,271937],[326,-80]],[[461939,269859],[-244,476]],[[461695,270335],[-241,147]],[[461454,270482],[-256,19]],[[461198,270501],[-1384,308]],[[459814,270809],[-47,73]],[[459767,270882],[-61,18]],[[459706,270900],[-93,65]],[[459613,270965],[-1307,-777]],[[458306,270188],[49,172]],[[458355,270360],[206,1088]],[[458561,271448],[174,670]],[[458735,272118],[122,367]],[[458857,272485],[-38,136]],[[458819,272621],[-8,312]],[[458811,272933],[489,-105]],[[459300,272828],[43,1759]],[[459343,274587],[-330,-214]],[[459013,274373],[794,337]],[[459807,274710],[-293,259]],[[459514,274969],[-18,405]],[[459496,275374],[61,110]],[[459557,275484],[46,19]],[[459603,275503],[176,-46]],[[459779,275457],[70,-391]],[[459849,275066],[145,55]],[[459994,275121],[13,689]],[[460007,275810],[242,92]],[[460249,275902],[91,-210]],[[460340,275692],[65,-23]],[[460405,275669],[767,-183]],[[461172,275486],[77,175]],[[461286,275173],[-52,-565]],[[467135,271724],[-119,-1074]],[[466263,271264],[-355,529]],[[465516,272935],[-26,-68]],[[464338,275801],[57,57]],[[464395,275858],[33,390]],[[464428,276248],[370,-213]],[[464798,276035],[94,40]],[[464892,276075],[-593,1483]],[[464299,277558],[97,385]],[[464396,277943],[1491,44]],[[465887,277987],[227,285]],[[466114,278272],[1443,252]],[[467557,278524],[699,803]],[[468256,279327],[1304,-82]],[[469560,279245],[750,-96]],[[470310,279149],[168,61]],[[470478,279210],[42,-40]],[[470520,279170],[43,-613]],[[470563,278557],[92,-32]],[[470411,276257],[-209,46]],[[470089,276669],[-48,264]],[[469695,276411],[-2364,-4714]],[[463019,271734],[-837,203]],[[462182,271937],[-948,2671]],[[461234,274608],[52,565]],[[461286,275173],[-37,488]],[[461249,275661],[196,482]],[[461445,276143],[292,314]],[[461737,276457],[69,-38]],[[461806,276419],[2532,-618]],[[464338,275801],[1152,-2934]],[[465490,272867],[-697,-1787]],[[465827,267172],[-125,49]],[[465655,267357],[-170,-47]],[[465389,267251],[-167,-171]],[[462934,267813],[-172,121]],[[462762,267934],[-185,150]],[[462577,268084],[-79,103]],[[462498,268187],[-509,1452]],[[461989,269639],[-50,220]],[[461939,269859],[569,1998]],[[462508,271857],[511,-123]],[[463019,271734],[1774,-654]],[[464793,271080],[723,1855]],[[465516,272935],[392,-1142]],[[465908,271793],[355,-529]],[[466263,271264],[753,-614]],[[467016,270650],[-142,-1479]],[[466705,267508],[-160,-537]],[[466375,266841],[-170,-26]],[[469695,276411],[346,522]],[[470041,276933],[48,-264]],[[470089,276669],[113,-366]],[[470202,276303],[359,-78]],[[470562,276164],[103,-46]],[[471196,274759],[34,-142]],[[471244,273384],[13,-169]],[[469544,265962],[-215,91]],[[468754,266081],[-46,53]],[[468692,266204],[-92,20]],[[466692,267004],[13,504]],[[466705,267508],[169,1663]],[[466874,269171],[261,2553]],[[467135,271724],[196,-27]],[[467331,271697],[2364,4714]],[[474674,264348],[-20,-205]],[[472059,265361],[-588,850]],[[470351,265686],[-88,-17]],[[470210,265659],[-114,122]],[[470030,265818],[-22,-2]],[[469988,265806],[-10,59]],[[469843,265840],[-299,122]],[[469544,265962],[1713,7253]],[[471257,273215],[202,39]],[[473114,272214],[-374,-505]],[[472552,269455],[117,-197]],[[473321,268569],[1140,-359]],[[475506,267931],[-101,-26]],[[475064,268237],[-378,-3886]],[[473025,272003],[89,211]],[[473114,272214],[-1655,1040]],[[471459,273254],[-215,130]],[[471244,273384],[-14,1233]],[[471230,274617],[-34,142]],[[471196,274759],[-531,1359]],[[470665,276118],[-103,46]],[[470562,276164],[-1,61]],[[470561,276225],[-150,32]],[[470411,276257],[244,2268]],[[470655,278525],[150,88]],[[470805,278613],[-30,544]],[[470775,279157],[-35,318]],[[470740,279475],[243,354]],[[470983,279829],[35,311]],[[471018,280140],[93,82]],[[471111,280222],[168,-71]],[[471279,280151],[3176,3622]],[[474455,283773],[-13,-115]],[[474442,283658],[2693,-1557]],[[477135,282101],[-49,-52]],[[477020,281864],[158,-359]],[[477211,281285],[599,-1115]],[[477649,279912],[94,-228]],[[477899,279542],[70,-334]],[[477938,278806],[28,-341]],[[478082,278329],[-209,-2942]],[[476719,273684],[-18,-114]],[[476701,273570],[-25,-169]],[[476480,272272],[-46,-242]],[[477116,268988],[85,-165]],[[475612,267958],[-106,-27]],[[475506,267931],[-1045,279]],[[474461,268210],[-1140,359]],[[473321,268569],[-652,689]],[[472669,269258],[-117,197]],[[472552,269455],[188,2254]],[[472740,271709],[285,294]],[[473025,272003],[3676,1567]],[[479690,273290],[-24,88]],[[479257,276973],[-158,238]],[[478948,277151],[-92,-63]],[[478789,276870],[-274,-191]],[[478484,276730],[-239,534]],[[478198,277444],[29,325]],[[478152,277866],[-70,463]],[[478082,278329],[-116,136]],[[477966,278465],[-28,341]],[[477938,278806],[31,402]],[[477969,279208],[-70,334]],[[477899,279542],[-156,142]],[[477743,279684],[-94,228]],[[477649,279912],[161,258]],[[477810,280170],[-599,1115]],[[477211,281285],[-33,220]],[[477178,281505],[-158,359]],[[477020,281864],[66,185]],[[477086,282049],[426,-410]],[[477512,281639],[277,-574]],[[477789,281065],[229,535]],[[478018,281600],[2679,3349]],[[480697,284949],[158,443]],[[480855,285392],[1561,-3011]],[[482416,282381],[234,205]],[[482650,282586],[176,361]],[[482826,282947],[-181,298]],[[482645,283245],[-97,704]],[[482548,283949],[-165,312]],[[482383,284261],[175,683]],[[482558,284944],[105,250]],[[482663,285194],[66,119]],[[482729,285313],[293,150]],[[483022,285463],[216,-1032]],[[483238,284431],[167,-88]],[[483405,284343],[153,-157]],[[483558,284140],[-50,-101]],[[483390,283936],[204,-279]],[[483970,274222],[-59,-606]],[[486101,274598],[-145,-1397]],[[484104,272177],[-92,80]],[[483851,273038],[119,1184]],[[483970,274222],[-376,9435]],[[483594,283657],[243,-120]],[[485708,283311],[-21,19]],[[489077,282776],[-937,-8707]],[[452610,261664],[297,-335]],[[453908,260462],[71,-125]],[[453966,260285],[-639,-451]],[[453157,260163],[-299,68]],[[452398,260399],[-393,-163]],[[451981,260004],[-164,-90]],[[451670,260200],[-371,127]],[[451247,259702],[-61,-20]],[[450889,259888],[-516,-147]],[[450060,259906],[-262,93]],[[449463,260642],[383,3900]],[[449846,264542],[2686,-473]],[[452426,263531],[142,-1306]],[[455310,257664],[12,163]],[[455172,258797],[-223,97]],[[454881,258977],[-915,1308]],[[453966,260285],[13,52]],[[453979,260337],[-71,125]],[[453908,260462],[-1001,867]],[[452907,261329],[-297,335]],[[452610,261664],[-42,561]],[[452568,262225],[-142,1306]],[[452426,263531],[106,538]],[[452532,264069],[3449,-719]],[[455838,262022],[76,-23]],[[457140,260937],[-11,-95]],[[456798,257702],[-19,-201]],[[455775,256996],[-465,668]],[[455310,257664],[604,4335]],[[455914,261999],[-76,23]],[[455838,262022],[143,1328]],[[455981,263350],[1297,-1078]],[[457239,261507],[-25,-46]],[[456791,257642],[7,60]],[[456798,257702],[331,3140]],[[457129,260842],[11,95]],[[457140,260937],[74,524]],[[457214,261461],[25,46]],[[457239,261507],[39,765]],[[457278,262272],[416,-90]],[[460367,259682],[8,82]],[[461771,259339],[-292,-2855]],[[461279,254513],[498,4883]],[[465716,257463],[-2287,-2989]],[[462784,254600],[54,518]],[[457480,263428],[2838,-682]],[[460318,262746],[225,-47]],[[460438,260389],[-71,-707]],[[460367,259682],[-2673,2500]],[[457694,262182],[-214,1246]],[[463052,264125],[690,-149]],[[463219,259065],[-1442,331]],[[461777,259396],[-6,-57]],[[461771,259339],[-1396,425]],[[460375,259764],[63,625]],[[460438,260389],[105,2310]],[[460543,262699],[-27,5]],[[460516,262704],[1641,1415]],[[466382,263426],[-86,-768]],[[466070,260866],[-354,-3403]],[[465716,257463],[-2497,1602]],[[463219,259065],[523,4911]],[[463742,263976],[1775,-379]],[[462425,267158],[503,676]],[[462928,267834],[6,-21]],[[462934,267813],[2288,-733]],[[465222,267080],[167,171]],[[465389,267251],[96,59]],[[465485,267310],[170,47]],[[465655,267357],[47,-136]],[[465702,267221],[125,-49]],[[465827,267172],[378,-357]],[[466205,266815],[170,26]],[[466375,266841],[170,130]],[[466545,266971],[-163,-3545]],[[466382,263426],[-865,171]],[[465517,263597],[-2465,528]],[[463052,264125],[-895,-6]],[[462157,264119],[274,1912]],[[462431,266031],[13,8]],[[462444,266039],[-41,1062]],[[462403,267101],[22,57]],[[468692,266204],[16,-70]],[[468708,266134],[46,-53]],[[468754,266081],[575,-28]],[[469329,266053],[417,-184]],[[468329,257476],[-278,70]],[[467882,257017],[-2003,409]],[[465682,257130],[388,3736]],[[466070,260866],[226,1792]],[[466296,262658],[396,4346]],[[466692,267004],[1908,-780]],[[468600,266224],[92,-20]],[[469843,256929],[-131,-1231]],[[468680,257402],[-351,74]],[[468329,257476],[1417,8393]],[[469746,265869],[97,-29]],[[469843,265840],[135,25]],[[469978,265865],[10,-59]],[[469988,265806],[20,10]],[[470008,265816],[22,2]],[[470030,265818],[66,-37]],[[470096,265781],[114,-122]],[[470210,265659],[53,10]],[[470263,265669],[88,17]],[[470351,265686],[1120,525]],[[471471,266211],[262,-276]],[[471526,261267],[37,-294]],[[471767,260994],[161,-775]],[[471341,259042],[-178,-1579]],[[471892,260392],[-125,602]],[[471767,260994],[-204,-21]],[[471563,260973],[-37,294]],[[471526,261267],[207,4668]],[[471733,265935],[326,-574]],[[472059,265361],[2595,-1218]],[[474654,264143],[-4,-88]],[[474640,264048],[-6,-3660]],[[473028,260464],[-460,-16]],[[471928,260219],[-36,173]],[[471892,260392],[676,56]],[[472568,260448],[460,16]],[[473028,260464],[1606,-76]],[[474634,260388],[0,-288]],[[474903,258885],[-363,-690]],[[474339,257524],[7,-306]],[[473983,255474],[-23,-61]],[[473731,255292],[-148,-47]],[[473158,254796],[-30,-68]],[[473212,254551],[52,-78]],[[473250,254325],[-9,-48]],[[473038,254053],[-99,-82]],[[472919,254010],[-43,-16]],[[472811,253867],[-115,-94]],[[472654,253737],[-2946,554]],[[469665,254569],[178,2360]],[[469843,256929],[1320,534]],[[471163,257463],[178,1579]],[[471341,259042],[587,1177]],[[476199,258736],[-1121,246]],[[474998,258964],[-364,1136]],[[474634,260100],[6,3948]],[[474640,264048],[10,7]],[[474650,264055],[24,293]],[[474674,264348],[12,3]],[[474686,264351],[378,3886]],[[475064,268237],[341,-332]],[[475405,267905],[207,53]],[[475612,267958],[1589,865]],[[477201,268823],[-85,165]],[[477116,268988],[-682,3042]],[[476434,272030],[46,242]],[[476480,272272],[196,1129]],[[476676,273401],[43,283]],[[476719,273684],[1154,1703]],[[477873,275387],[279,2479]],[[478152,277866],[75,-97]],[[478227,277769],[-29,-325]],[[478198,277444],[47,-180]],[[478245,277264],[239,-534]],[[478484,276730],[31,-51]],[[478515,276679],[274,191]],[[478789,276870],[67,218]],[[478856,277088],[92,63]],[[478948,277151],[151,60]],[[479099,277211],[158,-238]],[[479257,276973],[409,-3595]],[[479666,273378],[24,-88]],[[479690,273290],[55,-11]],[[480123,272087],[-66,-643]],[[480284,269442],[-556,-420]],[[479495,267273],[-308,-393]],[[477955,258874],[-677,-185]],[[476758,258609],[-559,127]],[[476199,258736],[2988,8144]],[[479187,266880],[195,245]],[[483914,263012],[-469,-376]],[[480622,263005],[-1240,4120]],[[479382,267125],[113,148]],[[479495,267273],[233,1749]],[[479728,269022],[556,420]],[[480284,269442],[-227,2002]],[[480057,271444],[66,643]],[[480123,272087],[-378,1192]],[[479745,273279],[4166,337]],[[483911,273616],[-60,-578]],[[483851,273038],[161,-781]],[[484012,272257],[166,-180]],[[485153,270940],[38,-154]],[[485178,268082],[14,-445]],[[485296,267626],[-19,-176]],[[486292,257635],[24,205]],[[485298,258265],[-850,751]],[[484479,263466],[-565,-454]],[[483914,263012],[1363,4438]],[[485277,267450],[29,265]],[[487528,266402],[1145,-229]],[[487525,264293],[-658,-769]],[[486101,274598],[2039,-529]],[[488140,274069],[-219,-2009]],[[490279,269109],[4,-105]],[[488983,266111],[-1455,291]],[[487528,266402],[-2222,1313]],[[485306,267715],[-10,-89]],[[485296,267626],[-104,11]],[[485192,267637],[-14,445]],[[485178,268082],[13,2704]],[[485191,270786],[-38,154]],[[485153,270940],[-975,1137]],[[484178,272077],[-74,100]],[[484104,272177],[1852,1024]],[[485956,273201],[145,1397]],[[520983,243494],[-287,-91]],[[514611,247501],[-122,114]],[[514431,247306],[-248,123]],[[513585,250098],[-105,467]],[[512644,251571],[-875,835]],[[511729,252431],[-207,28]],[[510113,253421],[-76,46]],[[508764,255105],[58,-75]],[[503906,256315],[51,74]],[[504054,256487],[113,-55]],[[504184,256442],[3,-142]],[[497490,266311],[67,66]],[[495721,272700],[218,198]],[[496372,272822],[410,3868]],[[498571,276460],[50,-119]],[[498315,272820],[7317,8]],[[507852,276684],[-53,6]],[[507778,276753],[-58,61]],[[507693,276806],[-10,317]],[[518918,284410],[72,-63]],[[518106,271115],[-41,73]],[[517808,271380],[4,62]],[[517775,271438],[-110,-12]],[[517889,269156],[66,-534]],[[496959,278362],[-587,-5540]],[[496372,272822],[-433,76]],[[495939,272898],[-3254,590]],[[490942,267047],[-93,41]],[[490297,268610],[-18,499]],[[490279,269109],[-2358,2951]],[[487921,272060],[4138,6925]],[[450889,259888],[297,-206]],[[451186,259682],[61,20]],[[451247,259702],[52,625]],[[451299,260327],[232,-68]],[[451167,257019],[-2876,2145]],[[448291,259164],[1163,1280]],[[449454,260444],[9,198]],[[449463,260642],[335,-643]],[[449798,259999],[262,-93]],[[450060,259906],[313,-165]],[[450373,259741],[516,147]],[[452398,260399],[460,-168]],[[452858,260231],[299,-68]],[[453157,260163],[170,-329]],[[453327,259834],[1134,-708]],[[454358,258647],[-109,-965]],[[454236,257292],[-70,-167]],[[454105,256343],[-2938,676]],[[451167,257019],[364,3240]],[[451531,260259],[139,-59]],[[451670,260200],[147,-286]],[[451817,259914],[164,90]],[[451981,260004],[24,232]],[[452005,260236],[393,163]],[[453801,253525],[-1859,1127]],[[451810,254926],[8,184]],[[451989,255253],[25,247]],[[452187,256788],[1980,-460]],[[454035,255861],[-10,-122]],[[454358,258647],[103,479]],[[454461,259126],[420,-149]],[[454881,258977],[68,-83]],[[454949,258894],[223,-97]],[[455172,258797],[150,-970]],[[455322,257827],[393,-804]],[[455339,254975],[-90,-963]],[[455302,254004],[-21,-193]],[[454979,252158],[-577,906]],[[454090,253306],[-289,219]],[[453801,253525],[224,2214]],[[454025,255739],[10,122]],[[454035,255861],[132,467]],[[454167,256328],[-62,15]],[[454105,256343],[61,782]],[[454166,257125],[70,167]],[[454236,257292],[13,390]],[[454249,257682],[109,965]],[[459781,249209],[-3256,1079]],[[455963,249339],[-1288,1153]],[[455198,251828],[-219,330]],[[454979,252158],[302,1653]],[[455281,253811],[22,207]],[[457911,253297],[1,-44]],[[458378,252567],[129,-305]],[[461107,252313],[-444,-4093]],[[457798,253430],[113,-133]],[[457911,253297],[-2608,721]],[[455303,254018],[-1,-14]],[[455302,254004],[-53,8]],[[455249,254012],[90,963]],[[455339,254975],[376,2048]],[[455715,257023],[60,-27]],[[455775,256996],[1004,505]],[[456779,257501],[12,141]],[[456791,257642],[4688,-1158]],[[461479,256484],[-210,-2067]],[[462784,254600],[645,-126]],[[463429,254474],[-259,-2437]],[[461060,251859],[47,454]],[[461107,252313],[-2600,-51]],[[458507,252262],[-129,305]],[[458378,252567],[-466,686]],[[457912,253253],[-114,177]],[[457798,253430],[3471,987]],[[461269,254417],[10,96]],[[461279,254513],[1559,605]],[[462838,255118],[-54,-518]],[[463170,252037],[-394,-3622]],[[461007,249097],[-110,837]],[[460855,249974],[205,1885]],[[461060,251859],[2110,178]],[[466771,246598],[-2061,412]],[[462664,247429],[4980,7303]],[[472642,253554],[-65,-63]],[[472598,253329],[-89,-120]],[[472549,253108],[-97,-265]],[[472448,252711],[-129,-330]],[[472472,250344],[32,-4]],[[472535,250190],[-1,-304]],[[472661,249540],[23,-82]],[[472622,249363],[90,-214]],[[472712,249149],[86,-23]],[[472825,249114],[-23,-77]],[[472798,248995],[38,-51]],[[473127,248572],[48,-93]],[[473346,247802],[20,-112]],[[473606,242642],[153,-364]],[[473757,242208],[-3674,658]],[[468834,246150],[-1096,206]],[[467206,246507],[-435,91]],[[466771,246598],[873,8134]],[[467644,254732],[4957,-1209]],[[467882,257017],[169,529]],[[468051,257546],[629,-144]],[[468680,257402],[1032,-1704]],[[469712,255698],[-47,-1129]],[[469665,254569],[43,-278]],[[469708,254291],[-4026,2839]],[[465682,257130],[197,296]],[[465879,257426],[2003,-409]],[[478962,255556],[241,-138]],[[479055,254046],[-352,-1207]],[[477595,250200],[-1,-960]],[[472712,249149],[-90,214]],[[472622,249363],[62,95]],[[472684,249458],[-23,82]],[[472661,249540],[-127,346]],[[472534,249886],[1,304]],[[472535,250190],[-31,150]],[[472504,250340],[-32,4]],[[472472,250344],[-153,2037]],[[472319,252381],[129,330]],[[472448,252711],[4,132]],[[472452,252843],[97,265]],[[472549,253108],[-40,101]],[[472509,253209],[89,120]],[[472598,253329],[-21,162]],[[472577,253491],[65,63]],[[472642,253554],[-41,-31]],[[472601,253523],[53,214]],[[472654,253737],[42,36]],[[472696,253773],[115,94]],[[472811,253867],[65,127]],[[472876,253994],[43,16]],[[472919,254010],[20,-39]],[[472939,253971],[99,82]],[[473038,254053],[203,224]],[[473241,254277],[9,48]],[[473250,254325],[14,148]],[[473264,254473],[-52,78]],[[473212,254551],[-84,177]],[[473128,254728],[30,68]],[[473158,254796],[425,449]],[[473583,255245],[148,47]],[[473731,255292],[229,121]],[[473960,255413],[23,61]],[[473983,255474],[363,1744]],[[474346,257218],[-7,306]],[[474339,257524],[201,671]],[[474540,258195],[363,690]],[[474903,258885],[95,79]],[[474998,258964],[80,18]],[[475078,258982],[1680,-373]],[[476758,258609],[520,80]],[[477278,258689],[141,175]],[[480105,255039],[-612,344]],[[479432,255287],[-470,269]],[[478962,255556],[-1543,3308]],[[477419,258864],[536,10]],[[477955,258874],[2667,4131]],[[480622,263005],[2823,-369]],[[483445,262636],[1034,830]],[[484479,263466],[-31,-4450]],[[484448,259016],[-862,756]],[[482862,258836],[-67,-1792]],[[485092,256650],[1200,985]],[[486292,257635],[922,-328]],[[487975,257150],[-79,-703]],[[488605,256185],[-76,-163]],[[485000,254075],[-12,2]],[[484848,254909],[-666,1177]],[[484988,254077],[-240,50]],[[484953,253002],[45,-104]],[[479779,252919],[-136,78]],[[479486,252977],[-142,-143]],[[479210,252831],[-155,1215]],[[479055,254046],[148,1372]],[[479203,255418],[229,-131]],[[479432,255287],[61,96]],[[479493,255383],[612,-344]],[[480105,255039],[2690,2005]],[[482795,257044],[67,1792]],[[482862,258836],[724,936]],[[483586,259772],[1712,-1507]],[[485298,258265],[1018,-425]],[[486316,257840],[-1224,-1190]],[[485092,256650],[-910,-564]],[[484182,256086],[666,-1177]],[[484848,254909],[140,-832]],[[480417,241198],[335,608]],[[480435,246492],[-237,-92]],[[479683,252969],[96,-50]],[[479779,252919],[5219,-21]],[[484998,252898],[42,-106]],[[487475,248053],[16,-132]],[[487317,247675],[-110,-278]],[[487956,237182],[431,-229]],[[483084,234524],[-1304,577]],[[478208,237306],[2619,3706]],[[488232,242825],[-1025,4572]],[[487207,247397],[110,278]],[[487317,247675],[174,246]],[[487491,247921],[-38,313]],[[487545,248910],[349,90]],[[494204,239590],[-330,185]],[[491455,244608],[-12,136]],[[491434,245070],[264,63]],[[492192,245520],[284,-207]],[[496354,245182],[-6,-902]],[[497436,243386],[598,-304]],[[497378,242354],[-118,-1056]],[[491524,245142],[-90,-72]],[[491434,245070],[9,-326]],[[491443,244744],[12,-136]],[[491455,244608],[2419,-4833]],[[493874,239775],[-334,-709]],[[489621,236299],[-1665,883]],[[487956,237182],[276,5643]],[[488232,242825],[872,5939]],[[489104,248764],[286,86]],[[454090,253306],[312,-242]],[[454402,253064],[796,-1236]],[[455198,251828],[-523,-1336]],[[454675,250492],[-585,2814]],[[452633,250930],[2042,-438]],[[454675,250492],[-2499,-3751]],[[455963,249339],[562,949]],[[456525,250288],[3017,-925]],[[459093,245248],[-1344,295]],[[457707,245536],[-875,189]],[[456918,246503],[-1116,238]],[[454846,247469],[1117,1870]],[[456941,239882],[-735,160]],[[456779,245737],[928,-201]],[[457707,245536],[42,7]],[[457749,245543],[2580,-564]],[[460329,244909],[-448,-3977]],[[460855,249974],[42,-40]],[[460897,249934],[110,-837]],[[461007,249097],[1769,-682]],[[462776,248415],[-112,-986]],[[462664,247429],[2046,-419]],[[464420,244134],[-4091,845]],[[460329,244979],[-1236,269]],[[459093,245248],[449,4115]],[[459542,249363],[239,-154]],[[459781,249209],[882,-989]],[[460663,248220],[192,1754]],[[460329,244909],[0,70]],[[460329,244979],[3130,-637]],[[462817,241524],[-761,165]],[[460816,238959],[-277,110]],[[459692,239246],[189,1686]],[[459881,240932],[448,3977]],[[467206,246507],[532,-151]],[[467738,246356],[137,-25]],[[467285,241514],[-465,514]],[[466624,240693],[-3807,831]],[[462817,241524],[642,2818]],[[463459,244342],[961,-208]],[[464420,244134],[290,2876]],[[464710,247010],[2496,-503]],[[466062,234983],[-519,109]],[[465399,235123],[-3071,675]],[[461661,238127],[395,3562]],[[462056,241689],[4531,-988]],[[473897,241276],[-27,-282]],[[473925,240851],[48,-141]],[[474201,240206],[11,-52]],[[474370,239888],[50,-48]],[[475289,239272],[-8004,2242]],[[467285,241514],[590,4817]],[[467875,246331],[959,-181]],[[468834,246150],[1249,-3284]],[[470083,242866],[3647,-1036]],[[471642,238120],[-384,-421]],[[468954,234358],[-2892,625]],[[466062,234983],[525,5718]],[[466587,240701],[37,-8]],[[466624,240693],[196,1335]],[[466820,242028],[4474,-2340]],[[468519,230928],[-288,59]],[[467071,230181],[-103,-1156]],[[465741,229272],[-2484,4240]],[[463350,235577],[2049,-454]],[[465399,235123],[144,-31]],[[465543,235092],[3244,-697]],[[472482,230530],[-47,-238]],[[466144,223057],[146,266]],[[466595,225758],[476,4423]],[[467071,230181],[1160,806]],[[468231,230987],[643,-134]],[[471258,237699],[384,421]],[[471642,238120],[-348,1568]],[[471294,239688],[1287,-254]],[[472728,234151],[-346,-2596]],[[472478,230652],[4,-122]],[[472482,230530],[-3608,323]],[[468874,230853],[-355,75]],[[468519,230928],[268,3467]],[[468787,234395],[167,-37]],[[468954,234358],[2304,3341]],[[472554,213092],[-4410,960]],[[467494,214697],[-658,3184]],[[465720,222262],[424,795]],[[466144,223057],[6291,7235]],[[472435,230292],[43,360]],[[472478,230652],[-96,903]],[[472382,231555],[346,2596]],[[472728,234151],[-147,5283]],[[472581,239434],[2692,-592]],[[475339,238852],[-33,-193]],[[475612,238364],[50,-168]],[[475638,238114],[142,-343]],[[476028,237273],[38,-173]],[[476154,236921],[298,-345]],[[476592,236530],[279,-360]],[[476924,235510],[-23,-324]],[[476776,234757],[35,-1151]],[[476823,233146],[23,-178]],[[477092,231858],[0,-80]],[[478933,226525],[-581,-4494]],[[478343,221727],[47,-1169]],[[478378,220148],[-495,-5241]],[[479219,229004],[-286,-2479]],[[478933,226525],[-1841,5253]],[[477092,231778],[0,80]],[[477092,231858],[-246,1110]],[[476846,232968],[-23,178]],[[476823,233146],[-12,460]],[[476811,233606],[41,253]],[[476403,236634],[-249,287]],[[476154,236921],[-88,179]],[[476066,237100],[-38,173]],[[476028,237273],[-248,498]],[[475780,237771],[-142,343]],[[475638,238114],[24,82]],[[475662,238196],[-50,168]],[[475612,238364],[-306,295]],[[475306,238659],[33,193]],[[475339,238852],[-66,-10]],[[475273,238842],[16,430]],[[475289,239272],[-869,568]],[[474420,239840],[-50,48]],[[474370,239888],[-158,266]],[[474212,240154],[-11,52]],[[474201,240206],[-228,504]],[[473973,240710],[-48,141]],[[473925,240851],[-55,143]],[[473870,240994],[27,282]],[[473897,241276],[-167,554]],[[473730,241830],[27,378]],[[473757,242208],[2,70]],[[473759,242278],[-20,99]],[[476788,245388],[113,417]],[[477161,246211],[133,-284]],[[479604,246045],[339,249]],[[479954,246307],[481,185]],[[480435,246492],[317,-4686]],[[480752,241806],[-335,-608]],[[480417,241198],[410,-186]],[[480827,241012],[-2785,-2632]],[[473739,242377],[-133,265]],[[473606,242642],[-240,5048]],[[473366,247690],[-20,112]],[[473346,247802],[-171,677]],[[473175,248479],[-48,93]],[[473127,248572],[-291,372]],[[472836,248944],[-38,51]],[[472798,248995],[4,42]],[[472802,249037],[23,77]],[[472825,249114],[-27,12]],[[472798,249126],[-86,23]],[[472712,249149],[4882,91]],[[477594,249240],[1,-2002]],[[476928,246711],[233,-500]],[[477161,246211],[-260,-406]],[[476901,245805],[-113,-417]],[[476788,245388],[-3049,-3011]],[[477294,245927],[-366,784]],[[476928,246711],[667,527]],[[477595,247238],[0,2962]],[[477595,250200],[1108,2639]],[[478703,252839],[507,-8]],[[479210,252831],[134,3]],[[479344,252834],[142,143]],[[479486,252977],[157,20]],[[479643,252997],[40,-28]],[[479683,252969],[515,-6569]],[[480198,246400],[-244,-93]],[[479954,246307],[-11,-13]],[[479943,246294],[-339,-249]],[[479604,246045],[-2310,-118]],[[451989,255253],[-171,-143]],[[451818,255110],[-8,-184]],[[451810,254926],[132,-274]],[[451942,254652],[-1882,444]],[[450060,255096],[-1068,864]],[[448992,255960],[147,1532]],[[449139,257492],[3048,-704]],[[452187,256788],[-173,-1288]],[[452014,255500],[-25,-247]],[[449657,252308],[-116,324]],[[449245,252368],[-255,-172]],[[448920,252221],[-197,-117]],[[447965,251496],[-986,3679]],[[447269,255785],[682,433]],[[448098,255889],[295,131]],[[448472,256105],[394,-542]],[[448866,255563],[102,165]],[[448968,255728],[1092,-632]],[[450549,251642],[-227,49]],[[449824,251839],[-167,469]],[[449657,252308],[403,2788]],[[450060,255096],[529,-3726]],[[449245,252368],[296,264]],[[449541,252632],[937,-2614]],[[449135,248608],[-1170,2888]],[[447965,251496],[758,608]],[[448723,252104],[197,117]],[[448920,252221],[70,-25]],[[448990,252196],[255,172]],[[450589,251370],[2044,-440]],[[452633,250930],[-457,-4189]],[[452176,246741],[-700,461]],[[450928,249081],[-1104,2758]],[[449824,251839],[498,-148]],[[450322,251691],[227,-49]],[[450549,251642],[40,-272]],[[450013,240489],[-878,8119]],[[449135,248608],[1343,1410]],[[450478,250018],[450,-937]],[[450928,249081],[548,-1879]],[[451476,247202],[223,-1379]],[[451700,244595],[-84,-854]],[[451334,241081],[-140,29]],[[453511,240513],[-1033,220]],[[452353,240869],[-1019,212]],[[451334,241081],[282,2660]],[[451616,243741],[84,854]],[[451700,244595],[-1,1228]],[[451699,245823],[2014,596]],[[453541,245003],[-135,-1412]],[[453511,240513],[1139,-141]],[[454881,239300],[331,-1257]],[[453477,238347],[-60,-457]],[[453350,237733],[-243,53]],[[450238,238012],[-225,2477]],[[450013,240489],[1181,621]],[[451194,241110],[1159,-241]],[[452353,240869],[125,-136]],[[452478,240733],[1033,-220]],[[456941,239882],[2751,-636]],[[459692,239246],[-244,-2174]],[[457402,237505],[8,75]],[[455201,238072],[-320,1228]],[[454881,239300],[-231,1072]],[[454650,240372],[2291,-490]],[[455212,238043],[-11,29]],[[455201,238072],[2209,-492]],[[457410,237580],[-226,-2107]],[[456817,235565],[-791,141]],[[454239,236355],[-18,-168]],[[453289,237745],[61,-12]],[[453350,237733],[67,157]],[[453417,237890],[60,457]],[[453477,238347],[1735,-304]],[[451965,234810],[-1727,3202]],[[450238,238012],[2869,-226]],[[453107,237786],[182,-41]],[[453289,237745],[932,-1558]],[[454221,236187],[-10,-111]],[[454006,234974],[-739,-380]],[[457402,237505],[2046,-433]],[[459448,237072],[795,-2261]],[[461112,233142],[-579,123]],[[456860,232435],[2,24]],[[453834,233504],[172,1470]],[[454006,234974],[205,1102]],[[454211,236076],[28,279]],[[454239,236355],[1787,-649]],[[456026,235706],[791,-141]],[[456817,235565],[367,-92]],[[457184,235473],[218,2032]],[[451965,234810],[1302,-216]],[[453267,234594],[567,-1090]],[[453834,233504],[3028,-1045]],[[456862,232459],[-4897,2351]],[[458483,228234],[-1623,4201]],[[456860,232435],[3673,830]],[[460533,233265],[-800,-2704]],[[462441,220382],[-3958,7852]],[[458483,228234],[1250,2327]],[[459733,230561],[6008,-1289]],[[465741,229272],[1227,-247]],[[466968,229025],[-373,-3267]],[[466595,225758],[-305,-2435]],[[466290,223323],[-1732,-2711]],[[464823,213247],[-2382,7135]],[[462441,220382],[2117,230]],[[464558,220612],[1162,1650]],[[465720,222262],[1116,-4381]],[[466836,217881],[147,-743]],[[465877,213769],[-453,-130]],[[467494,214697],[650,-645]],[[468144,214052],[114,-29]],[[467403,211064],[8,-180]],[[464522,210572],[301,2675]],[[464823,213247],[601,392]],[[465424,213639],[453,130]],[[465877,213769],[1106,3369]],[[466983,217138],[511,-2441]],[[464462,201884],[60,8688]],[[464522,210572],[2889,312]],[[467411,210884],[69,-1151]],[[468910,205882],[-3138,-3834]],[[465209,188025],[-22,-17]],[[461743,195396],[2719,6488]],[[464462,201884],[1310,164]],[[465772,202048],[597,709]],[[467678,202474],[1413,-304]],[[468910,192897],[-150,-563]],[[467678,202474],[-1309,283]],[[466369,202757],[2021,2377]],[[471128,202384],[-417,-970]],[[470145,199888],[-1054,2282]],[[469091,202170],[-1413,304]],[[471750,203002],[-36,10]],[[471254,202677],[-126,-293]],[[471128,202384],[-2738,2750]],[[468390,205134],[520,748]],[[468910,205882],[-1430,3851]],[[467480,209733],[-77,1331]],[[467403,211064],[855,2959]],[[468258,214023],[5230,-1135]],[[472477,204264],[-648,138]],[[459692,239246],[847,-177]],[[460539,239069],[277,-110]],[[460816,238959],[845,-832]],[[461661,238127],[667,-2329]],[[462328,235798],[1022,-221]],[[463350,235577],[-93,-2065]],[[463257,233512],[-2145,-370]],[[461112,233142],[-869,1669]],[[460243,234811],[-551,4435]],[[456918,246503],[-86,-778]],[[456832,245725],[-53,12]],[[456779,245737],[-573,-5695]],[[456206,240042],[-1556,330]],[[454650,240372],[-1244,3219]],[[453406,243591],[135,1412]],[[453541,245003],[172,1416]],[[453713,246419],[1133,1050]],[[454846,247469],[956,-728]],[[455802,246741],[1116,-238]],[[444841,258409],[361,1356]],[[444273,261392],[911,-857]],[[445184,260535],[1813,-258]],[[446997,260277],[511,260]],[[447508,260537],[-89,-145]],[[447419,260392],[67,-360]],[[447486,260032],[165,-300]],[[447651,259732],[-1172,-1217]],[[446479,258515],[722,606]],[[447201,259121],[328,-1432]],[[447529,257689],[141,-476]],[[447670,257213],[679,-471]],[[448349,256742],[123,-637]],[[448472,256105],[-79,-85]],[[448393,256020],[-295,-131]],[[448098,255889],[-147,329]],[[447951,256218],[-682,-433]],[[447269,255785],[-290,-610]],[[446979,255175],[-2566,2237]],[[444735,258010],[106,399]],[[444841,258409],[1638,106]],[[444273,261392],[929,-1627]],[[445202,259765],[-467,-1755]],[[444735,258010],[-322,-598]],[[444413,257412],[-4950,960]],[[439463,258372],[804,3591]],[[440267,261963],[1654,560]],[[441921,262523],[28,-153]],[[441949,262370],[1907,-562]],[[443856,261808],[417,-416]],[[390681,232816],[-5845,1140]],[[384803,233977],[-2891,565]],[[378390,235267],[70,578]],[[387546,253320],[63,162]],[[389818,253275],[7004,-1359]],[[396822,251916],[3196,-9246]],[[400018,242670],[5133,-943]],[[405151,241727],[-3629,-8271]],[[401522,233456],[-7979,-7059]],[[390681,232816],[2862,-6419]],[[393543,226397],[6844,5876]],[[400387,232273],[4462,-5786]],[[404849,226487],[-21108,-13907]],[[377232,215107],[334,3065]],[[378105,232399],[285,2868]],[[378390,235267],[3522,-725]],[[381912,234542],[2891,-565]],[[384803,233977],[33,-21]],[[384836,233956],[5845,-1140]],[[373208,208155],[-968,421]],[[368726,205560],[225,2084]],[[378275,248357],[492,-203]],[[380144,248251],[-1684,-12406]],[[378460,235845],[-355,-3446]],[[378105,232399],[-539,-14227]],[[377566,218172],[-948,-8602]],[[383741,212580],[-4280,-6219]],[[376546,208928],[686,6179]],[[377232,215107],[6509,-2527]],[[378341,201309],[-865,202]],[[373237,208142],[-29,13]],[[373208,208155],[3410,1415]],[[376618,209570],[-72,-642]],[[376546,208928],[2915,-2567]],[[379461,206361],[-564,-5159]],[[368742,185935],[-474,-106]],[[366641,185749],[424,4391]],[[371945,196564],[48,330]],[[371976,197075],[66,448]],[[372664,198129],[277,169]],[[374002,198276],[101,163]],[[374130,198674],[93,184]],[[374261,198931],[616,79]],[[375082,198857],[100,-378]],[[375234,198348],[24,-761]],[[374932,197164],[32,-522]],[[375471,195079],[451,-784]],[[376052,194400],[337,571]],[[376598,195119],[654,37]],[[379836,191763],[82,-632]],[[379743,190832],[-537,109]],[[378860,190424],[556,-1509]],[[382080,188428],[157,-1302]],[[383139,185531],[296,-864]],[[383678,184222],[304,-69]],[[385852,184099],[20,-2]],[[378516,170464],[-3052,645]],[[370801,166303],[-8076,1656]],[[366386,183496],[255,2253]],[[366641,185749],[1627,80]],[[368268,185829],[474,106]],[[368742,185935],[10674,2980]],[[379416,188915],[-556,1509]],[[378860,190424],[346,517]],[[379206,190941],[537,-109]],[[379743,190832],[89,-71]],[[379832,190761],[35,-214]],[[377476,201511],[865,-202]],[[375976,199597],[-1287,324]],[[374586,199002],[-325,-71]],[[374261,198931],[-38,-73]],[[374223,198858],[-93,-184]],[[374130,198674],[-27,-235]],[[374103,198439],[-101,-163]],[[374002,198276],[-1061,22]],[[372941,198298],[-277,-169]],[[372664,198129],[-622,-606]],[[372042,197523],[-66,-448]],[[371976,197075],[17,-181]],[[371993,196894],[-190,-403]],[[371647,196450],[-202,56]],[[371397,196649],[-32,1618]],[[371345,198312],[-321,320]],[[369219,198541],[-327,411]],[[364843,199707],[-158,-243]],[[364184,198673],[-152,95]],[[360163,198608],[-116,32]],[[350991,207529],[4,496]],[[349883,214535],[313,-585]],[[368677,205089],[49,471]],[[368726,205560],[3514,3016]],[[372240,208576],[997,-434]],[[373237,208142],[4239,-6631]],[[382155,187711],[-75,717]],[[382080,188428],[-2213,2119]],[[379867,190547],[-35,214]],[[379832,190761],[86,370]],[[379918,191131],[-21,452]],[[380623,193963],[-197,727]],[[380959,198533],[3603,-1619]],[[384342,195468],[-353,-3225]],[[375976,199597],[2365,1712]],[[378341,201309],[556,-107]],[[378897,201202],[2062,-2669]],[[380959,198533],[-533,-3843]],[[380426,194690],[197,-727]],[[380623,193963],[-726,-2380]],[[379897,191583],[-61,180]],[[379836,191763],[-2584,3393]],[[377252,195156],[-654,-37]],[[376598,195119],[-209,-148]],[[376389,194971],[-337,-571]],[[376052,194400],[-130,-105]],[[375922,194295],[-451,784]],[[375471,195079],[-507,1563]],[[374964,196642],[-32,522]],[[374932,197164],[326,423]],[[375258,197587],[-24,761]],[[375234,198348],[-52,131]],[[375182,198479],[-100,378]],[[375082,198857],[-205,153]],[[374877,199010],[-291,-8]],[[374586,199002],[103,919]],[[374689,199921],[1287,-324]],[[367065,190140],[-130,-1324]],[[363618,189097],[-188,-74]],[[363203,188986],[-254,-245]],[[362691,188596],[-163,-31]],[[352722,192121],[-4058,819]],[[350991,207529],[9056,-8889]],[[360047,198640],[116,-32]],[[360163,198608],[3869,160]],[[364032,198768],[152,-95]],[[364184,198673],[501,791]],[[364685,199464],[158,243]],[[364843,199707],[4049,-755]],[[368892,198952],[327,-411]],[[369219,198541],[1805,91]],[[371024,198632],[321,-320]],[[371345,198312],[20,-45]],[[371365,198267],[32,-1618]],[[371397,196649],[48,-143]],[[371445,196506],[202,-56]],[[371647,196450],[156,41]],[[371803,196491],[142,73]],[[371945,196564],[-4880,-6424]],[[403640,174916],[-2189,1478]],[[390859,182821],[214,312]],[[392829,183623],[345,242]],[[393588,184624],[-66,68]],[[394635,187105],[488,2412]],[[394735,195649],[9852,5178]],[[411308,194156],[-593,-5411]],[[410715,188745],[593,5411]],[[411308,194156],[-6721,6671]],[[404587,200827],[10637,-13035]],[[394635,187105],[-1113,-2413]],[[393522,184692],[-51,46]],[[386976,181342],[-83,-108]],[[386126,184187],[-274,-88]],[[385852,184099],[-1870,54]],[[383982,184153],[-304,69]],[[383678,184222],[-243,445]],[[383435,184667],[-296,864]],[[383139,185531],[-902,1595]],[[382237,187126],[-82,585]],[[382155,187711],[1834,4532]],[[383989,192243],[353,3225]],[[384342,195468],[220,1446]],[[384562,196914],[10173,-1265]],[[394735,195649],[388,-6132]],[[395123,189517],[-488,-2412]],[[413716,177227],[1222,3426],[2615,-1139],[-1483,-1598],[-2354,-689]],[[415727,179054],[-140,122],[-38,110],[391,-164],[-213,-68]],[[403892,174751],[-252,165]],[[403640,174916],[7075,13829]],[[410715,188745],[4509,-953]],[[415224,187792],[-12081,-15155]],[[413574,176538],[-220,-287],[-292,231],[488,347],[24,-291]],[[410372,174840],[76,117],[48,-141],[-62,-14],[-62,38]],[[395538,175534],[5913,860]],[[401451,176394],[2441,-1643]],[[403892,174751],[-749,-2114]],[[403143,172637],[-8538,-789]],[[380665,170015],[-2149,449]],[[378516,170464],[7356,13633]],[[385872,184097],[254,90]],[[386126,184187],[767,-2953]],[[386893,181234],[83,108]],[[386976,181342],[6495,3396]],[[393471,184738],[117,-114]],[[393588,184624],[-414,-759]],[[393174,183865],[-345,-242]],[[392829,183623],[-1756,-490]],[[391073,183133],[-214,-312]],[[390859,182821],[4679,-7287]],[[395538,175534],[-933,-3686]],[[394605,171848],[-13621,-3666]],[[362658,167974],[8143,-1671]],[[370801,166303],[4663,4806]],[[375464,171109],[5201,-1094]],[[380665,170015],[319,-1833]],[[380984,168182],[-16223,-19053]],[[348884,147539],[1454,2251]],[[351167,162058],[128,1534]],[[359782,160814],[4979,-11685]],[[364761,149129],[-10997,-7636]],[[347360,145181],[1524,2358]],[[348884,147539],[4880,-6046]],[[353764,141493],[-15326,-15620]],[[333508,130416],[63,98]],[[337479,135648],[959,-9775]],[[338438,125873],[-5303,-12237]],[[292372,86220],[114,-23]],[[301697,94110],[54,248]],[[309335,92073],[171,-328]],[[310120,87034],[-26278,-27142]],[[310120,87034],[-614,4711]],[[309506,91745],[-30,57]],[[312147,101465],[-163,255]],[[310434,105140],[35,19]],[[319561,116151],[13574,-2515]],[[333135,113636],[-23015,-26602]],[[333508,130416],[-10513,-5908]],[[323999,157548],[4114,-1146]],[[342070,142922],[-4591,-7274]],[[337479,135648],[-3908,-5134]],[[333571,130514],[-63,-98]],[[310365,105098],[69,42]],[[310434,105140],[1550,-3420]],[[311984,101720],[134,-196]],[[306748,120969],[42,-67]],[[299292,131688],[4726,-978]],[[310277,133267],[13,-78]],[[309147,127803],[77,-143]],[[309284,127130],[0,-170]],[[309231,121533],[84,-349]],[[308016,121437],[62,-242]],[[307780,121599],[-134,-270]],[[275325,86074],[-41,-214]],[[275225,85827],[-96,-85]],[[274078,86134],[-77,148]],[[273835,86660],[-48,62]],[[273794,86835],[-25,271]],[[274280,105904],[-108,188]],[[298847,115308],[84,332]],[[301778,94428],[-81,-318]],[[301697,94110],[-9211,-7913]],[[292486,86197],[-185,44]],[[263433,92011],[19,-17]],[[267898,82009],[12,-300]],[[268077,78828],[-21343,7356]],[[255431,95604],[1386,-200]],[[257100,76242],[0,108],[93,-45],[-36,-68],[-57,5]],[[268077,78828],[-167,2881]],[[267910,81709],[-12,300]],[[267898,82009],[-4446,9985]],[[263452,91994],[-150,132]],[[274120,106184],[160,-280]],[[274280,105904],[-511,-18798]],[[273769,87106],[25,-271]],[[273794,86835],[-7,-113]],[[273787,86722],[48,-62]],[[273835,86660],[166,-378]],[[274001,86282],[77,-148]],[[274078,86134],[1051,-392]],[[275129,85742],[96,85]],[[275225,85827],[59,33]],[[275284,85860],[41,214]],[[275325,86074],[16976,167]],[[292301,86241],[71,-21]],[[292372,86220],[-8530,-26328]],[[283842,59892],[-15765,18936]],[[272452,74009],[-7,83],[41,-2],[-4,-57],[-30,-24]],[[298944,115708],[-97,-400]],[[298847,115308],[-24675,-9216]],[[274172,106092],[-52,92]],[[274120,106184],[-10818,-14058]],[[263302,92126],[131,-115]],[[263433,92011],[-6616,3393]],[[256817,95404],[-1220,174]],[[257035,102374],[-34,266]],[[256998,103323],[-117,298]],[[254229,116937],[-39,130]],[[266112,114770],[-758,1047]],[[265953,129495],[207,385]],[[266332,129948],[756,510]],[[362528,188565],[163,31]],[[362691,188596],[258,145]],[[362949,188741],[254,245]],[[363203,188986],[227,37]],[[363430,189023],[188,74]],[[363618,189097],[3317,-281]],[[366935,188816],[-549,-5320]],[[366386,183496],[-3661,-15537]],[[362725,167959],[-67,15]],[[362658,167974],[-2876,-7160]],[[359782,160814],[-8487,2778]],[[351295,163592],[-114,-1372]],[[346122,193437],[6600,-1316]],[[352722,192121],[9806,-3556]],[[339503,194781],[6619,-1344]],[[346122,193437],[5059,-31217]],[[351181,162220],[-14,-162]],[[351167,162058],[-829,-12268]],[[350338,149790],[-2978,-4609]],[[347360,145181],[-5290,-2259]],[[342070,142922],[-13957,13480]],[[328113,156402],[64,781]],[[313439,169733],[-217,-78]],[[309356,176342],[793,-166]],[[313334,203125],[-243,1503]],[[312779,150954],[-24,-86]],[[312551,150091],[-39,-130]],[[310568,145889],[-76,-55]],[[313516,169734],[-77,-1]],[[313439,169733],[14738,-12550]],[[328177,157183],[-8282,1207]],[[319561,116151],[-2725,-3335]],[[309607,120041],[-292,1143]],[[309315,121184],[-84,349]],[[309231,121533],[53,5427]],[[309284,126960],[0,170]],[[309284,127130],[-60,530]],[[309224,127660],[-77,143]],[[309147,127803],[1143,5386]],[[310290,133189],[-82,318]],[[310484,145762],[8,72]],[[310492,145834],[76,55]],[[310568,145889],[1944,4072]],[[312512,149961],[39,130]],[[312551,150091],[204,777]],[[312755,150868],[24,86]],[[312779,150954],[7116,7436]],[[319895,158390],[4104,-842]],[[323999,157548],[-1004,-33040]],[[322995,124508],[-3434,-8357]],[[308363,176551],[993,-209]],[[309356,176342],[3866,-6687]],[[313222,169655],[294,79]],[[313516,169734],[-4243,-13447]],[[299292,131688],[7498,-10786]],[[306790,120902],[-42,67]],[[306748,120969],[898,360]],[[307646,121329],[134,270]],[[307780,121599],[298,-404]],[[308078,121195],[-62,242]],[[308016,121437],[1591,-1396]],[[309607,120041],[7229,-7225]],[[316836,112816],[-6367,-7657]],[[310469,105159],[-104,-61]],[[310365,105098],[1753,-3574]],[[312118,101524],[29,-59]],[[312147,101465],[-2671,-9663]],[[309476,91802],[-141,271]],[[309335,92073],[-7584,2285]],[[301751,94358],[27,70]],[[301778,94428],[-2847,21212]],[[298931,115640],[13,68]],[[298944,115708],[-30770,14295]],[[267930,132082],[-1077,1746]],[[296037,185003],[1976,-1364]],[[311348,182428],[-1199,-6252]],[[310149,176176],[-1786,375]],[[308363,176551],[910,-20264]],[[309273,156287],[1211,-10525]],[[310484,145762],[-276,-12255]],[[310208,133507],[69,-240]],[[310277,133267],[-6259,-2557]],[[304018,130710],[-4726,978]],[[286719,164985],[173,-1509]],[[292626,170213],[-56,292]],[[292554,170505],[-132,-170]],[[290831,167624],[-70,-51]],[[289550,167325],[-180,-209]],[[289260,166192],[159,-172]],[[283823,171329],[-444,-4338]],[[286892,163476],[-166,1436]],[[289915,165241],[66,46]],[[289663,165794],[-244,226]],[[289419,166020],[-159,172]],[[289260,166192],[110,924]],[[289370,167116],[180,209]],[[289550,167325],[1211,248]],[[290761,167573],[70,51]],[[290831,167624],[1591,2711]],[[292422,170335],[132,170]],[[292554,170505],[16,0]],[[292570,170505],[56,-292]],[[292626,170213],[-5734,-6737]],[[296037,185003],[-14857,24328]],[[291439,209323],[287,408]],[[293211,211476],[608,626]],[[308728,213477],[263,2417]],[[311442,214821],[1892,-11696]],[[313334,203125],[-1986,-20697]],[[311348,182428],[-13335,1211]],[[298013,183639],[-1976,1364]],[[289663,165794],[318,-507]],[[289981,165287],[-66,-46]],[[289915,165241],[-3189,-329]],[[286726,164912],[-7,73]],[[286719,164985],[-3340,2006]],[[283379,166991],[444,4338]],[[283823,171329],[5840,-5535]],[[256728,225928],[935,-61]],[[281180,209331],[-17856,-71096]],[[237669,172656],[275,2791]],[[238164,178776],[-118,111]],[[236644,183358],[-1075,191]],[[231594,193027],[-91,71]],[[229035,214597],[136,206]],[[230048,216270],[-143,25]],[[236047,221960],[1795,-366]],[[242815,212013],[1801,-382]],[[221749,173034],[-129,-56]],[[215819,170256],[-2,-287]],[[213830,188601],[638,2]],[[224381,175988],[-500,-1782]],[[202644,151208],[-138,-13]],[[198484,153259],[-146,187]],[[198294,153461],[-71,2]],[[198076,153293],[-97,-14]],[[196517,152984],[-164,136]],[[194746,154483],[-629,272]],[[192692,156673],[-142,57]],[[184138,158518],[-125,553]],[[184054,159245],[91,63]],[[184682,158980],[-121,437]],[[184822,160785],[47,1106]],[[185262,161899],[463,-61]],[[185890,161945],[198,743]],[[186085,162841],[268,581]],[[186369,163518],[-126,653]],[[186033,165121],[883,-1482]],[[187015,163692],[51,-114]],[[187050,163213],[110,22]],[[187198,163252],[80,256]],[[187704,163731],[187,288]],[[188218,164413],[-333,427]],[[190900,181017],[1012,48]],[[193032,191231],[-147,35]],[[180040,200268],[28,-6]],[[179502,209354],[442,363]],[[187004,214840],[2,-48]],[[186898,214328],[-78,-142]],[[186870,213835],[-267,-281]],[[186497,213791],[-179,-48]],[[187290,210577],[42,-85]],[[221453,216345],[4041,-807]],[[229140,214758],[-105,-161]],[[229035,214597],[2468,-21499]],[[231503,193098],[91,-71]],[[231594,193027],[3975,-9478]],[[235569,183549],[-29,5]],[[221436,146534],[-339,-2940]],[[209899,146134],[-790,165]],[[215817,169969],[2,287]],[[215819,170256],[5801,2722]],[[221620,172978],[129,56]],[[221749,173034],[2132,1172]],[[223881,174206],[500,1782]],[[224381,175988],[-9913,12615]],[[214468,188603],[-638,-2]],[[213830,188601],[1987,-18632]],[[237669,172656],[25655,-34421]],[[263324,138235],[3529,-4407]],[[266853,133828],[1077,-1746]],[[267930,132082],[244,-2079]],[[268174,130003],[-1086,455]],[[267088,130458],[-756,-510]],[[266332,129948],[-172,-68]],[[266160,129880],[-207,-385]],[[265953,129495],[-599,-13678]],[[265354,115817],[758,-1047]],[[266112,114770],[-11922,2297]],[[254190,117067],[-21,22]],[[245995,127515],[357,160]],[[229908,141890],[-2000,390]],[[226372,143888],[-197,-321]],[[225613,140473],[-384,-562]],[[223674,140066],[-415,-285]],[[223111,139752],[-113,587]],[[221966,143279],[-530,3255]],[[221436,146534],[14104,37020]],[[235540,183554],[1104,-196]],[[236644,183358],[1402,-4471]],[[238046,178887],[118,-111]],[[238164,178776],[-220,-3329]],[[237944,175447],[-275,-2791]],[[246352,127675],[-714,-321]],[[229717,141929],[191,-39]],[[229908,141890],[16444,-14215]],[[223111,139752],[148,29]],[[223259,139781],[415,285]],[[223674,140066],[1555,-155]],[[225229,139911],[384,562]],[[225613,140473],[562,3094]],[[226175,143567],[197,321]],[[226372,143888],[1536,-1608]],[[227908,142280],[1809,-351]],[[229717,141929],[15921,-14575]],[[245638,127354],[357,161]],[[245995,127515],[8174,-10426]],[[254169,117089],[60,-152]],[[254229,116937],[-4040,-8370]],[[228640,112113],[-2238,456]],[[221049,113741],[-157,-1467]],[[207393,114195],[-14922,17254]],[[209739,146168],[160,-34]],[[209899,146134],[11198,-2540]],[[221097,143594],[869,-315]],[[221966,143279],[1032,-2940]],[[222998,140339],[113,-587]],[[220445,105245],[22,1594]],[[220588,108950],[209,1537]],[[220700,110475],[349,3266]],[[221049,113741],[5353,-1172]],[[226402,112569],[2238,-456]],[[228640,112113],[21549,-3546]],[[250189,108567],[6692,-4946]],[[256881,103621],[117,-298]],[[256998,103323],[3,-683]],[[257001,102640],[34,-266]],[[257035,102374],[-1438,-6796]],[[255597,95578],[-166,26]],[[255431,95604],[-8697,-9420]],[[246734,86184],[-26239,18943]],[[239559,96160],[-21,13],[26,42],[12,-20],[-17,-35]],[[239467,96162],[-29,14],[35,29],[-6,-43]],[[238995,96891],[-27,36],[-2,33],[41,-23],[-12,-46]],[[238744,97142],[-7,37],[51,0],[-3,-35],[-41,-2]],[[238616,97324],[-9,27],[16,20],[14,-29],[-21,-18]],[[238128,97605],[27,57],[42,-1],[-24,-86],[-45,30]],[[237346,98117],[-51,36],[14,79],[74,-42],[-37,-73]],[[236839,99068],[2,-47],[-23,-7],[3,51],[18,3]],[[236610,98832],[56,-67],[-5,-60],[-101,38],[50,89]],[[236009,99452],[30,85],[29,-1],[-19,-63],[-40,-21]],[[235911,99345],[-1,37],[42,9],[-9,-45],[-32,-1]],[[235913,99596],[18,-31],[-33,-23],[-11,29],[26,25]],[[235795,99554],[-21,62],[4,28],[46,-28],[-29,-62]],[[235535,99681],[11,95],[112,123],[-1,-61],[-122,-157]],[[235181,99849],[-13,65],[241,189],[-71,-153],[-157,-101]],[[234397,99823],[194,260],[262,-25],[-63,-94],[-393,-141]],[[233828,100820],[-10,34],[45,26],[-2,-25],[-33,-35]],[[232789,101471],[-54,79],[141,-14],[-33,-91],[-54,26]],[[229937,103688],[-5,149],[87,63],[-18,-112],[-64,-100]],[[220892,112274],[-192,-1799]],[[220700,110475],[97,12]],[[220797,110487],[-209,-1537]],[[220588,108950],[-121,-2111]],[[220467,106839],[-22,-1594]],[[220445,105245],[50,-118]],[[220495,105127],[-13102,9068]],[[207393,114195],[13499,-1921]],[[229905,216295],[143,-25]],[[230048,216270],[-877,-1467]],[[229171,214803],[-31,-45]],[[229140,214758],[-3646,780]],[[225494,215538],[-4843,968]],[[217158,252763],[-107,247]],[[217022,253151],[-97,130]],[[240291,281319],[6976,-1343]],[[247672,279877],[-38,-14]],[[237294,250813],[-86,-195]],[[236104,248007],[-245,39]],[[235634,247869],[-72,-79]],[[235596,247548],[53,-37]],[[236828,245817],[81,-135]],[[236842,241477],[-208,-80]],[[235764,241157],[39,-297]],[[235830,232478],[3819,-758]],[[237830,221596],[-1783,364]],[[236047,221960],[-6142,-5665]],[[187332,210492],[-42,85]],[[187290,210577],[-972,3166]],[[186318,213743],[179,48]],[[186497,213791],[106,-237]],[[186603,213554],[267,281]],[[186870,213835],[-50,351]],[[186820,214186],[78,142]],[[186898,214328],[108,464]],[[187006,214792],[-12,153]],[[187031,215292],[-35,255]],[[187166,215546],[131,275]],[[202454,232278],[154,316]],[[202652,233198],[-37,91]],[[202543,233331],[-97,-7]],[[202058,233750],[-33,70]],[[195344,262208],[651,5627]],[[214290,259778],[2331,3408]],[[218154,264315],[-1229,-11034]],[[216925,253281],[97,-130]],[[217022,253151],[29,-141]],[[217051,253010],[107,-247]],[[217158,252763],[3493,-36257]],[[220651,216506],[802,-161]],[[221453,216345],[-34121,-5853]],[[188935,246710],[13090,-12890]],[[202025,233820],[33,-70]],[[202058,233750],[388,-426]],[[202446,233324],[97,7]],[[202543,233331],[72,-42]],[[202615,233289],[37,-91]],[[202652,233198],[-44,-604]],[[202608,232594],[-154,-316]],[[202454,232278],[-15157,-16457]],[[187297,215821],[-131,-275]],[[187166,215546],[-170,1]],[[186996,215547],[35,-255]],[[187031,215292],[-37,-347]],[[186994,214945],[10,-105]],[[187004,214840],[-7060,-5123]],[[179944,209717],[-970,-799]],[[179450,213642],[56,531]],[[179071,214167],[-8,1912]],[[179837,217080],[24,-48]],[[180484,216879],[135,186]],[[185126,245717],[2020,-441]],[[180619,217065],[-135,-186]],[[180484,216879],[-623,153]],[[179861,217032],[-139,357]],[[179644,217353],[-497,320]],[[179203,218564],[-58,239]],[[178825,219167],[-69,193]],[[178663,219420],[12,322]],[[179436,220835],[58,145]],[[179376,221263],[-224,338]],[[164020,228871],[-86,17]],[[163740,228972],[-243,-137]],[[163384,228964],[-53,149]],[[161957,230629],[-158,197]],[[161582,231083],[-71,150]],[[161098,231510],[-166,156]],[[160917,231676],[-229,191]],[[160662,231887],[-492,-384]],[[160074,231355],[-322,-183]],[[159584,231159],[-840,69]],[[159119,233535],[38,123]],[[159230,234780],[28,362]],[[159187,235216],[-79,80]],[[158956,235326],[-90,64]],[[158867,235432],[80,491]],[[165699,241103],[-188,994]],[[179342,250128],[130,1147]],[[184087,245943],[1039,-226]],[[185126,245717],[-4507,-28652]],[[169321,167526],[104,-89]],[[167623,165774],[-208,-33]],[[166398,168173],[260,2793]],[[165865,174040],[52,527]],[[179450,213642],[-476,-4724]],[[178974,208918],[528,436]],[[179502,209354],[566,-9092]],[[180068,200262],[-1748,373]],[[175245,193449],[-81,-5832]],[[159266,181865],[-2119,-1305]],[[162969,227275],[6,155]],[[163554,228781],[186,191]],[[163740,228972],[194,-84]],[[163934,228888],[86,-17]],[[164020,228871],[15132,-7270]],[[179152,221601],[224,-338]],[[179376,221263],[118,-283]],[[179494,220980],[-58,-145]],[[179436,220835],[-761,-1093]],[[178675,219742],[-12,-322]],[[178663,219420],[93,-60]],[[178756,219360],[69,-193]],[[178825,219167],[320,-364]],[[179145,218803],[58,-239]],[[179203,218564],[-56,-891]],[[179147,217673],[497,-320]],[[179644,217353],[78,36]],[[179722,217389],[115,-309]],[[179837,217080],[-774,-1001]],[[179063,216079],[8,-1912]],[[179071,214167],[435,6]],[[179506,214173],[-56,-531]],[[192550,156730],[142,-57]],[[192692,156673],[1425,-1918]],[[194117,154755],[629,-272]],[[194746,154483],[1607,-1363]],[[196353,153120],[164,-136]],[[196517,152984],[1462,295]],[[197979,153279],[97,14]],[[198076,153293],[147,170]],[[198223,153463],[71,-2]],[[198294,153461],[44,-15]],[[198338,153446],[146,-187]],[[198484,153259],[4022,-2064]],[[202506,151195],[138,13]],[[202644,151208],[6465,-4909]],[[209109,146299],[630,-131]],[[209739,146168],[-17268,-14719]],[[192471,131449],[-15872,14787]],[[180048,156699],[3254,-548]],[[183331,156798],[-406,658]],[[183226,157663],[584,507]],[[184090,158216],[48,302]],[[184138,158518],[8412,-1788]],[[179753,167672],[-2801,-2040]],[[175870,171973],[93,98]],[[182220,175053],[82,298]],[[182264,175485],[-146,480]],[[184144,180839],[315,2795]],[[190924,181018],[-24,-1]],[[190900,181017],[-3015,-16177]],[[187885,164840],[333,-427]],[[188218,164413],[-327,-394]],[[187891,164019],[-187,-288]],[[187704,163731],[-426,-223]],[[187278,163508],[-80,-256]],[[187198,163252],[-38,-17]],[[187160,163235],[-110,-22]],[[187050,163213],[16,365]],[[187066,163578],[-51,114]],[[187015,163692],[-99,-53]],[[186916,163639],[-346,898]],[[191912,181065],[-988,-47]],[[190924,181018],[-6465,2616]],[[184459,183634],[442,4043]],[[175194,189768],[51,3681]],[[175245,193449],[3075,7186]],[[178320,200635],[1720,-367]],[[180040,200268],[12845,-9002]],[[192885,191266],[147,-35]],[[193032,191231],[-1120,-10166]],[[179753,167672],[6817,-3135]],[[186570,164537],[-537,584]],[[186033,165121],[210,-950]],[[186243,164171],[126,-653]],[[186369,163518],[-16,-96]],[[186353,163422],[-268,-581]],[[186085,162841],[3,-153]],[[186088,162688],[-198,-743]],[[185890,161945],[-165,-107]],[[185725,161838],[-463,61]],[[185262,161899],[-393,-8]],[[184869,161891],[-47,-1106]],[[184822,160785],[-261,-1368]],[[184561,159417],[121,-437]],[[184682,158980],[-537,328]],[[184145,159308],[-91,-63]],[[184054,159245],[-41,-174]],[[184013,159071],[77,-855]],[[184090,158216],[-280,-46]],[[183810,158170],[-584,-507]],[[183226,157663],[-301,-207]],[[182925,157456],[406,-658]],[[183331,156798],[-29,-647]],[[183302,156151],[-3254,548]],[[180048,156699],[-1989,928]],[[174045,159768],[147,1549]],[[176952,165632],[2801,2040]],[[174064,159979],[-19,-211]],[[174045,159768],[4014,-2141]],[[178059,157627],[-1460,-11391]],[[176599,146236],[-15581,9886]],[[163368,159721],[1156,14]],[[167325,162918],[-82,-712]],[[162258,180245],[12906,7372]],[[175164,187617],[30,2151]],[[175194,189768],[9707,-2091]],[[184901,187677],[-757,-6838]],[[184144,180839],[-2026,-4874]],[[182118,175965],[146,-480]],[[182264,175485],[38,-134]],[[182302,175351],[-82,-298]],[[182220,175053],[-6257,-2982]],[[175963,172071],[-93,-98]],[[175870,171973],[1082,-6341]],[[176952,165632],[-2760,-4315]],[[174192,161317],[-128,-1338]],[[174064,159979],[-6821,2227]],[[167243,162206],[380,3568]],[[167623,165774],[1802,1663]],[[169425,167437],[-104,89]],[[169321,167526],[-3404,7041]],[[165917,174567],[36,357]],[[163829,174452],[-2371,450]],[[163368,159721],[-2350,-3599]],[[161018,156122],[-4108,2561]],[[157480,162897],[100,758]],[[157952,164889],[106,697]],[[156317,167396],[-387,-86]],[[155331,179443],[3935,2422]],[[159266,181865],[2992,-1620]],[[162258,180245],[-800,-5343]],[[161458,174902],[-1340,232]],[[162397,165778],[25,-139]],[[162499,165435],[16,-348]],[[162577,164806],[-17,-191]],[[162497,164599],[256,-1685]],[[163921,161150],[144,-454]],[[164749,160417],[-225,-682]],[[164524,159735],[-1156,-14]],[[166398,168173],[1017,-2432]],[[167415,165741],[-90,-2823]],[[167325,162918],[-2576,-2501]],[[164749,160417],[-684,279]],[[164065,160696],[-144,454]],[[163921,161150],[-1168,1764]],[[162753,162914],[-256,1685]],[[162497,164599],[63,16]],[[162560,164615],[17,191]],[[162577,164806],[-62,281]],[[162515,165087],[-16,348]],[[162499,165435],[-77,204]],[[162422,165639],[-25,139]],[[162397,165778],[-2279,9356]],[[160118,175134],[3711,-682]],[[163829,174452],[2124,472]],[[165953,174924],[-88,-884]],[[165865,174040],[793,-3074]],[[166658,170966],[-260,-2793]],[[158058,165586],[-106,-697]],[[157952,164889],[-372,-1234]],[[157580,163655],[-100,-758]],[[157480,162897],[-570,-4214]],[[156910,158683],[-8560,-1809]],[[132738,199588],[349,517]],[[157025,198079],[122,-17519]],[[157147,180560],[-1816,-1117]],[[155331,179443],[599,-12133]],[[155930,167310],[387,86]],[[156317,167396],[1741,-1810]],[[119281,185529],[-40,2852]],[[119248,188380],[-34,8634]],[[129518,200235],[363,-172]],[[132990,200038],[-252,-450]],[[132738,199588],[5650,-28867]],[[148351,156856],[-17277,-4263]],[[138388,170721],[9962,-13847]],[[148350,156874],[1,-18]],[[148351,156856],[-9963,13865]],[[131074,152593],[-51012,22131]],[[89881,197687],[224,30]],[[119282,185503],[-1,26]],[[119281,185529],[11793,-32936]],[[116808,145449],[-1109,-1633],[-590,1590],[2310,993],[-611,-950]],[[125303,237559],[3347,65]],[[140228,220041],[43,-6212]],[[116732,204701],[-2651,470]],[[98736,234824],[2091,-347]],[[163554,228781],[-579,-1351]],[[162975,227430],[-6,-155]],[[162969,227275],[-5944,-29196]],[[157025,198079],[-23938,2026]],[[133087,200105],[-97,-67]],[[132990,200038],[-3109,25]],[[129881,200063],[-243,112]],[[131969,211424],[8302,2405]],[[140271,213829],[-55,7759]],[[158922,235728],[-55,-296]],[[158867,235432],[-1,-42]],[[158866,235390],[90,-64]],[[158956,235326],[152,-30]],[[159108,235296],[79,-80]],[[159187,235216],[71,-74]],[[159258,235142],[-28,-362]],[[159230,234780],[-73,-1122]],[[159157,233658],[-38,-123]],[[159119,233535],[-375,-2307]],[[158744,231228],[840,-69]],[[159584,231159],[168,13]],[[159752,231172],[322,183]],[[160074,231355],[96,148]],[[160170,231503],[492,384]],[[160662,231887],[26,-20]],[[160688,231867],[229,-191]],[[160917,231676],[15,-10]],[[160932,231666],[166,-156]],[[161098,231510],[413,-277]],[[161511,231233],[71,-150]],[[161582,231083],[217,-257]],[[161799,230826],[158,-197]],[[161957,230629],[1374,-1516]],[[163331,229113],[53,-149]],[[163384,228964],[113,-129]],[[163497,228835],[57,-54]],[[165699,241103],[-6752,-5180]],[[158947,235923],[-25,-195]],[[158922,235728],[-18706,-14140]],[[140216,221588],[12,-1547]],[[140228,220041],[-11578,17583]],[[128650,237624],[-1762,-34]],[[127867,251264],[1221,507]],[[148082,273774],[-30,1394]],[[167308,253958],[-1797,-11861]],[[165511,242097],[188,-994]],[[29232,194150],[-28743,34214]],[[31169,214318],[141,-70]],[[29882,204214],[-503,-4839]],[[189565,262914],[-518,228]],[[188959,263115],[-96,-397]],[[189071,262076],[-195,-99]],[[188720,262123],[1,332]],[[186292,261144],[-51,-264]],[[184998,259749],[-120,-15]],[[183949,259200],[-118,-228]],[[179872,254823],[-530,-4695]],[[179342,250128],[-12034,3830]],[[163950,304207],[-1223,272]],[[189821,272699],[-29,129]],[[189319,271357],[123,-34]],[[189459,271288],[-35,-125]],[[189288,270978],[-115,-122]],[[189687,269516],[20,-125]],[[189773,269244],[-149,-169]],[[189471,269022],[38,-275]],[[189877,268252],[111,-218]],[[191317,266222],[28,-64]],[[191679,265447],[3,-169]],[[191579,264997],[-328,298]],[[160048,305075],[3902,-868]],[[163950,304207],[3358,-50249]],[[167308,253958],[-19256,21210]],[[148052,275168],[-12,586]],[[130147,293402],[18,426]],[[130510,311646],[3750,-3]],[[170942,352547],[10,-198]],[[167853,341680],[-201,-344]],[[164535,335302],[-64,-189]],[[161391,327669],[-87,-238]],[[160512,327012],[-743,-368]],[[158376,323643],[-284,-810]],[[108122,269378],[52,51]],[[111788,271978],[596,1296]],[[79437,276057],[43,412]],[[96416,306906],[5805,-1024]],[[110157,293414],[146,-58]],[[110377,293400],[206,730]],[[110890,302028],[100,113]],[[116481,308104],[2998,0]],[[122283,311655],[8227,-9]],[[130510,311646],[-345,-17818]],[[130165,293828],[-18,-426]],[[130147,293402],[17893,-17648]],[[148040,275754],[42,-1980]],[[148082,273774],[-18994,-22003]],[[129088,251771],[-1221,-507]],[[127867,251264],[-979,-13674]],[[126888,237590],[-1585,-31]],[[125303,237559],[-24476,-3082]],[[100827,234477],[244,-43]],[[101216,241366],[0,119]],[[106334,244521],[6050,28753]],[[112384,273274],[-596,-1296]],[[111788,271978],[-3614,-2549]],[[108174,269429],[-509,-494]],[[131969,211424],[-2331,-11249]],[[129638,200175],[-120,60]],[[129518,200235],[-10304,-3221]],[[119214,197014],[0,32]],[[115666,204890],[1066,-189]],[[116732,204701],[15237,6723]],[[65785,254581],[-48,1893]],[[72693,263283],[865,8713]],[[79262,276357],[175,-300]],[[79437,276057],[28228,-7122]],[[107665,268935],[457,443]],[[108122,269378],[-1788,-24857]],[[106334,244521],[-5118,-3036]],[[101216,241485],[-7,2773]],[[101071,234434],[-2335,390]],[[98736,234824],[1352,-22261]],[[56663,253208],[-13,14]],[[65769,255159],[16,-578]],[[65785,254581],[35424,-10323]],[[101209,244258],[7,-2892]],[[101216,241366],[-145,-6932]],[[100088,212563],[13993,-7392]],[[114081,205171],[1585,-281]],[[115666,204890],[3548,-7844]],[[119214,197046],[34,-8666]],[[119248,188380],[-7,1]],[[119241,188381],[41,-2878]],[[119282,185503],[-29177,12214]],[[90105,197717],[-224,-30]],[[89881,197687],[-8475,-11568]],[[31580,214316],[-411,2]],[[31169,214318],[-30680,14046]],[[489,228364],[371,34629]],[[54114,257274],[-65,-156]],[[54124,256551],[-5,-87]],[[56638,253237],[25,-29]],[[56663,253208],[43425,-40645]],[[29232,194150],[147,5225]],[[29379,199375],[503,4839]],[[29882,204214],[1428,10034]],[[31310,214248],[270,68]],[[31580,214316],[49826,-28197]],[[81406,186119],[-1344,-11395]],[[80062,174724],[-50830,19426]],[[68632,274097],[1282,-1419]],[[71137,270433],[1909,-1995]],[[73194,268336],[-501,-5053]],[[72693,263283],[-6956,-6809]],[[65737,256474],[32,-1315]],[[65769,255159],[-9119,-1937]],[[56650,253222],[-12,15]],[[56638,253237],[-2519,3227]],[[54119,256464],[5,87]],[[54124,256551],[-75,567]],[[54049,257118],[65,156]],[[54114,257274],[-72,113]],[[54689,258894],[164,164]],[[79262,276357],[-5704,-4361]],[[73558,271996],[-364,-3660]],[[73194,268336],[-148,102]],[[73046,268438],[-1909,1995]],[[71137,270433],[-1223,2245]],[[69914,272678],[-1282,1419]],[[68632,274097],[-7784,292]],[[75191,284538],[4289,-8069]],[[79480,276469],[-218,-112]],[[61600,313364],[399,-522]],[[60614,305699],[-762,147]],[[51427,305161],[-242,-475]],[[51785,303007],[-88,-92]],[[69854,289082],[-9006,-14693]],[[60848,274389],[-5995,-15331]],[[54853,259058],[-164,-164]],[[54689,258894],[-647,-1507]],[[54042,257387],[-53182,5606]],[[860,262993],[148,126955]],[[38368,374586],[70,-46]],[[39890,375282],[215,-23]],[[40223,375240],[414,331]],[[40633,376114],[66,446]],[[40861,376616],[323,164]],[[41304,376885],[451,-290]],[[52567,380379],[533,313]],[[53143,380403],[155,-220]],[[53452,380033],[526,62]],[[58657,379919],[383,109]],[[65509,340691],[247,65]],[[65666,340480],[691,-252]],[[62206,312580],[-606,784]],[[61600,313364],[-9903,-10449]],[[51697,302915],[88,92]],[[51785,303007],[-600,1679]],[[51185,304686],[242,475]],[[51427,305161],[8425,685]],[[59852,305846],[1423,-266]],[[62359,304812],[252,192]],[[116481,308104],[-5491,-5963]],[[110990,302141],[-100,-113]],[[110890,302028],[-307,-7898]],[[110583,294130],[-206,-730]],[[110377,293400],[-74,-44]],[[110303,293356],[-146,58]],[[110157,293414],[-7936,12468]],[[102221,305882],[-4208,742]],[[108209,332786],[17,5116]],[[116707,346502],[-3,9483]],[[123856,365094],[-121,518]],[[123868,366177],[145,223]],[[123934,366826],[151,181]],[[125917,373945],[319,259]],[[126327,374068],[261,-197]],[[151194,385124],[1352,-880]],[[171720,360561],[-18,-138]],[[171075,352965],[-36815,-41322]],[[134260,311643],[-11977,12]],[[122283,311655],[-2804,-3551]],[[119479,308104],[-2998,0]],[[108214,334437],[-5,-1651]],[[108209,332786],[-10196,-26162]],[[98013,306624],[-1597,282]],[[96416,306906],[-21225,-22368]],[[75191,284538],[-5337,4544]],[[69854,289082],[-7243,15922]],[[62611,305004],[-252,-192]],[[62359,304812],[-1084,768]],[[61275,305580],[-661,119]],[[60614,305699],[1385,7143]],[[61999,312842],[207,-262]],[[62206,312580],[4151,27648]],[[66357,340228],[-691,252]],[[65666,340480],[90,276]],[[65756,340756],[-247,-65]],[[65509,340691],[-6469,39337]],[[59040,380028],[45,107]],[[66389,385177],[139,62]],[[78234,377318],[4,-3799]],[[90199,400860],[-19,-141]],[[90139,400042],[-42,-463]],[[90671,389482],[-226,-163]],[[90748,388344],[75,-327]],[[90554,387927],[-85,37]],[[90429,388076],[-101,86]],[[89906,388124],[-25,85]],[[85418,387855],[454,-77]],[[78239,375656],[-5,1662]],[[78234,377318],[-11706,7921]],[[66528,385239],[-55,-14]],[[50928,399660],[282,3181]],[[56953,414986],[3588,-626]],[[1008,389948],[32,26279]],[[32872,461878],[1337,-5295]],[[55105,443952],[-80,-212]],[[55964,443182],[76,312]],[[55545,444293],[-55,13]],[[56953,414986],[-5743,-12145]],[[51210,402841],[-282,-3181]],[[50928,399660],[15545,-14435]],[[66473,385225],[-84,-48]],[[66389,385177],[-7304,-5042]],[[59085,380135],[-428,-216]],[[58657,379919],[-4679,176]],[[53978,380095],[-526,-62]],[[53452,380033],[-154,150]],[[53298,380183],[-155,220]],[[53143,380403],[-43,289]],[[53100,380692],[-533,-313]],[[52567,380379],[-10812,-3784]],[[41755,376595],[-451,290]],[[41304,376885],[-120,-105]],[[41184,376780],[-323,-164]],[[40861,376616],[-162,-56]],[[40699,376560],[-66,-446]],[[40633,376114],[4,-543]],[[40637,375571],[-414,-331]],[[40223,375240],[-118,19]],[[40105,375259],[-215,23]],[[39890,375282],[-1452,-742]],[[38438,374540],[-70,46]],[[38368,374586],[-37360,15362]],[[32517,463283],[355,-1405]],[[32872,461878],[-31832,-45651]],[[1040,416227],[-321,47651]],[[12545,463449],[5346,-940]],[[348664,192940],[-9161,1841]],[[339503,194781],[-26412,9847]],[[313091,204628],[-1649,10193]],[[338451,218043],[136,37]],[[349832,214632],[51,-97]],[[349883,214535],[1112,-6510]],[[350995,208025],[-4,-496]],[[350991,207529],[-2327,-14589]],[[310458,229731],[-406,-3567]],[[309628,221866],[-900,-8389]],[[308728,213477],[-13770,-561]],[[295668,214316],[-232,418]],[[293171,223434],[144,1351]],[[300243,224755],[390,132]],[[300597,229697],[127,1193]],[[293901,230325],[-730,-6891]],[[293171,223434],[2265,-8700]],[[295436,214734],[232,-418]],[[295668,214316],[-710,-1400]],[[294958,212916],[-1139,-814]],[[293819,212102],[-608,-626]],[[293211,211476],[-1485,-1745]],[[291726,209731],[-287,-408]],[[291439,209323],[-10259,8]],[[281180,209331],[-7232,3445]],[[276468,228253],[605,6052]],[[277402,244853],[49,-64]],[[277862,245295],[96,-58]],[[276468,228253],[-2520,-15477]],[[273948,212776],[-16285,13091]],[[257663,225867],[-235,15]],[[256520,231882],[0,194]],[[258262,247818],[191,158]],[[256852,264163],[388,3838]],[[276766,258369],[-34,-103]],[[276801,257546],[4,-185]],[[276908,257232],[14,-71]],[[277294,245292],[111,-29]],[[277385,244879],[17,-26]],[[277402,244853],[-329,-10548]],[[277073,234305],[-605,-6052]],[[235830,232478],[-27,8382]],[[235803,240860],[-39,297]],[[235764,241157],[870,240]],[[236634,241397],[208,80]],[[236842,241477],[67,4205]],[[236909,245682],[-81,135]],[[236828,245817],[-1179,1694]],[[235649,247511],[-53,37]],[[235596,247548],[-34,242]],[[235562,247790],[72,79]],[[235634,247869],[225,177]],[[235859,248046],[245,-39]],[[236104,248007],[1104,2611]],[[237208,250618],[86,195]],[[237294,250813],[10340,29050]],[[247634,279863],[437,128]],[[248125,280003],[413,-696]],[[253093,277099],[201,152]],[[253921,277855],[172,-98]],[[255145,277516],[105,3]],[[255269,277570],[110,398]],[[255480,278167],[-31,206]],[[255410,278429],[-154,18]],[[255260,278491],[178,257]],[[255734,279016],[55,-118]],[[256017,279101],[75,180]],[[257345,279470],[-2,-126]],[[258008,275613],[-1156,-11450]],[[256852,264163],[1601,-16187]],[[258453,247976],[-191,-158]],[[258262,247818],[-1742,-15742]],[[256520,232076],[0,-194]],[[256520,231882],[908,-6000]],[[257428,225882],[-700,46]],[[256728,225928],[-12112,-14297]],[[244616,211631],[-1801,382]],[[242815,212013],[-4973,9581]],[[237842,221594],[-12,2]],[[237830,221596],[1819,10124]],[[239649,231720],[-3819,758]],[[349832,214632],[-11097,3261]],[[343627,231292],[199,37]],[[351890,228049],[-344,-3311]],[[333816,242795],[46,-484]],[[333878,241606],[58,-180]],[[341550,230897],[2077,395]],[[343627,231292],[-4892,-13399]],[[338735,217893],[-148,187]],[[338587,218080],[-136,-37]],[[338451,218043],[-27009,-3222]],[[311442,214821],[-2451,1073]],[[308991,215894],[637,5972]],[[309628,221866],[424,4298]],[[310052,226164],[727,6381]],[[323803,250090],[626,-134]],[[331989,248425],[70,-426]],[[332025,247865],[-58,-253]],[[333659,244978],[-313,-149]],[[300724,230890],[75,550]],[[301015,251548],[-128,124]],[[301143,252105],[-40,72]],[[301068,252430],[70,76]],[[301374,252480],[45,8]],[[301407,252509],[25,28]],[[306879,253617],[1062,-197]],[[309586,247773],[59,-30]],[[309663,247670],[99,-4]],[[309775,247691],[-16,63]],[[309813,247742],[11,34]],[[318812,251161],[4991,-1071]],[[323803,250090],[-13024,-17545]],[[310779,232545],[-321,-2814]],[[310458,229731],[-9734,1159]],[[355768,258502],[17,164]],[[365057,257897],[113,-704]],[[365305,253380],[3646,-45736]],[[368951,207644],[-274,-2555]],[[368677,205089],[-18481,8861]],[[350196,213950],[-364,682]],[[349832,214632],[1714,10106]],[[351546,224738],[262,2468]],[[355246,229316],[567,285]],[[357103,230765],[25,-95]],[[357430,230566],[-72,113]],[[357645,231484],[94,140]],[[357485,232055],[-105,111]],[[357358,232445],[-98,48]],[[356308,236101],[115,435]],[[356867,236786],[164,-66]],[[357188,236643],[156,-3]],[[356601,238056],[-7,121]],[[356797,238810],[59,223]],[[356817,239158],[-20,153]],[[356091,240468],[-166,473]],[[355868,240883],[-39,-198]],[[353102,244834],[-132,258]],[[353321,246186],[234,97]],[[353482,246423],[-16,152]],[[353283,246587],[-138,-10]],[[353084,246803],[203,135]],[[353374,247156],[65,24]],[[353286,249835],[87,214]],[[353421,252802],[73,43]],[[353592,252836],[206,99]],[[355246,229316],[-3438,-2110]],[[351808,227206],[82,843]],[[351890,228049],[-8064,3280]],[[343826,231329],[-1136,-212]],[[353254,247137],[120,19]],[[353374,247156],[-87,-218]],[[353287,246938],[-203,-135]],[[353084,246803],[61,-226]],[[353145,246577],[138,10]],[[353283,246587],[183,-12]],[[353466,246575],[16,-152]],[[353482,246423],[73,-140]],[[353555,246283],[-234,-97]],[[353321,246186],[-351,-1094]],[[352970,245092],[132,-258]],[[353102,244834],[2727,-4149]],[[355829,240685],[39,198]],[[355868,240883],[57,58]],[[355925,240941],[166,-473]],[[356091,240468],[706,-1157]],[[356797,239311],[20,-153]],[[356817,239158],[39,-125]],[[356856,239033],[-59,-223]],[[356797,238810],[-203,-633]],[[356594,238177],[7,-121]],[[356601,238056],[743,-1416]],[[357344,236640],[-156,3]],[[357188,236643],[-157,77]],[[357031,236720],[-164,66]],[[356867,236786],[-444,-250]],[[356423,236536],[-115,-435]],[[356308,236101],[952,-3608]],[[357260,232493],[98,-48]],[[357358,232445],[22,-279]],[[357380,232166],[105,-111]],[[357485,232055],[254,-431]],[[357739,231624],[-94,-140]],[[357645,231484],[-287,-805]],[[357358,230679],[72,-113]],[[357430,230566],[-302,104]],[[357128,230670],[-25,95]],[[357103,230765],[-1290,-1164]],[[355813,229601],[-567,-285]],[[342690,231117],[-1140,-220]],[[341550,230897],[-7614,10529]],[[333936,241426],[-58,180]],[[333878,241606],[-16,705]],[[333862,242311],[-46,484]],[[333816,242795],[-470,2034]],[[333346,244829],[313,149]],[[333659,244978],[-1692,2634]],[[331967,247612],[58,253]],[[332025,247865],[34,134]],[[332059,247999],[-63,779]],[[332198,251647],[8,240]],[[329747,261657],[-42,279]],[[329374,262799],[38,169]],[[330010,264079],[17,165]],[[356170,262266],[-402,-3764]],[[355768,258502],[-1970,-5567]],[[353798,252935],[-206,-99]],[[353592,252836],[-98,9]],[[353494,252845],[-73,-43]],[[353421,252802],[-48,-2753]],[[353373,250049],[-87,-214]],[[353286,249835],[153,-2655]],[[353439,247180],[-185,-43]],[[353254,247137],[-10564,-16020]],[[357450,266172],[-27361,-1658]],[[330218,265285],[-50,336]],[[330065,265889],[-77,48]],[[329442,269306],[44,186]],[[358944,293499],[4,-270]],[[414065,279196],[-873,-1820]],[[413192,277376],[-5213,2936]],[[408402,284536],[328,3701]],[[410186,289472],[263,422]],[[411459,293892],[-29,231]],[[411497,296232],[155,178]],[[412326,298040],[135,-222]],[[413715,296404],[1882,-1785]],[[416050,280875],[-190,-179]],[[415823,280439],[-240,-192]],[[412636,285992],[-41,40]],[[411284,282049],[2781,-2853]],[[420862,281874],[-903,-5801]],[[419959,276073],[-1804,602]],[[418155,276675],[-2732,1714]],[[415423,278389],[-4139,3660]],[[411284,282049],[1311,3983]],[[412595,286032],[41,-40]],[[412636,285992],[2947,-5745]],[[415583,280247],[240,192]],[[415823,280439],[37,257]],[[415860,280696],[190,179]],[[416050,280875],[1568,13348]],[[421674,293397],[599,-101]],[[422273,293296],[-1321,-8462]],[[420952,284834],[-9,-1520]],[[420943,283314],[-2,-348]],[[420941,282966],[-79,-1092]],[[409075,312935],[-23,-104]],[[409060,312676],[-140,-214]],[[412905,301006],[-39,-948]],[[412799,299533],[-440,-1096]],[[412194,298262],[132,-222]],[[412326,298040],[-674,-1630]],[[411652,296410],[-155,-178]],[[411497,296232],[-67,-2109]],[[411430,294123],[29,-231]],[[411459,293892],[-1010,-3998]],[[410449,289894],[-263,-422]],[[410186,289472],[-1456,-1235]],[[408730,288237],[-237,-2653]],[[397460,288570],[-601,6]],[[396643,288867],[-186,1333]],[[396364,290557],[21,328]],[[396540,291076],[505,319]],[[396688,292277],[203,120]],[[396978,292540],[136,-186]],[[397116,292978],[6,103]],[[397102,293906],[54,143]],[[397124,294208],[7,184]],[[396926,295669],[3,85]],[[397091,295855],[6,1573]],[[397160,297777],[15,266]],[[397391,299956],[-209,326]],[[398079,302837],[-94,34]],[[397695,303729],[130,268]],[[397806,304119],[-161,35]],[[397632,304182],[94,348]],[[397577,304558],[-66,110]],[[397556,304825],[38,242]],[[397719,305063],[72,200]],[[398734,307585],[279,290]],[[399004,307980],[-114,116]],[[399300,310092],[-78,264]],[[399361,310584],[158,62]],[[399704,310775],[38,162]],[[399914,311164],[72,356]],[[401804,314990],[1324,-275]],[[403542,264325],[-1978,-5859]],[[401564,258466],[-9317,9391]],[[392247,267857],[250,2245]],[[396898,287470],[3,315]],[[396630,288698],[13,169]],[[396643,288867],[216,-291]],[[396859,288576],[601,-6]],[[397460,288570],[11033,-2986]],[[408493,285584],[-91,-1048]],[[408402,284536],[-423,-4224]],[[407979,280312],[-461,-4389]],[[407518,275923],[-3070,-8437]],[[404448,267486],[-351,-459]],[[404097,267027],[-318,-353]],[[403779,266674],[382,-605]],[[404161,266069],[-176,-409]],[[403985,265660],[-105,-66]],[[403880,265594],[-225,-289]],[[403655,265305],[-113,-980]],[[389102,253180],[210,-189]],[[389312,252991],[36,37]],[[389348,253028],[216,252]],[[389564,253280],[174,18]],[[389738,253298],[80,-23]],[[389818,253275],[-2209,207]],[[387609,253482],[-63,-162]],[[387546,253320],[-7402,-5069]],[[380144,248251],[-1377,-97]],[[378767,248154],[-492,203]],[[378275,248357],[-12970,5023]],[[365305,253380],[-135,3813]],[[365170,257193],[-113,704]],[[365057,257897],[-199,1913]],[[363686,260478],[-337,299]],[[363269,262483],[309,575]],[[380594,291035],[146,47]],[[380934,290999],[15,-524]],[[384752,303541],[1300,-276]],[[390074,315025],[207,357]],[[390412,315489],[63,166]],[[390464,315976],[659,58]],[[401261,313721],[-1275,-2201]],[[399986,311520],[-72,-356]],[[399914,311164],[-172,-227]],[[399742,310937],[-38,-162]],[[399704,310775],[-185,-129]],[[399519,310646],[-158,-62]],[[399361,310584],[-139,-228]],[[399222,310356],[78,-264]],[[399300,310092],[-410,-1996]],[[398890,308096],[114,-116]],[[399004,307980],[9,-105]],[[399013,307875],[-279,-290]],[[398734,307585],[-943,-2322]],[[397791,305263],[-72,-200]],[[397719,305063],[-125,4]],[[397594,305067],[-38,-242]],[[397556,304825],[-45,-157]],[[397511,304668],[66,-110]],[[397577,304558],[149,-28]],[[397726,304530],[-94,-348]],[[397632,304182],[13,-28]],[[397645,304154],[161,-35]],[[397806,304119],[19,-122]],[[397825,303997],[-130,-268]],[[397695,303729],[290,-858]],[[397985,302871],[94,-34]],[[398079,302837],[-897,-2555]],[[397182,300282],[209,-326]],[[397391,299956],[-216,-1913]],[[397175,298043],[-15,-266]],[[397160,297777],[-63,-349]],[[397097,297428],[-6,-1573]],[[397091,295855],[-162,-101]],[[396929,295754],[-3,-85]],[[396926,295669],[205,-1277]],[[397131,294392],[-7,-184]],[[397124,294208],[32,-159]],[[397156,294049],[-54,-143]],[[397102,293906],[20,-825]],[[397122,293081],[-6,-103]],[[397116,292978],[-2,-624]],[[397114,292354],[-136,186]],[[396978,292540],[-87,-143]],[[396891,292397],[-203,-120]],[[396688,292277],[357,-882]],[[397045,291395],[-505,-319]],[[396540,291076],[-155,-191]],[[396385,290885],[-21,-328]],[[396364,290557],[93,-357]],[[396457,290200],[173,-1502]],[[396630,288698],[271,-913]],[[396901,287785],[-3,-315]],[[396898,287470],[-4401,-17368]],[[392497,270102],[-1217,-11317]],[[391280,258785],[-2178,-5605]],[[385959,303285],[-1207,256]],[[384752,303541],[-3803,-13066]],[[380949,290475],[-15,524]],[[380934,290999],[-194,83]],[[380740,291082],[-146,-47]],[[380594,291035],[-74,-70]],[[375807,297404],[-101,100]],[[374442,298127],[-118,-43]],[[373939,298831],[-152,393]],[[368840,310485],[11,483]],[[369221,312010],[136,63]],[[369213,316634],[214,-31]],[[371213,315504],[82,-45]],[[372018,320535],[512,555]],[[367432,318201],[19,-147]],[[369317,316619],[-104,15]],[[369213,316634],[144,-4561]],[[369357,312073],[-136,-63]],[[369221,312010],[-370,-1042]],[[368851,310968],[-11,-483]],[[368840,310485],[4947,-11261]],[[373787,299224],[152,-393]],[[373939,298831],[385,-747]],[[374324,298084],[118,43]],[[374442,298127],[1264,-623]],[[375706,297504],[101,-100]],[[375807,297404],[4713,-6439]],[[380520,290965],[-16942,-27907]],[[363578,263058],[-309,-575]],[[363269,262483],[80,-1706]],[[363349,260777],[337,-299]],[[363686,260478],[1172,-668]],[[364858,259810],[-9073,-1144]],[[355785,258666],[385,3600]],[[356170,262266],[1280,3906]],[[357450,266172],[1498,27057]],[[358948,293229],[142,312]],[[353795,310052],[1148,-359]],[[355482,318274],[150,-14]],[[355714,318783],[31,362]],[[355217,319532],[73,331]],[[355246,319954],[-5,169]],[[355918,320944],[68,30]],[[356018,321017],[35,149]],[[356133,323601],[-93,113]],[[357754,325565],[102,264]],[[353795,310052],[470,-7301]],[[353424,319980],[1822,-26]],[[355246,319954],[44,-91]],[[355290,319863],[-73,-331]],[[355217,319532],[528,-387]],[[355745,319145],[-31,-362]],[[355714,318783],[-82,-523]],[[355632,318260],[-150,14]],[[355482,318274],[-539,-8581]],[[354943,309693],[-1148,359]],[[322350,317580],[-14,766]],[[322390,318892],[474,2282]],[[326271,297874],[161,-833]],[[322180,304059],[9,151]],[[322333,305005],[-42,699]],[[322347,305829],[131,333]],[[322467,306205],[-99,111]],[[322272,306455],[-99,421]],[[317983,311564],[-3080,633]],[[316755,316922],[168,523]],[[322113,316642],[344,-73]],[[308621,268486],[-491,-349]],[[304607,266157],[56,-174]],[[304552,265788],[-208,-43]],[[304146,264855],[140,-133]],[[304295,264647],[-46,-162]],[[303944,263379],[-48,-73]],[[307156,253565],[-277,52]],[[306879,253617],[-5447,-1080]],[[301432,252537],[120,159]],[[301554,252731],[-234,385]],[[301381,253242],[81,-6]],[[301269,255127],[-25,55]],[[287736,240316],[-9778,4921]],[[277958,245237],[-37,6]],[[291951,276130],[16,29]],[[275868,297926],[-8559,1975]],[[266065,300181],[1318,11170]],[[285700,317651],[281,390]],[[286048,318116],[8,45]],[[311561,309960],[3560,-742]],[[316692,307495],[640,-2125]],[[308857,268664],[250,-478]],[[235548,282242],[4743,-923]],[[240291,281319],[-22137,-17004]],[[218154,264315],[-1533,-1129]],[[216621,263186],[-2331,-3408]],[[214290,259778],[-18295,8057]],[[195995,267835],[328,2823]],[[210491,309120],[179,1407]],[[214472,312529],[566,-131]],[[240177,300399],[4751,-1132]],[[318807,303009],[-1475,2361]],[[317332,305370],[152,1538]],[[321113,301716],[119,381]],[[321502,302887],[30,101]],[[321913,303556],[68,282]],[[322082,303898],[1276,-6244]],[[333642,297547],[38,415]],[[329067,301418],[-6203,19756]],[[322864,321174],[-613,-38]],[[318628,322241],[-607,549]],[[317057,317862],[-302,-940]],[[316755,316922],[-1852,-4725]],[[314903,312197],[19,-3]],[[314614,309327],[-3053,633]],[[311561,309960],[-25505,8201]],[[286056,318161],[37,167]],[[285742,319242],[-350,739]],[[278927,367393],[157,125]],[[282657,395869],[95,-9]],[[283907,398610],[592,-673]],[[286584,397329],[443,-12]],[[288137,396966],[202,-34]],[[300094,362318],[-237,-2091]],[[306293,352958],[2718,-606]],[[322837,334566],[382,3400]],[[326870,333144],[-489,-218]],[[323164,331450],[7294,-1160]],[[343045,334077],[366,3658]],[[353621,326541],[312,773]],[[354552,326867],[4,-102]],[[356109,323125],[-56,-1959]],[[356053,321166],[-35,-149]],[[356018,321017],[-32,-43]],[[355986,320974],[-68,-30]],[[355918,320944],[-677,-821]],[[355241,320123],[-1817,-143]],[[353424,319980],[841,-17229]],[[354265,302751],[4825,-9210]],[[359090,293541],[-146,-42]],[[358944,293499],[-29458,-24007]],[[329486,269492],[-44,-186]],[[329442,269306],[546,-3369]],[[329988,265937],[77,-48]],[[330065,265889],[103,-268]],[[330168,265621],[50,-336]],[[330218,265285],[-129,-771]],[[330089,264514],[-62,-270]],[[330027,264244],[-17,-165]],[[330010,264079],[-598,-1111]],[[329412,262968],[-38,-169]],[[329374,262799],[331,-863]],[[329705,261936],[42,-279]],[[329747,261657],[2459,-9770]],[[332206,251887],[-8,-240]],[[332198,251647],[-202,-2869]],[[331996,248778],[-7,-353]],[[331989,248425],[-7560,1531]],[[324429,249956],[-5617,1205]],[[318812,251161],[-8988,-3385]],[[309824,247776],[-11,-34]],[[309813,247742],[-54,12]],[[309759,247754],[16,-63]],[[309775,247691],[-13,-25]],[[309762,247666],[-99,4]],[[309663,247670],[-18,73]],[[309645,247743],[-59,30]],[[309586,247773],[-1645,5647]],[[307941,253420],[-785,145]],[[307156,253565],[-3260,9741]],[[303896,263306],[48,73]],[[303944,263379],[305,1106]],[[304249,264485],[46,162]],[[304295,264647],[-9,75]],[[304286,264722],[-140,133]],[[304146,264855],[198,890]],[[304344,265745],[208,43]],[[304552,265788],[111,195]],[[304663,265983],[-56,174]],[[304607,266157],[3523,1980]],[[308130,268137],[491,349]],[[308621,268486],[486,-300]],[[309107,268186],[-250,478]],[[308857,268664],[9950,34345]],[[287736,240316],[13508,14866]],[[301244,255182],[25,-55]],[[301269,255127],[193,-1891]],[[301462,253236],[-81,6]],[[301381,253242],[-61,-126]],[[301320,253116],[234,-385]],[[301554,252731],[-2,-35]],[[301552,252696],[-145,-187]],[[301407,252509],[12,-21]],[[301419,252488],[-45,-8]],[[301374,252480],[-236,26]],[[301138,252506],[-70,-76]],[[301068,252430],[35,-253]],[[301103,252177],[40,-72]],[[301143,252105],[-256,-433]],[[300887,251672],[128,-124]],[[301015,251548],[-216,-20108]],[[300799,231440],[-202,-1743]],[[300597,229697],[36,-4810]],[[300633,224887],[-390,-132]],[[300243,224755],[-6928,30]],[[293315,224785],[586,5540]],[[293901,230325],[-6165,9991]],[[322390,318892],[-54,-546]],[[322336,318346],[14,-766]],[[322350,317580],[107,-1011]],[[322457,316569],[-344,73]],[[322113,316642],[-5190,803]],[[316923,317445],[134,417]],[[317057,317862],[964,4928]],[[318021,322790],[607,-549]],[[318628,322241],[3623,-1105]],[[322251,321136],[139,-2244]],[[321232,302097],[-119,-381]],[[321113,301716],[-2306,1293]],[[318807,303009],[-1323,3899]],[[317484,306908],[290,2889]],[[316933,311781],[1050,-217]],[[317983,311564],[4190,-4688]],[[322173,306876],[99,-421]],[[322272,306455],[96,-139]],[[322368,306316],[99,-111]],[[322467,306205],[11,-43]],[[322478,306162],[-131,-333]],[[322347,305829],[-56,-125]],[[322291,305704],[42,-699]],[[322333,305005],[-144,-795]],[[322189,304210],[-9,-151]],[[322180,304059],[-98,-161]],[[322082,303898],[-101,-60]],[[321981,303838],[-68,-282]],[[321913,303556],[-381,-568]],[[321532,302988],[-30,-101]],[[321502,302887],[-270,-790]],[[326271,297874],[2796,3544]],[[329067,301418],[4613,-3456]],[[333680,297962],[-38,-415]],[[333642,297547],[-10284,107]],[[323358,297654],[3074,-613]],[[326432,297041],[-161,833]],[[316692,307495],[-1571,1723]],[[315121,309218],[-507,109]],[[314614,309327],[308,2867]],[[314922,312194],[2011,-413]],[[316933,311781],[841,-1984]],[[317774,309797],[-1082,-2302]],[[291951,276130],[-14030,-30887]],[[277921,245243],[-59,52]],[[277862,245295],[-411,-506]],[[277451,244789],[-66,90]],[[277385,244879],[20,384]],[[277405,245263],[-111,29]],[[277294,245292],[-372,11869]],[[276922,257161],[-14,71]],[[276908,257232],[-103,129]],[[276805,257361],[-4,185]],[[276801,257546],[-69,720]],[[276732,258266],[76,216]],[[276705,269420],[2158,19663]],[[275716,291634],[-95,76]],[[276051,297884],[-183,42]],[[275868,297926],[16099,-21767]],[[291967,276159],[-16,-29]],[[276705,269420],[103,-10938]],[[276808,258482],[-42,-113]],[[276766,258369],[-19526,9632]],[[257240,268001],[768,7612]],[[258008,275613],[-665,3731]],[[257343,279344],[2,126]],[[257345,279470],[-1253,-189]],[[256092,279281],[-75,-180]],[[256017,279101],[-228,-203]],[[255789,278898],[-55,118]],[[255734,279016],[-296,-268]],[[255438,278748],[-178,-257]],[[255260,278491],[-4,-44]],[[255256,278447],[154,-18]],[[255410,278429],[39,-56]],[[255449,278373],[31,-206]],[[255480,278167],[-101,-199]],[[255379,277968],[-110,-398]],[[255269,277570],[-19,-51]],[[255250,277519],[-105,-3]],[[255145,277516],[-1052,241]],[[254093,277757],[-172,98]],[[253921,277855],[-627,-604]],[[253294,277251],[-201,-152]],[[253093,277099],[-4555,2208]],[[248538,279307],[-413,696]],[[248125,280003],[-54,-12]],[[248071,279991],[-399,-114]],[[247672,279877],[-405,99]],[[247267,279976],[-11719,2266]],[[235548,282242],[9380,17025]],[[244928,299267],[6134,-1457]],[[265098,303374],[967,-3193]],[[266065,300181],[1244,-280]],[[267309,299901],[8742,-2017]],[[276051,297884],[-430,-6174]],[[275621,291710],[95,-76]],[[275716,291634],[3147,-2551]],[[278863,289083],[-2158,-19663]],[[349318,344951],[-565,-6734]],[[335107,338464],[637,-212]],[[343221,335829],[-176,-1752]],[[343045,334077],[-10817,-1953]],[[327573,333467],[-703,-323]],[[326870,333144],[-3651,4822]],[[323219,337966],[46,444]],[[324499,355007],[-1083,212]],[[323705,358008],[3096,-608]],[[319823,356617],[-231,-2186]],[[317738,350408],[-11445,2550]],[[306293,352958],[-6436,7269]],[[299857,360227],[169,1486]],[[302853,368398],[4087,-961]],[[348753,338217],[-85,-3362]],[[353090,334279],[245,-452]],[[353621,326541],[-10210,11194]],[[343411,337735],[-190,-1906]],[[343221,335829],[-7477,2423]],[[335744,338252],[-637,212]],[[335107,338464],[-8306,18936]],[[326801,357400],[-1000,195]],[[327804,389287],[39,83]],[[335117,401375],[-43,833]],[[336837,416423],[1249,-2760]],[[338122,412995],[243,-468]],[[338853,412181],[413,-120]],[[339919,411863],[383,2]],[[340954,410436],[-81,-993]],[[342461,383041],[75,77]],[[348203,363561],[-452,-428]],[[349833,357175],[-2245,588]],[[349456,346447],[-138,-1496]],[[349318,344951],[-565,-6734]],[[323164,331450],[3217,1476]],[[326381,332926],[1192,541]],[[327573,333467],[4655,-1343]],[[332228,332124],[-1770,-1834]],[[330458,330290],[-7294,1160]],[[321463,355607],[3036,-600]],[[324499,355007],[-1234,-16597]],[[323265,338410],[-428,-3844]],[[322837,334566],[-13826,17786]],[[309011,352352],[8727,-1944]],[[317738,350408],[1854,4023]],[[319592,354431],[215,2036]],[[327798,389271],[6,16]],[[327804,389287],[-2003,-31692]],[[325801,357595],[-2096,413]],[[323705,358008],[-289,-2789]],[[323416,355219],[-1953,388]],[[321463,355607],[-1656,860]],[[319807,356467],[16,150]],[[319823,356617],[-12883,10820]],[[306940,367437],[-2001,691]],[[304939,368128],[-2086,270]],[[302853,368398],[-2827,-6685]],[[300026,361713],[68,605]],[[300094,362318],[-11755,34614]],[[288339,396932],[3145,-617]],[[316132,390086],[-11193,-21958]],[[276015,370383],[164,28]],[[278445,367140],[178,71]],[[278927,367393],[6465,-47412]],[[285392,319981],[350,-739]],[[285742,319242],[351,-914]],[[286093,318328],[-45,-212]],[[286048,318116],[-67,-75]],[[285981,318041],[-281,-390]],[[285700,317651],[-18317,-6300]],[[267383,311351],[-2285,-7977]],[[265098,303374],[-14036,-5564]],[[251062,297810],[-10885,2589]],[[240177,300399],[7342,20056]],[[248134,325558],[771,6308]],[[257877,367635],[319,-10]],[[260769,368146],[296,-248]],[[262200,365367],[205,-422]],[[262489,364922],[583,118]],[[263281,365130],[495,-383]],[[205328,402816],[-681,1268]],[[209861,404146],[69,-117]],[[210102,403248],[-45,-1269]],[[218809,396742],[1776,319]],[[248905,331866],[-699,-5707]],[[251928,366575],[819,-253]],[[252800,366233],[-3895,-34367]],[[222235,342651],[-1235,-12068]],[[214058,312625],[414,-96]],[[214472,312529],[-3802,-2002]],[[210670,310527],[2,18]],[[203919,387349],[16666,9712]],[[220585,397061],[-723,-130]],[[258044,367623],[-167,12]],[[257877,367635],[-5077,-1402]],[[252800,366233],[-53,89]],[[252747,366322],[-819,253]],[[251928,366575],[-29693,-23924]],[[215038,312398],[-980,227]],[[214058,312625],[6942,17958]],[[221000,330583],[1235,12068]],[[222235,342651],[25971,-16492]],[[248206,326159],[-72,-601]],[[248134,325558],[-615,-5103]],[[247519,320455],[-32481,-8057]],[[210672,310545],[-181,-1425]],[[210491,309120],[-14168,-38462]],[[196323,270658],[-979,-8450]],[[195344,262208],[-6409,-15498]],[[188935,246710],[-1789,-1434]],[[187146,245276],[-3059,667]],[[184087,245943],[-4615,5332]],[[179472,251275],[400,3548]],[[179872,254823],[3959,4149]],[[183831,258972],[118,228]],[[183949,259200],[929,534]],[[184878,259734],[120,15]],[[184998,259749],[1243,1131]],[[186241,260880],[51,264]],[[186292,261144],[2429,1311]],[[188721,262455],[-1,-332]],[[188720,262123],[156,-146]],[[188876,261977],[195,99]],[[189071,262076],[-208,642]],[[188863,262718],[96,397]],[[188959,263115],[88,27]],[[189047,263142],[518,-228]],[[189565,262914],[1686,2381]],[[191251,265295],[328,-298]],[[191579,264997],[103,281]],[[191682,265278],[-3,169]],[[191679,265447],[-334,711]],[[191345,266158],[-28,64]],[[191317,266222],[-1329,1812]],[[189988,268034],[-111,218]],[[189877,268252],[-368,495]],[[189509,268747],[-38,275]],[[189471,269022],[153,53]],[[189624,269075],[149,169]],[[189773,269244],[-66,147]],[[189707,269391],[-20,125]],[[189687,269516],[-514,1340]],[[189173,270856],[115,122]],[[189288,270978],[136,185]],[[189424,271163],[35,125]],[[189459,271288],[-17,35]],[[189442,271323],[-123,34]],[[189319,271357],[473,1471]],[[189792,272828],[29,-129]],[[189821,272699],[-27094,31780]],[[162727,304479],[-2679,596]],[[160048,305075],[-1956,17758]],[[158092,322833],[284,810]],[[158376,323643],[1393,3001]],[[159769,326644],[743,368]],[[160512,327012],[792,419]],[[161304,327431],[87,238]],[[161391,327669],[3080,7444]],[[164471,335113],[64,189]],[[164535,335302],[3117,6034]],[[167652,341336],[201,344]],[[167853,341680],[3099,10669]],[[170952,352349],[-10,198]],[[170942,352547],[133,418]],[[171075,352965],[627,7458]],[[171702,360423],[18,138]],[[171720,360561],[1773,5249]],[[186284,355447],[24388,-44902]],[[209711,404868],[137,-307]],[[209843,404182],[18,-36]],[[209861,404146],[-5214,-62]],[[204647,404084],[-788,1468]],[[193919,404696],[1419,15]],[[202125,423760],[1408,-2]],[[203565,429158],[1260,-7]],[[206621,424768],[190,-363]],[[207525,420220],[26,-562]],[[207509,419531],[-37,-334]],[[207434,418717],[62,-528]],[[208683,417060],[81,-223]],[[208444,416803],[-64,-122]],[[206012,415027],[-69,-573]],[[196922,412977],[-1584,-8266]],[[195338,404711],[-1419,-15]],[[193919,404696],[9940,856]],[[203859,405552],[1469,-2736]],[[205328,402816],[-1409,-15467]],[[203919,387349],[-17635,-31902]],[[186284,355447],[-12791,10363]],[[173493,365810],[-20947,18434]],[[152546,384244],[-383,249]],[[170005,392451],[-291,25924]],[[219862,396931],[-1053,-189]],[[218809,396742],[-8752,5237]],[[210057,401979],[45,1269]],[[210102,403248],[-172,781]],[[209930,404029],[-87,153]],[[209843,404182],[5,379]],[[209848,404561],[-137,307]],[[209711,404868],[-3768,9586]],[[205943,414454],[69,573]],[[206012,415027],[2368,1654]],[[208380,416681],[64,122]],[[208444,416803],[320,34]],[[208764,416837],[-81,223]],[[208683,417060],[-1187,1129]],[[207496,418189],[-62,528]],[[207434,418717],[38,480]],[[207472,419197],[37,334]],[[207509,419531],[42,127]],[[207551,419658],[-26,562]],[[207525,420220],[-714,4185]],[[206811,424405],[-190,363]],[[206621,424768],[-1796,4383]],[[204825,429151],[8284,-1]],[[227995,451807],[1977,2434]],[[256460,433392],[-247,-1001]],[[248838,405811],[88,-37]],[[247513,405465],[-27651,-8534]],[[196922,412977],[-27208,5398]],[[169714,418375],[-57,5304]],[[161915,480664],[-51,52]],[[162678,480680],[38,231]],[[197490,425595],[4,-1843]],[[199534,423743],[2591,17]],[[202125,423760],[-5203,-10783]],[[219835,451569],[-7,-133]],[[227021,450617],[974,1190]],[[227995,451807],[-14886,-22657]],[[213109,429150],[-9544,8]],[[203565,429158],[-32,-5400]],[[203533,423758],[-3999,-15]],[[199534,423743],[-2040,9]],[[197494,423752],[-4,1843]],[[197490,425595],[30,44492]],[[197969,479635],[1809,2913]],[[180500,509439],[419,2784]],[[212129,511478],[1065,-2441]],[[212653,495570],[-12875,-13022]],[[199778,482548],[-1809,-2913]],[[197969,479635],[-449,-9548]],[[197520,470087],[-19337,12454]],[[164903,535746],[6139,5648]],[[180452,511794],[48,-2355]],[[180500,509439],[-2317,-26898]],[[178183,482541],[-15467,-1630]],[[162716,480911],[-38,-231]],[[162678,480680],[-814,36]],[[161864,480716],[-89,102]],[[160083,486363],[-204,129]],[[158613,487292],[-115,197]],[[158844,488881],[-234,473]],[[146735,619783],[10761,-1]],[[158794,619777],[12262,9]],[[197557,515724],[-16638,-3501]],[[180919,512223],[-467,-429]],[[180452,511794],[-9410,29600]],[[171042,541394],[-3084,-2839]],[[168489,561055],[25456,-16]],[[207034,533587],[-2,-4329]],[[168489,561055],[-531,-22500]],[[167958,538555],[-3055,-2809]],[[164903,535746],[-12502,-1140]],[[134661,559165],[-5,1708]],[[134659,562930],[-1,39416]],[[134646,619781],[12089,2]],[[146735,619783],[36590,5]],[[193879,619788],[-6,3248]],[[197752,619792],[-1185,-12005]],[[198075,586933],[-118,-1136]],[[198031,584044],[-4463,-4]],[[186381,561035],[-17892,20]],[[171056,619786],[-12262,-9]],[[158794,619777],[-1298,5]],[[157496,619782],[-20992,0]],[[182955,658284],[-19,-10061]],[[193859,632714],[20,-12926]],[[193879,619788],[-10554,0]],[[183325,619788],[-12269,-2]],[[136996,691608],[-9,5019]],[[174854,692345],[45,-23827]],[[182964,662539],[-9,-4255]],[[182955,658284],[-46433,-4514]],[[140824,474121],[-6117,-44]],[[136720,482705],[4006,44]],[[134663,557712],[-2,1453]],[[134661,559165],[17740,-24559]],[[152401,534606],[6209,-45252]],[[158610,489354],[234,-473]],[[158844,488881],[-346,-1392]],[[158498,487489],[115,-197]],[[158613,487292],[1266,-800]],[[159879,486492],[204,-129]],[[160083,486363],[1692,-5545]],[[161775,480818],[140,-154]],[[161915,480664],[7742,-56985]],[[169657,423679],[348,-31228]],[[170005,392451],[-17842,-7958]],[[152163,384493],[-969,631]],[[151194,385124],[-24606,-11253]],[[126588,373871],[-261,197]],[[126327,374068],[-91,136]],[[126236,374204],[-319,-259]],[[125917,373945],[-1832,-6938]],[[124085,367007],[-151,-181]],[[123934,366826],[79,-426]],[[124013,366400],[-145,-223]],[[123868,366177],[-133,-565]],[[123735,365612],[121,-518]],[[123856,365094],[-7152,-9109]],[[116704,355985],[-1,3569]],[[107326,396003],[-37,125]],[[107298,396175],[92,64]],[[107336,399133],[-18,142]],[[105817,401055],[-142,-403]],[[98167,390851],[64,-133]],[[98060,390456],[-103,-169]],[[97249,389612],[-86,-43]],[[93618,390622],[-120,-24]],[[92947,388922],[-56,108]],[[90945,389411],[337,-45]],[[91336,389270],[43,-127]],[[91376,389080],[-155,-182]],[[90845,388603],[-748,10976]],[[90097,399579],[42,463]],[[90139,400042],[41,677]],[[90180,400719],[59,404]],[[90365,401713],[70,330]],[[91376,418828],[424,4959]],[[113274,480504],[-168,444]],[[112791,482564],[-122,608]],[[112735,483666],[-256,735]],[[112219,485734],[-22,416]],[[112155,486167],[9,144]],[[112410,486906],[111,305]],[[112518,487253],[186,124]],[[116377,508107],[-82,194]],[[117172,510307],[41,136]],[[140824,474121],[-98,8628]],[[140726,482749],[-4006,-44]],[[136720,482705],[-2013,-8628]],[[134707,474077],[6117,44]],[[67540,444362],[-12050,-56]],[[55490,444306],[55,-13]],[[55545,444293],[495,-799]],[[56040,443494],[-76,-312]],[[55964,443182],[-939,558]],[[55025,443740],[80,212]],[[55105,443952],[-1782,1069]],[[53671,456224],[-1810,7551]],[[70189,512874],[4764,-853]],[[85543,512614],[12169,-1927]],[[79942,471645],[-1504,-8490]],[[107326,396003],[9377,-36449]],[[116703,359554],[4,-13052]],[[116707,346502],[-8481,-8600]],[[108226,337902],[-12,-3465]],[[108214,334437],[-29976,39082]],[[78238,373519],[1,2137]],[[78239,375656],[7633,12122]],[[85872,387778],[-454,77]],[[85418,387855],[4463,354]],[[89881,388209],[25,-85]],[[89906,388124],[422,38]],[[90328,388162],[101,-86]],[[90429,388076],[40,-112]],[[90469,387964],[85,-37]],[[90554,387927],[269,90]],[[90823,388017],[-75,327]],[[90748,388344],[-303,975]],[[90445,389319],[226,163]],[[90671,389482],[174,-879]],[[90845,388603],[376,295]],[[91221,388898],[155,182]],[[91376,389080],[3,63]],[[91379,389143],[-43,127]],[[91336,389270],[-54,96]],[[91282,389366],[-337,45]],[[90945,389411],[1946,-381]],[[92891,389030],[56,-108]],[[92947,388922],[551,1676]],[[93498,390598],[120,24]],[[93618,390622],[3545,-1053]],[[97163,389569],[86,43]],[[97249,389612],[708,675]],[[97957,390287],[103,169]],[[98060,390456],[171,262]],[[98231,390718],[-64,133]],[[98167,390851],[7508,9801]],[[105675,400652],[142,403]],[[105817,401055],[1501,-1780]],[[107318,399275],[18,-142]],[[107336,399133],[54,-2894]],[[107390,396239],[-92,-64]],[[107298,396175],[-9,-47]],[[107289,396128],[37,-125]],[[91800,423787],[-424,-4959]],[[91376,418828],[-941,-16785]],[[90435,402043],[-70,-330]],[[90365,401713],[-126,-590]],[[90239,401123],[-40,-263]],[[90199,400860],[-29658,13500]],[[60541,414360],[-3588,626]],[[56953,414986],[10587,29376]],[[67540,444362],[10898,18793]],[[78438,463155],[1504,8490]],[[79942,471645],[17770,39042]],[[97712,510687],[15187,-2378]],[[115376,508106],[1001,1]],[[116377,508107],[-3673,-20730]],[[112704,487377],[-186,-124]],[[112518,487253],[3,-42]],[[112521,487211],[-111,-305]],[[112410,486906],[-246,-595]],[[112164,486311],[-9,-144]],[[112155,486167],[42,-17]],[[112197,486150],[22,-416]],[[112219,485734],[260,-1333]],[[112479,484401],[256,-735]],[[112735,483666],[-66,-494]],[[112669,483172],[122,-608]],[[112791,482564],[315,-1616]],[[113106,480948],[168,-444]],[[113274,480504],[-21474,-56717]],[[55027,492841],[15162,20033]],[[70189,512874],[-18328,-49099]],[[51861,463775],[-1109,1809]],[[50752,465584],[2919,-9360]],[[53671,456224],[-348,-11203]],[[53323,445021],[-19114,11562]],[[34209,456583],[-1692,6700]],[[32517,463283],[-14626,-774]],[[17891,462509],[-5346,940]],[[12545,463449],[-11826,429]],[[719,463878],[-35,37132]],[[28855,495856],[129,1507]],[[34545,496963],[6749,-1196]],[[50020,513462],[-75,-823]],[[57634,521607],[-2607,-28766]],[[55027,492841],[-4275,-27257]],[[106430,575784],[-16,-191]],[[118770,573815],[-16,367]],[[118165,577348],[-140,165]],[[115913,579085],[-167,214]],[[115646,579157],[-114,-35]],[[115109,579654],[-154,-104]],[[114793,579666],[-270,-88]],[[114313,581553],[8390,-70]],[[134657,583221],[2,-20291]],[[134659,562930],[-3,-2057]],[[134656,560873],[7,-3161]],[[134663,557712],[-16945,-35783]],[[40213,547114],[255,2779]],[[46712,551080],[-205,-2243]],[[106656,578433],[-226,-2649]],[[106430,575784],[11288,-53855]],[[117718,521929],[-505,-11486]],[[117213,510443],[-41,-136]],[[117172,510307],[-877,-2006]],[[116295,508301],[-919,-195]],[[115376,508106],[-2477,203]],[[112899,508309],[-27356,4305]],[[85543,512614],[-10590,-593]],[[74953,512021],[-17319,9586]],[[57634,521607],[-7689,-8968]],[[49945,512639],[795,8752]],[[51972,541211],[-5465,7626]],[[46507,548837],[2366,25867]],[[30271,590861],[1172,12802]],[[35354,619602],[625,361]],[[57156,619857],[27580,-67]],[[40213,547114],[11759,-5903]],[[51972,541211],[-1232,-19820]],[[50740,521391],[-720,-7929]],[[50020,513462],[-8726,-17695]],[[41294,495767],[-6749,1196]],[[34545,496963],[-5561,400]],[[28984,497363],[282,3292]],[[29482,582565],[19391,-7861]],[[48873,574704],[-2161,-23624]],[[46712,551080],[-6244,-1187]],[[40468,549893],[-255,-2779]],[[30271,590861],[-789,-8296]],[[29482,582565],[-216,-81910]],[[29266,500655],[-411,-4799]],[[28855,495856],[-28171,5154]],[[684,501010],[-163,145125]],[[35432,619647],[-78,-45]],[[35354,619602],[-3911,-15939]],[[31443,603663],[-1172,-12802]],[[114313,581553],[210,-1975]],[[114523,579578],[270,88]],[[114793,579666],[162,-116]],[[114955,579550],[154,104]],[[115109,579654],[423,-532]],[[115532,579122],[114,35]],[[115646,579157],[100,142]],[[115746,579299],[167,-214]],[[115913,579085],[2112,-1572]],[[118025,577513],[140,-165]],[[118165,577348],[589,-3166]],[[118754,574182],[16,-367]],[[118770,573815],[-12356,1778]],[[106414,575593],[242,2840]],[[106656,578433],[-15446,41378]],[[115135,619776],[4771,-5]],[[131131,619779],[3515,2]],[[134646,619781],[12,-17435]],[[134658,602346],[-1,-19125]],[[134657,583221],[-11954,-1738]],[[122703,581483],[-8390,70]],[[115135,619776],[-23925,35]],[[91210,619811],[-6474,-21]],[[84736,619790],[-1250,28]],[[115557,690030],[-2,14401]],[[136973,704205],[23,-12597]],[[136996,691608],[-474,-37838]],[[136522,653770],[-18,-33988]],[[136504,619782],[-5373,-3]],[[131131,619779],[-11225,-8]],[[119906,619771],[-4771,5]],[[423656,301984],[362,-334]],[[425021,300913],[28,-60]],[[425651,301004],[422,59]],[[426093,301046],[-23,-349]],[[424444,294435],[507,-99]],[[424863,294027],[-218,-165]],[[424412,293043],[-74,-93]],[[424338,292950],[-64,17]],[[424274,292967],[-56,129]],[[424218,293096],[-135,91]],[[424083,293187],[-368,-98]],[[423715,293089],[-2041,308]],[[421674,293397],[-4056,826]],[[417618,294223],[-2021,396]],[[415597,294619],[-1882,1785]],[[413715,296404],[-1254,1414]],[[412461,297818],[-267,444]],[[412194,298262],[165,175]],[[412359,298437],[440,1096]],[[412799,299533],[67,525]],[[412866,300058],[39,948]],[[412905,301006],[-3985,11456]],[[408920,312462],[140,214]],[[409060,312676],[-8,155]],[[409052,312831],[23,104]],[[414149,311992],[280,-488]],[[415984,307795],[558,-1337]],[[417283,304864],[340,-652]],[[418376,302873],[4349,-879]],[[428250,295010],[-29,-175]],[[428221,294835],[621,-2058]],[[428842,292777],[-101,-299]],[[428741,292478],[202,-372]],[[428943,292106],[68,-74]],[[429011,292032],[-295,-608]],[[428716,291424],[13,-285]],[[428729,291139],[-76,-225]],[[428653,290914],[-79,-42]],[[428574,290872],[0,318]],[[428574,291190],[-88,-31]],[[428486,291159],[-3128,1791]],[[425358,292950],[1,164]],[[425359,293114],[-791,-327]],[[424568,292787],[-156,256]],[[424412,293043],[233,819]],[[424645,293862],[218,165]],[[424863,294027],[88,309]],[[424951,294336],[-507,99]],[[424444,294435],[1626,6262]],[[426070,300697],[23,349]],[[426093,301046],[-20,17]],[[426073,301063],[-246,56]],[[425898,301270],[-1,181]],[[427754,303778],[88,-275]],[[427904,303675],[174,2]],[[428587,303785],[94,18]],[[428681,303803],[3859,-3944]],[[432540,299859],[-161,-1617]],[[432379,298242],[-116,-1247]],[[432263,296995],[-4013,-1985]],[[423987,324953],[138,-26]],[[431599,320407],[818,-1552]],[[432417,318855],[-1934,-13333]],[[430483,305522],[-49,-124]],[[430434,305398],[-1677,-1566]],[[428757,303832],[-170,-47]],[[428587,303785],[-509,-108]],[[428078,303677],[-174,-2]],[[427904,303675],[-62,-172]],[[427842,303503],[-88,275]],[[427754,303778],[-1857,-2327]],[[425897,301451],[1,-181]],[[425898,301270],[-71,-151]],[[425827,301119],[-176,-115]],[[425651,301004],[-602,-151]],[[425049,300853],[-28,60]],[[425021,300913],[-1003,737]],[[424018,301650],[-362,334]],[[423656,301984],[-931,10]],[[422725,301994],[-4349,879]],[[418376,302873],[-753,1339]],[[417623,304212],[-340,652]],[[417283,304864],[-741,1594]],[[416542,306458],[-558,1337]],[[415984,307795],[-1555,3709]],[[414429,311504],[-406,713]],[[413547,313266],[-447,805]],[[410397,325366],[825,783]],[[411629,326025],[63,-1]],[[411921,325892],[-4,-114]],[[413397,325162],[116,-5]],[[415023,325385],[180,199]],[[415252,325607],[26,48]],[[414903,325947],[612,781]],[[416917,327377],[150,194]],[[418311,328697],[244,28]],[[423987,324953],[-4147,3501]],[[422118,334483],[8684,-1851]],[[438320,326620],[-159,-164]],[[437643,325150],[-68,-10]],[[437790,324595],[9,-2]],[[437799,324593],[2,-63]],[[437801,324530],[51,-123]],[[437852,324407],[-34,-83]],[[437818,324324],[-216,-109]],[[437602,324215],[-207,-17]],[[437395,324198],[-363,254]],[[437032,324452],[-873,195]],[[436159,324647],[-127,-141]],[[436032,324506],[252,-1673]],[[436284,322833],[198,-240]],[[436482,322593],[-290,-638]],[[436192,321955],[-150,-203]],[[436042,321752],[-976,-2663]],[[435066,319089],[-53,-34]],[[435013,319055],[-182,86]],[[434831,319141],[-29,171]],[[434802,319312],[-2505,-168]],[[432297,319144],[-14,-36]],[[432283,319108],[-684,1299]],[[431599,320407],[-7474,4520]],[[424125,324927],[-138,26]],[[414903,325947],[375,-292]],[[415278,325655],[-26,-48]],[[415252,325607],[-49,-23]],[[415203,325584],[-180,-199]],[[415023,325385],[-1510,-228]],[[413513,325157],[-116,5]],[[413397,325162],[-1480,616]],[[411917,325778],[4,114]],[[411921,325892],[-229,132]],[[411692,326024],[-63,1]],[[411629,326025],[-407,124]],[[411222,326149],[1367,1685]],[[410478,336376],[319,2979]],[[409669,342459],[148,1575]],[[420824,344319],[76,-160]],[[421249,340378],[-153,-195]],[[420298,337727],[-458,-9273]],[[419840,328454],[-1285,271]],[[418555,328725],[-244,-28]],[[418311,328697],[-1244,-1126]],[[417067,327571],[-150,-194]],[[416917,327377],[-1402,-649]],[[415515,326728],[-612,-781]],[[429779,332850],[-7661,1633]],[[422118,334483],[-1820,3244]],[[420298,337727],[798,2456]],[[421096,340183],[343,436]],[[424147,341927],[2535,-521]],[[428600,340255],[345,166]],[[429219,340266],[235,-29]],[[429714,340354],[42,-65]],[[424147,341927],[-2708,-1308]],[[421439,340619],[-190,-241]],[[421249,340378],[-349,3781]],[[420900,344159],[-27,80]],[[429366,352081],[-92,-31]],[[429298,340252],[-79,14]],[[429219,340266],[-274,155]],[[428945,340421],[-345,-166]],[[428600,340255],[-1918,1151]],[[426682,341406],[-2535,521]],[[420873,344239],[-49,80]],[[420824,344319],[-11007,-285]],[[409817,344034],[-35,-330]],[[408290,346804],[33,714]],[[414686,360297],[4100,-9]],[[420769,362537],[692,19]],[[431329,366855],[-34,751]],[[434710,367330],[-734,-7224]],[[435332,359552],[134,63]],[[435304,353274],[128,-596]],[[429302,352059],[64,22]],[[429366,352081],[-8493,-7842]],[[420769,362537],[-1983,-2249]],[[418786,360288],[-2065,12]],[[406048,373169],[-800,168]],[[411564,379854],[105,266]],[[421099,397101],[200,1885]],[[425004,399510],[14,-252]],[[428812,389693],[548,14]],[[431267,368282],[62,-1427]],[[431329,366855],[-9868,-4299]],[[421461,362556],[-692,-19]],[[410529,330074],[1383,1278]],[[411912,331352],[677,-3518]],[[412589,327834],[-2192,-2468]],[[410397,325366],[2703,-11295]],[[413100,314071],[447,-805]],[[413547,313266],[476,-1049]],[[414023,312217],[126,-225]],[[414149,311992],[-5074,943]],[[409075,312935],[-5947,1780]],[[403128,314715],[-1324,275]],[[401804,314990],[-543,-1269]],[[401261,313721],[-10138,2313]],[[391123,316034],[-697,186]],[[391765,338360],[271,675]],[[403528,334006],[291,-852]],[[403960,332436],[307,-776]],[[404555,331290],[1396,-1362]],[[406745,337826],[309,2639]],[[409854,341033],[943,-1678]],[[410797,339355],[-319,-2979]],[[410478,336376],[1434,-5024]],[[411912,331352],[-1383,-1278]],[[410529,330074],[-4578,-146]],[[405951,329928],[-1396,1362]],[[404555,331290],[-288,370]],[[404267,331660],[-307,776]],[[403960,332436],[-141,718]],[[405854,336954],[832,-455]],[[407072,340621],[-327,-2795]],[[406745,337826],[-59,-1327]],[[406686,336499],[-832,455]],[[405854,336954],[-2035,-3800]],[[403819,333154],[-291,852]],[[403528,334006],[-6956,8146]],[[397304,343667],[347,878]],[[402938,341649],[369,-199]],[[409782,343704],[-113,-1245]],[[409669,342459],[185,-1426]],[[409854,341033],[-2800,-568]],[[407054,340465],[18,156]],[[407072,340621],[-3765,829]],[[403307,341450],[-369,199]],[[402938,341649],[-2320,6727]],[[408404,348964],[-81,-1446]],[[408323,347518],[-33,-714]],[[408290,346804],[1492,-3100]],[[397651,344545],[-347,-878]],[[397304,343667],[-732,-1515]],[[396572,342152],[-4536,-3117]],[[392036,339035],[-133,-348]],[[392911,358832],[45,124]],[[405851,373213],[197,-44]],[[406048,373169],[10673,-12869]],[[416721,360300],[-2035,-3]],[[414686,360297],[-6282,-11333]],[[408404,348964],[-7786,-588]],[[400618,348376],[-2967,-3831]],[[392956,358956],[-45,-124]],[[392911,358832],[-3115,-7033]],[[372911,357145],[-1366,262]],[[372711,361698],[38,390]],[[372646,362448],[96,271]],[[377924,379292],[73,141]],[[378586,380816],[403,400]],[[387521,392452],[398,3708]],[[390383,397075],[129,806]],[[385533,420556],[855,8426]],[[393754,428979],[128,-79]],[[400476,437619],[208,-763]],[[400736,436591],[60,-314]],[[401373,437099],[37,-60]],[[415259,415690],[17,-1045]],[[421247,398496],[-148,-1395]],[[421099,397101],[-9430,-16981]],[[411669,380120],[-105,-266]],[[411564,379854],[-6316,-6517]],[[405248,373337],[603,-124]],[[405851,373213],[-12895,-14257]],[[378989,381216],[-262,-242]],[[367464,383483],[-250,45]],[[371630,389788],[146,1442]],[[382717,391945],[320,3169]],[[383048,396813],[568,-243]],[[387674,393912],[-153,-1460]],[[387521,392452],[-8532,-11236]],[[382717,391945],[-10941,-715]],[[371776,391230],[635,5544]],[[382940,396864],[108,-51]],[[383048,396813],[-11,-1699]],[[383037,395114],[-320,-3169]],[[390383,397075],[-2464,-915]],[[387919,396160],[-245,-2248]],[[387674,393912],[-4058,2658]],[[383616,396570],[-676,294]],[[382940,396864],[-10529,-90]],[[372411,396774],[200,1531]],[[374584,418194],[780,7391]],[[386386,428957],[-853,-8401]],[[385533,420556],[4979,-22675]],[[390512,397881],[-129,-806]],[[362233,407832],[-1598,310]],[[367214,383528],[-1330,236]],[[353873,391929],[13,431]],[[354981,398132],[-27,7]],[[350859,408256],[-86,265]],[[363104,430602],[676,373]],[[373071,418625],[1513,-431]],[[374584,418194],[-1973,-19889]],[[372611,398305],[-981,-8517]],[[371630,389788],[-4416,-6260]],[[362233,407832],[-1598,310]],[[360635,408142],[1598,-310]],[[361757,453946],[1233,-536]],[[365011,452149],[509,-938]],[[373945,434280],[1419,-8695]],[[375364,425585],[-2293,-6960]],[[373071,418625],[-9291,12350]],[[363780,430975],[163,92]],[[354542,436198],[-913,199]],[[389796,351799],[2107,-13112]],[[391903,338687],[-138,-327]],[[391765,338360],[-1339,-22140]],[[390426,316220],[38,-244]],[[390464,315976],[11,-321]],[[390475,315655],[-63,-166]],[[390412,315489],[-131,-107]],[[390281,315382],[-207,-357]],[[390074,315025],[-4022,-11760]],[[386052,303265],[-93,20]],[[385959,303285],[-13429,17805]],[[372530,321090],[-512,-555]],[[372018,320535],[-723,-5076]],[[371295,315459],[-82,45]],[[371213,315504],[-1786,1099]],[[369427,316603],[-110,16]],[[369317,316619],[-1866,1435]],[[367451,318054],[-19,147]],[[367432,318201],[1147,17598]],[[371602,346145],[-2,194]],[[371711,357373],[1200,-228]],[[372911,357145],[16885,-5346]],[[347751,363133],[404,282]],[[352844,364085],[-18,-207]],[[352175,361526],[149,-493]],[[352479,356477],[-2646,698]],[[349833,357175],[-2082,5958]],[[352844,364085],[-4689,-670]],[[348155,363415],[48,146]],[[348203,363561],[-5667,19557]],[[342536,383118],[238,239]],[[345258,398212],[3029,-612]],[[354261,398277],[720,-145]],[[354981,398132],[-1095,-5772]],[[353886,392360],[-13,-431]],[[353873,391929],[12011,-8165]],[[365884,383764],[1580,-281]],[[367464,383483],[11263,-2509]],[[378727,380974],[-141,-158]],[[378586,380816],[-589,-1383]],[[377997,379433],[-73,-141]],[[377924,379292],[-5182,-16573]],[[372742,362719],[-96,-271]],[[372646,362448],[103,-360]],[[372749,362088],[-38,-390]],[[372711,361698],[-1166,-4291]],[[371545,357407],[166,-34]],[[371711,357373],[-111,-11034]],[[371600,346339],[2,-194]],[[371602,346145],[-3023,-10346]],[[368579,335799],[-10723,-9970]],[[357856,325829],[-102,-264]],[[357754,325565],[-1714,-1851]],[[356040,323714],[93,-113]],[[356133,323601],[-24,-476]],[[356109,323125],[-1553,3640]],[[354556,326765],[-4,102]],[[354552,326867],[-619,447]],[[353933,327314],[-312,-773]],[[353621,326541],[-286,7286]],[[353335,333827],[-245,452]],[[353090,334279],[-4422,576]],[[348668,334855],[788,11592]],[[349456,346447],[-1868,11316]],[[347588,357763],[4891,-1286]],[[352479,356477],[-155,4556]],[[352324,361033],[-149,493]],[[352175,361526],[651,2352]],[[352826,363878],[18,207]],[[345258,398212],[-2484,-14855]],[[342774,383357],[-313,-316]],[[342461,383041],[-1588,26402]],[[340873,409443],[81,993]],[[340954,410436],[-652,1429]],[[340302,411865],[-383,-2]],[[339919,411863],[-653,198]],[[339266,412061],[-413,120]],[[338853,412181],[-488,346]],[[338365,412527],[-243,468]],[[338122,412995],[-36,668]],[[338086,413663],[-1041,2461]],[[350523,409361],[336,-1105]],[[350859,408256],[4095,-10117]],[[354954,398139],[-693,138]],[[354261,398277],[-5974,-677]],[[348287,397600],[-3029,612]],[[323866,455620],[42,42]],[[329599,461386],[364,436]],[[338355,464082],[4303,-938]],[[351919,441171],[-214,-2117]],[[351446,436839],[3096,-641]],[[354542,436198],[9401,-5131]],[[363943,431067],[-839,-465]],[[363104,430602],[-12331,-22081]],[[350773,408521],[-250,840]],[[350523,409361],[-13478,6763]],[[337045,416124],[-208,299]],[[336837,416423],[-911,1170]],[[334933,419488],[-138,133]],[[334614,420398],[99,116]],[[334739,420672],[-77,118]],[[332569,424721],[-312,-215]],[[322448,428919],[-1552,326]],[[320880,430156],[81,408]],[[324326,441601],[-119,419]],[[324146,442415],[8,95]],[[323426,454723],[56,-27]],[[323553,454745],[77,171]],[[323647,455286],[107,101]],[[323793,455660],[37,36]],[[318438,429762],[4010,-843]],[[322448,428919],[9809,-4413]],[[332257,424506],[-476,-326]],[[317507,429958],[931,-196]],[[318438,429762],[13343,-5582]],[[331781,424180],[788,541]],[[332569,424721],[2093,-3931]],[[334662,420790],[77,-118]],[[334739,420672],[-26,-158]],[[334713,420514],[-99,-116]],[[334614,420398],[181,-777]],[[334795,419621],[138,-133]],[[334933,419488],[993,-1895]],[[335926,417593],[-852,-15385]],[[335074,402208],[43,-833]],[[335117,401375],[-7274,-12005]],[[327843,389370],[-45,-99]],[[327798,389271],[-11666,815]],[[316132,390086],[-24648,6229]],[[291484,396315],[-3347,651]],[[288137,396966],[-1110,351]],[[287027,397317],[-130,2]],[[274779,421331],[-62,266]],[[274673,421662],[-201,67]],[[273961,423611],[179,1786]],[[270094,428713],[879,-180]],[[275295,447871],[8317,-2082]],[[283600,445645],[-160,-317]],[[284963,440147],[4015,-804]],[[308003,434623],[6338,-1396]],[[282752,395860],[-970,97]],[[274265,397073],[209,2289]],[[273526,419379],[435,4232]],[[273961,423611],[511,-1882]],[[274472,421729],[201,-67]],[[274673,421662],[44,-65]],[[274717,421597],[62,-266]],[[274779,421331],[12118,-24012]],[[286897,397319],[-313,10]],[[286584,397329],[-2085,608]],[[284499,397937],[-592,673]],[[283907,398610],[-1155,-2750]],[[274135,395653],[130,1420]],[[274265,397073],[7517,-1116]],[[281782,395957],[875,-88]],[[282657,395869],[-3573,-28351]],[[279084,367518],[-157,-125]],[[278927,367393],[-304,-182]],[[278623,367211],[-178,-71]],[[278445,367140],[-2266,3271]],[[276179,370411],[-164,-28]],[[276015,370383],[-12239,-5636]],[[263776,364747],[-495,383]],[[263281,365130],[-209,-90]],[[263072,365040],[-583,-118]],[[262489,364922],[-84,23]],[[262405,364945],[-148,263]],[[269247,396550],[-6990,-31342]],[[262257,365208],[-57,159]],[[262200,365367],[-1135,2531]],[[261065,367898],[-296,248]],[[260769,368146],[-2573,-521]],[[258196,367625],[-152,-2]],[[258044,367623],[-10531,37842]],[[247513,405465],[1413,309]],[[248926,405774],[752,-322]],[[324154,442510],[-8,-95]],[[324146,442415],[61,-395]],[[324207,442020],[119,-419]],[[324326,441601],[-3365,-11037]],[[320961,430564],[-81,-408]],[[320880,430156],[16,-911]],[[320896,429245],[-3389,713]],[[317507,429958],[-3166,3269]],[[314341,433227],[-6338,1396]],[[308003,434623],[-19025,4720]],[[288978,439343],[-102,21]],[[301893,487988],[386,537]],[[307650,484117],[-13,-2]],[[322504,450233],[1650,-7723]],[[288876,439364],[-3913,783]],[[284963,440147],[-1523,5181]],[[283440,445328],[160,317]],[[283600,445645],[12,144]],[[283612,445789],[-4719,1352]],[[284059,460743],[-310,775]],[[275912,510638],[8600,-1658]],[[284747,508534],[-99,-94]],[[298990,486255],[-10114,-46891]],[[269833,532432],[-687,-1892]],[[277743,510285],[-1831,353]],[[275912,510638],[7837,-49120]],[[283749,461518],[310,-775]],[[284059,460743],[-5166,-13602]],[[278893,447141],[-3598,730]],[[275295,447871],[-4322,-19338]],[[270973,428533],[-4672,947]],[[256283,432772],[177,620]],[[256460,433392],[-26488,20849]],[[229972,454241],[-2951,-3624]],[[227021,450617],[-7193,819]],[[219828,451436],[7,133]],[[219835,451569],[-7182,44001]],[[212653,495570],[541,13467]],[[213194,509037],[2124,1836]],[[242560,533403],[464,4982]],[[259386,539626],[13,-22]],[[274474,399362],[-339,-3709]],[[274135,395653],[-4888,897]],[[269247,396550],[-19569,8902]],[[249678,405452],[-840,359]],[[248838,405811],[7375,26580]],[[256213,432391],[70,381]],[[256283,432772],[10018,-3292]],[[266301,429480],[3793,-767]],[[270094,428713],[4046,-3316]],[[274140,425397],[-614,-6018]],[[273526,419379],[948,-20017]],[[270678,521719],[-1532,8821]],[[269146,530540],[2978,1188]],[[272123,533077],[1244,3]],[[273932,532031],[-496,-5324]],[[256899,494803],[-7470,7005],[14325,2972],[-5041,-10351],[-1814,374]],[[260097,548285],[-113,-84]],[[259817,548169],[-89,-780]],[[259740,547313],[35,-1674]],[[259360,544987],[57,-121]],[[259421,543184],[-376,-216]],[[259294,542742],[108,-306]],[[259397,542367],[-233,212]],[[258727,542526],[-125,-143]],[[259138,541325],[61,-1146]],[[259192,539694],[194,-68]],[[259386,539626],[-16362,-1241]],[[243024,538385],[266,2843]],[[242560,533403],[-27242,-22530]],[[215318,510873],[-3189,605]],[[212129,511478],[-14572,4246]],[[197557,515724],[9475,13534]],[[207032,529258],[2,4329]],[[207034,533587],[-13089,27452]],[[193945,561039],[-7564,-4]],[[186381,561035],[7187,23005]],[[193568,584040],[4444,6]],[[223273,594639],[3931,-738]],[[237239,588791],[2022,4]],[[250430,552262],[-7140,-11034]],[[243290,541228],[-730,-7825]],[[225640,607468],[1998,-401]],[[225195,594276],[-1922,363]],[[223273,594639],[-25261,-10593]],[[198012,584046],[19,-2]],[[198031,584044],[-74,1753]],[[197957,585797],[118,1136]],[[198075,586933],[-1508,20854]],[[196567,607787],[622,6302]],[[202158,609266],[5556,-1006]],[[233350,657578],[-1165,-11937]],[[236525,640321],[2922,-610]],[[229392,603113],[-3752,4355]],[[225640,607468],[-17926,792]],[[207714,608260],[-5556,1006]],[[202158,609266],[-4969,4823]],[[197189,614089],[563,5703]],[[197752,619792],[-3879,3244]],[[193873,623036],[-14,9678]],[[193859,632714],[-10923,15509]],[[182936,648223],[19,10016]],[[216479,666889],[2040,17]],[[204435,705129],[6716,-6]],[[216115,676585],[1806,-2]],[[217912,666906],[-1433,-17]],[[216479,666889],[-33524,-8650]],[[182955,658239],[9,4300]],[[182964,662539],[-8065,5979]],[[174899,668518],[-37,19563]],[[196466,696741],[2,-447]],[[174862,688081],[-8,4264]],[[174854,692345],[-3981,11813]],[[180786,722140],[6957,59]],[[196457,698414],[9,-1673]],[[196466,696741],[-21604,-8660]],[[186532,722184],[-5746,-44]],[[180786,722140],[-9924,-5590]],[[175623,739592],[-25755,1533]],[[143338,763221],[50,3379]],[[129510,815896],[-13,4249]],[[115567,764195],[-29,0]],[[115556,724551],[1,-34521]],[[115557,690030],[-32071,-70212]],[[83486,619818],[-26330,39]],[[57156,619857],[-21177,106]],[[35979,619963],[-547,-316]],[[35432,619647],[-34911,26488]],[[521,646135],[-139,87755]],[[36047,748093],[2080,144]],[[54818,805563],[194,2931]],[[37650,803231],[-4,1391]],[[318,840943],[-318,130788]],[[8671,994119],[-270,-68]],[[8087,993941],[-193,-45]],[[7422,993900],[-391,-76]],[[6572,994467],[-178,912]],[[6356,997448],[303,722]],[[8126,999554],[-251,328]],[[7617,999999],[-465,-190]],[[7073,999809],[32114,-12801]],[[115149,912514],[18,430]],[[120693,876465],[186,-451]],[[121645,852655],[131,-180]],[[123759,853042],[237,168]],[[171728,842113],[15058,-33]],[[193704,837593],[-8,-7322]],[[197851,776588],[-4163,582]],[[192683,777331],[-2619,31]],[[184112,777319],[-40724,-10719]],[[143388,766600],[15,1040]],[[130619,763291],[-1398,-5]],[[149868,741125],[20994,-24575]],[[170862,716550],[11,-12392]],[[170873,704158],[-33886,-7531]],[[136987,696627],[-14,7578]],[[136973,704205],[-21418,226]],[[115555,704431],[1,20120]],[[115556,724551],[-18,39644]],[[115538,764195],[2006,6]],[[128863,763285],[1756,6]],[[130619,763291],[12784,4349]],[[143403,767640],[-65,-4419]],[[143338,763221],[6530,-22096]],[[120757,876331],[-64,134]],[[120693,876465],[-5526,36479]],[[115167,912944],[64,1637]],[[115512,933440],[-6,3238]],[[125128,936896],[6169,1661]],[[155124,931872],[6097,-31384]],[[139335,958190],[206,-9]],[[143359,958158],[11765,-26286]],[[155124,931872],[-23827,6685]],[[131297,938557],[-3441,-926]],[[125359,953087],[17,2482]],[[132627,958156],[611,-176]],[[115505,966718],[-12,-25065]],[[115497,941317],[15,-7877]],[[115512,933440],[-281,-18859]],[[115231,914581],[-82,-2067]],[[115149,912514],[-75962,74494]],[[39187,987008],[42735,5245]],[[7073,999809],[79,0]],[[7152,999809],[465,190]],[[7617,999999],[258,-117]],[[7875,999882],[251,-328]],[[8126,999554],[-1467,-1384]],[[6659,998170],[-303,-722]],[[6356,997448],[38,-2069]],[[6394,995379],[178,-912]],[[6572,994467],[459,-643]],[[7031,993824],[391,76]],[[7422,993900],[472,-4]],[[7894,993896],[193,45]],[[8087,993941],[314,110]],[[8401,994051],[270,68]],[[8671,994119],[-8671,-22388]],[[0,971731],[7073,28078]],[[139335,958190],[-6097,-210]],[[133238,957980],[-611,176]],[[132627,958156],[-7251,-2587]],[[125376,955569],[3,712]],[[125398,957972],[44,-2]],[[130932,964342],[8431,1245]],[[143148,964358],[211,-6200]],[[143359,958158],[-3818,23]],[[139541,958181],[-206,9]],[[137949,974512],[-7017,-10170]],[[130932,964342],[-5490,-6372]],[[125442,957970],[-860,25]],[[123009,967571],[2626,1]],[[125329,977422],[13305,-1948]],[[173744,842107],[-2016,6]],[[171728,842113],[-47732,11097]],[[123996,853210],[-237,-168]],[[123759,853042],[-1983,-567]],[[121776,852475],[-131,180]],[[121645,852655],[-766,23359]],[[120879,876014],[-122,317]],[[120757,876331],[40464,24157]],[[161221,900488],[12503,-46192]],[[137949,974512],[685,962]],[[138634,975474],[4514,-11116]],[[143148,964358],[-3785,1229]],[[139363,965587],[-1414,8925]],[[122355,967570],[654,1]],[[123009,967571],[1573,-9576]],[[124582,957995],[816,-23]],[[125398,957972],[-19,-1691]],[[125379,956281],[-20,-3194]],[[125359,953087],[2497,-15456]],[[127856,937631],[-2728,-735]],[[125128,936896],[-9622,-218]],[[115506,936678],[-9,4639]],[[115497,941317],[-4,336]],[[115493,941653],[8,16268]],[[120750,969186],[1484,-1580]],[[125635,967572],[-3280,-2]],[[122355,967570],[-121,36]],[[122234,967606],[-1484,1580]],[[120750,969186],[-5249,-11265]],[[115501,957921],[4,8797]],[[115505,966718],[-33583,25535]],[[81922,992253],[43407,-14831]],[[125329,977422],[306,-9850]],[[54818,805563],[-16691,-57326]],[[38127,748237],[-803,447]],[[37659,799310],[-9,3921]],[[37650,803231],[17362,5263]],[[55012,808494],[-194,-2931]],[[129221,763286],[-358,-1]],[[128863,763285],[-11319,916]],[[117544,764201],[-1977,-6]],[[115567,764195],[13930,55950]],[[129497,820145],[13,-4249]],[[129510,815896],[-289,-52610]],[[100820,815692],[3141,-54093],[-29381,-2751],[-5058,40439],[31298,16405]],[[382,733890],[-64,107053]],[[318,840943],[37328,-36321]],[[37646,804622],[13,-5312]],[[37659,799310],[-335,-50626]],[[37324,748684],[-1277,-591]],[[36047,748093],[-35665,-14203]],[[352540,446864],[-621,-5693]],[[351919,441171],[-9261,21973]],[[342658,463144],[1703,-376]],[[342087,479178],[4740,-1025]],[[358503,475950],[243,-101]],[[350779,506683],[-1991,1]],[[345695,496843],[-16,-382]],[[345756,495870],[-61,-530]],[[354930,478449],[-8103,-296]],[[346827,478153],[-8111,1764]],[[326622,492334],[899,-208]],[[329465,501269],[-631,3607]],[[329465,501269],[-1944,-9143]],[[327521,492126],[-3281,728]],[[308501,484232],[-851,-115]],[[307650,484117],[-5371,4408]],[[302279,488525],[-15,-20]],[[326058,559496],[-104,350]],[[326475,567652],[43,-37]],[[326621,567620],[84,94]],[[326799,568005],[12,185]],[[326734,568148],[-69,-35]],[[327511,580410],[6,17]],[[331243,580400],[9698,-25]],[[342737,568297],[17,-21868]],[[344131,517939],[-15297,-13063]],[[328834,504876],[631,-3607]],[[302264,488505],[-371,-517]],[[301893,487988],[-2903,-1733]],[[298990,486255],[-14342,22185]],[[284648,508440],[99,94]],[[284747,508534],[-235,446]],[[284512,508980],[-6769,1305]],[[277743,510285],[-7065,11434]],[[270678,521719],[2758,4988]],[[273436,526707],[496,5324]],[[273932,532031],[-565,1049]],[[273367,533080],[610,2]],[[281100,547268],[311,3203]],[[302970,582672],[3069,-614]],[[327503,582553],[-10,-220]],[[327596,580539],[-85,-129]],[[327511,580410],[-846,-12297]],[[326665,568113],[69,35]],[[326734,568148],[77,42]],[[326811,568190],[-12,-185]],[[326799,568005],[-94,-291]],[[326705,567714],[-84,-94]],[[326621,567620],[-103,-5]],[[326518,567615],[-43,37]],[[326475,567652],[-521,-7806]],[[325954,559846],[104,-350]],[[326058,559496],[-1815,-5766]],[[325011,544888],[-22747,-56383]],[[324243,553730],[768,-8842]],[[325011,544888],[-768,8842]],[[430621,389740],[-1809,-47]],[[428812,389693],[-3794,9565]],[[425018,399258],[-49,916]],[[429973,407838],[63,266]],[[439862,413917],[256,73]],[[429973,407838],[-5004,-7664]],[[424969,400174],[35,-664]],[[425004,399510],[-3705,-524]],[[421299,398986],[-52,-490]],[[421247,398496],[-5971,16149]],[[415276,414645],[-14,867]],[[426297,429259],[805,355]],[[440258,414029],[-396,-112]],[[439862,413917],[-9826,-5813]],[[430036,408104],[-63,-266]],[[428097,430057],[-1800,-798]],[[426297,429259],[-11035,-13747]],[[415262,415512],[-3,178]],[[415259,415690],[-13849,21349]],[[401410,437039],[-37,60]],[[401373,437099],[-577,-822]],[[400796,436277],[-60,314]],[[400736,436591],[-52,265]],[[400684,436856],[159,1962]],[[400816,439527],[40,341]],[[401023,441157],[-263,-196]],[[421656,477264],[12168,12]],[[443236,477259],[-24,-4535]],[[428827,437133],[-186,-1656]],[[281411,550471],[-311,-3203]],[[281100,547268],[-7123,-14186]],[[273977,533082],[-1854,-5]],[[272123,533077],[1,-1349]],[[272124,531728],[-2291,704]],[[269833,532432],[-10434,7172]],[[259399,539604],[-207,90]],[[259192,539694],[7,485]],[[259199,540179],[-61,1146]],[[259138,541325],[-536,1058]],[[258602,542383],[125,143]],[[258727,542526],[437,53]],[[259164,542579],[233,-212]],[[259397,542367],[5,69]],[[259402,542436],[-108,306]],[[259294,542742],[-249,226]],[[259045,542968],[376,216]],[[259421,543184],[-4,1682]],[[259417,544866],[-57,121]],[[259360,544987],[415,652]],[[259775,545639],[-35,1674]],[[259740,547313],[-12,76]],[[259728,547389],[89,780]],[[259817,548169],[167,32]],[[259984,548201],[113,84]],[[260097,548285],[-9667,3977]],[[250430,552262],[-11169,36533]],[[239261,588795],[-456,-1]],[[281300,600921],[-12,6256]],[[300859,581576],[223,1487]],[[301391,583002],[1579,-330]],[[302970,582672],[-21559,-32201]],[[238805,588794],[-1566,-3]],[[237239,588791],[-10035,5110]],[[227204,593901],[-2009,375]],[[225195,594276],[2443,12791]],[[227638,607067],[1754,-3954]],[[229392,603113],[10055,36598]],[[239447,639711],[13780,-2860]],[[262487,663880],[2607,6]],[[267035,661036],[-144,-156]],[[266870,660805],[20,-329]],[[267120,654976],[4472,-4002]],[[283205,624210],[-2595,-4]],[[281281,610572],[19,-9651]],[[281300,600921],[-42495,-12127]],[[258483,663892],[4004,-12]],[[262487,663880],[-9260,-27029]],[[253227,636851],[-16702,3470]],[[236525,640321],[-4340,5320]],[[232185,645641],[1117,11459]],[[218519,666906],[-607,0]],[[217912,666906],[9,9677]],[[217921,676583],[13253,-20]],[[235934,683529],[521,1894]],[[236486,685615],[333,1502]],[[259667,688207],[5,367]],[[269076,667610],[1,-121]],[[267130,661227],[-95,-191]],[[267035,661036],[-1941,2850]],[[265094,663886],[-6611,6]],[[258483,663892],[-25181,-6792]],[[233302,657100],[48,478]],[[233350,657578],[-14831,9328]],[[233796,701381],[221,94]],[[234084,701550],[528,-694]],[[235828,694194],[1043,-2426]],[[236867,689257],[-22,-452]],[[236911,688653],[-25,-655]],[[236737,687575],[82,-458]],[[236819,687117],[-333,-1502]],[[236486,685615],[-31,-192]],[[236455,685423],[-521,-1894]],[[235934,683529],[-4760,-6966]],[[231174,676563],[-15059,22]],[[216115,676585],[-4964,28538]],[[211151,705123],[3128,-8]],[[231171,710785],[-13,-5677]],[[231185,719173],[-14,-8388]],[[231171,710785],[-16892,-5670]],[[214279,705115],[-9844,14]],[[204435,705129],[-7967,-8835]],[[196468,696294],[-11,2120]],[[196457,698414],[-8714,23785]],[[187743,722199],[-1211,-15]],[[186532,722184],[-10909,17408]],[[175623,739592],[8489,37727]],[[184112,777319],[5952,43]],[[190064,777362],[2619,-31]],[[192683,777331],[1005,-161]],[[193688,777170],[5678,-812]],[[199397,776327],[2987,-5639]],[[227790,766532],[73,0]],[[228219,754233],[361,-10029]],[[323178,627179],[2849,-5]],[[328908,611408],[8,-137]],[[320140,610011],[12,-273]],[[323173,599080],[-297,-601]],[[322828,598449],[-15,163]],[[322763,598601],[-321,-87]],[[322506,598439],[0,-102]],[[322445,598220],[-55,-169]],[[322062,597956],[-45,-72]],[[322081,597765],[-35,-172]],[[321719,597140],[-170,-31]],[[321372,596635],[-38,-261]],[[321420,596394],[-15,-140]],[[321356,596238],[68,-136]],[[321443,595885],[121,108]],[[322124,595386],[316,-463]],[[325668,590941],[125,-98]],[[327568,583658],[-21529,-1600]],[[306039,582058],[-4648,944]],[[301391,583002],[-309,61]],[[301082,583063],[-223,-1487]],[[300859,581576],[-19571,25601]],[[281288,607177],[-7,3395]],[[281281,610572],[-671,13634]],[[280610,624206],[4189,9]],[[291837,632130],[11803,22]],[[298095,632139],[-6258,-9]],[[291837,632130],[-7038,-7915]],[[284799,624215],[-1594,-5]],[[283205,624210],[-11613,26764]],[[271592,650974],[886,8695]],[[284868,673717],[8635,-12]],[[259672,688574],[9,10773]],[[280133,703163],[6196,-15]],[[295086,673705],[-10218,12]],[[284868,673717],[-12390,-14048]],[[272478,659669],[-5358,-4693]],[[267120,654976],[-230,5500]],[[266890,660476],[-20,329]],[[266870,660805],[21,75]],[[266891,660880],[239,347]],[[267130,661227],[1947,6262]],[[269077,667489],[-1,121]],[[269076,667610],[-9404,20964]],[[259681,699347],[-14,-11140]],[[259667,688207],[-22848,-1090]],[[236819,687117],[-82,458]],[[236737,687575],[149,423]],[[236886,687998],[25,655]],[[236911,688653],[-66,152]],[[236845,688805],[22,452]],[[236867,689257],[4,2511]],[[236871,691768],[-1043,2426]],[[235828,694194],[-1216,6662]],[[234612,700856],[-528,694]],[[234084,701550],[-67,-75]],[[234017,701475],[-221,-94]],[[233796,701381],[-2638,3727]],[[231158,705108],[27,14065]],[[231185,719173],[-2605,25031]],[[228580,744204],[-361,10029]],[[228219,754233],[370,1843]],[[227246,830344],[1,-1476]],[[230991,766579],[-3201,-47]],[[227790,766532],[-25406,4156]],[[202384,770688],[-2987,5639]],[[199397,776327],[-31,31]],[[199366,776358],[-1515,230]],[[197851,776588],[-4155,53683]],[[193696,830271],[0,52]],[[204580,830291],[6400,-9]],[[227271,858965],[-25,-28621]],[[227246,830344],[-16266,-62]],[[210980,830282],[-6400,9]],[[204580,830291],[-10884,32]],[[193696,830323],[8,7270]],[[193704,837593],[-6918,4487]],[[186786,842080],[-13042,27]],[[173744,842107],[-20,12189]],[[173724,854296],[41600,23903]],[[369781,460101],[-63,-37]],[[369428,465994],[-74,288]],[[366526,470392],[-194,-74]],[[365686,471914],[-4,73]],[[366062,474392],[340,16]],[[370373,477096],[-26,-466]],[[371418,478013],[497,446]],[[375198,467479],[24,-153]],[[371915,478459],[-931,-849]],[[372368,498066],[122,173]],[[430648,477274],[-8992,-10]],[[421656,477264],[-20896,-36303]],[[400760,440961],[263,196]],[[401023,441157],[-167,-1289]],[[400856,439868],[-40,-341]],[[400816,439527],[27,-709]],[[400843,438818],[-367,-1199]],[[400476,437619],[-6594,-8719]],[[393882,428900],[-128,79]],[[393754,428979],[-7366,3]],[[386388,428982],[-2,-25]],[[386386,428957],[-12441,5323]],[[373945,434280],[-8425,16931]],[[365520,451211],[-344,1580]],[[369680,460043],[101,58]],[[369781,460101],[5441,7225]],[[375222,467326],[-24,153]],[[375198,467479],[-3283,10980]],[[366022,474391],[40,1]],[[366062,474392],[-380,-2405]],[[365682,471987],[4,-73]],[[365686,471914],[646,-1596]],[[366332,470318],[44,14]],[[362569,453594],[-812,352]],[[361757,453946],[-8128,-17549]],[[353629,436397],[-2183,442]],[[351446,436839],[259,2215]],[[351705,439054],[835,7810]],[[352540,446864],[6206,28985]],[[358746,475849],[-95,36]],[[338716,479917],[3371,-739]],[[342087,479178],[2274,-16410]],[[344361,462768],[-6006,1314]],[[338355,464082],[-8392,-2260]],[[329963,461822],[-364,-436]],[[329599,461386],[-5691,-5724]],[[323908,455662],[-42,-42]],[[323866,455620],[-36,76]],[[323830,455696],[-37,-36]],[[323793,455660],[-39,-273]],[[323754,455387],[-107,-101]],[[323647,455286],[-17,-370]],[[323630,454916],[-77,-171]],[[323553,454745],[-71,-49]],[[323482,454696],[-56,27]],[[323426,454723],[-922,-4490]],[[322504,450233],[-14867,33882]],[[307637,484115],[864,117]],[[308501,484232],[15739,8622]],[[324240,492854],[2382,-520]],[[326622,492334],[12094,-12417]],[[369428,465994],[290,-5930]],[[369718,460064],[-38,-21]],[[369680,460043],[-4504,-7252]],[[365176,452791],[-165,-642]],[[365011,452149],[-2021,1261]],[[362990,453410],[-421,184]],[[362569,453594],[3807,16738]],[[366376,470332],[150,60]],[[366526,470392],[2828,-4110]],[[369354,466282],[74,-288]],[[370373,477096],[-3971,-2688]],[[366402,474408],[-380,-17]],[[366022,474391],[-7371,1494]],[[358651,475885],[-148,65]],[[358503,475950],[-3573,2499]],[[354930,478449],[-9235,16891]],[[345695,495340],[61,530]],[[345756,495870],[-77,591]],[[345679,496461],[16,382]],[[345695,496843],[3093,9841]],[[348788,506684],[3998,-2]],[[372422,498142],[-54,-76]],[[372368,498066],[-1384,-20456]],[[370984,477610],[434,403]],[[371418,478013],[-1071,-1383]],[[370347,476630],[26,466]],[[405202,508536],[278,-306]],[[405759,507386],[49,-366]],[[405000,502738],[-13388,7362]],[[420384,502521],[-15384,217]],[[405000,502738],[808,4282]],[[405808,507020],[-49,366]],[[405759,507386],[-279,844]],[[405480,508230],[-709,743]],[[405676,510244],[179,57]],[[391563,520968],[4,7195]],[[391543,535528],[-4353,3194]],[[387178,539627],[5548,5]],[[416840,532699],[-7,-12219]],[[436589,521566],[6603,-21]],[[443236,480946],[-9412,-3670]],[[433824,477276],[-3176,-2]],[[430648,477274],[-10264,25247]],[[420384,502521],[-3551,17959]],[[416833,520480],[7,12219]],[[428981,541126],[3034,-6]],[[432029,541175],[2228,7]],[[391563,520968],[14292,-10667]],[[405855,510301],[-179,-57]],[[405676,510244],[-905,-1271]],[[404771,508973],[431,-437]],[[405202,508536],[-13590,1564]],[[391565,513033],[-2,7935]],[[428981,541126],[-12141,-8427]],[[416840,532699],[-24114,6933]],[[392726,539632],[-2820,-12]],[[387377,546678],[-2,10755]],[[435784,560763],[4892,5]],[[443208,558069],[0,-11766]],[[437230,541203],[-5201,-28]],[[432029,541175],[-14,-55]],[[432015,541120],[-3034,6]],[[391911,599812],[1804,-11]],[[391243,630199],[14740,-18195]],[[387375,557433],[-3,10655]],[[387381,575067],[8574,35]],[[401993,575110],[-14618,-17677]],[[443216,596899],[1,-11349]],[[420507,575171],[-18514,-61]],[[391905,596894],[14078,15110]],[[405983,612004],[25823,-12795]],[[391243,630199],[2472,-30398]],[[393715,599801],[-6365,10]],[[373536,612276],[-52,310]],[[370386,619471],[20,118]],[[370269,619870],[-104,246]],[[389190,631991],[2053,-1792]],[[401993,575110],[-6038,-8]],[[395955,575102],[-3027,-20]],[[392924,588188],[9069,-13078]],[[370165,620116],[-67,147]],[[377554,638226],[29,619]],[[378259,640674],[1032,658]],[[384770,639187],[4420,-7196]],[[389190,631991],[-19025,-11875]],[[377554,638226],[-7326,-17439]],[[360562,629129],[-704,703]],[[359858,629832],[-3,1080]],[[380887,650801],[3883,-11614]],[[384770,639187],[-5479,2145]],[[379291,641332],[-1032,-658]],[[378259,640674],[-676,-1829]],[[377583,638845],[-29,-619]],[[380887,650801],[-21032,-19889]],[[359855,630912],[3,-1080]],[[354807,629297],[-7355,-27]],[[350908,656190],[4,7889]],[[350983,683026],[-396,1194]],[[363302,679641],[17585,-28840]],[[377574,543836],[1589,7]],[[387082,538801],[4461,-3273]],[[391543,535528],[24,-7365]],[[391567,528163],[-2,-15130]],[[391565,513033],[47,-2933]],[[391612,510100],[-19122,-11861]],[[372490,498239],[-68,-97]],[[372422,498142],[-19636,8540]],[[352786,506682],[-2007,1]],[[350779,506683],[-6648,11256]],[[344131,517939],[2015,18370]],[[346146,536309],[-3392,10120]],[[342754,546429],[-9,11848]],[[352448,558261],[1399,1714]],[[376011,543829],[1563,7]],[[377574,543836],[-31428,-7527]],[[353847,559975],[634,772]],[[357144,565170],[339,337]],[[387372,568088],[5,-21410]],[[387377,546678],[2529,-7058]],[[389906,539620],[-2728,7]],[[387178,539627],[12,-905]],[[387190,538722],[-108,79]],[[387082,538801],[-7919,5042]],[[379163,543843],[-3152,-14]],[[376011,543829],[-22164,16146]],[[387372,568088],[-29889,-2581]],[[357483,565507],[-339,-337]],[[357144,565170],[-2663,-4423]],[[354481,560747],[-2033,-2486]],[[352448,558261],[-9703,16]],[[342745,558277],[-8,10020]],[[342737,568297],[-1796,12078]],[[340941,580375],[7776,6]],[[373707,611979],[13643,-12168]],[[387350,599811],[4561,1]],[[391911,599812],[-6,-2918]],[[391905,596894],[1019,-8706]],[[392924,588188],[4,-13106]],[[392928,575082],[-5547,-15]],[[387381,575067],[-9,-6979]],[[348717,580381],[-12613,9]],[[328932,611005],[-24,403]],[[328908,611408],[-2881,15766]],[[326027,627174],[6705,1]],[[344354,629260],[10453,37]],[[354807,629297],[5051,535]],[[359858,629832],[704,-703]],[[360562,629129],[9666,-8342]],[[370228,620787],[-130,-524]],[[370098,620263],[171,-393]],[[370269,619870],[137,-281]],[[370406,619589],[-20,-118]],[[370386,619471],[3098,-6885]],[[373484,612586],[52,-310]],[[373536,612276],[171,-297]],[[373707,611979],[-24990,-31598]],[[321372,596635],[177,474]],[[321549,597109],[170,31]],[[321719,597140],[327,453]],[[322046,597593],[35,172]],[[322081,597765],[-64,119]],[[322017,597884],[45,72]],[[322062,597956],[328,95]],[[322390,598051],[55,169]],[[322445,598220],[61,117]],[[322506,598337],[0,102]],[[322506,598439],[-64,75]],[[322442,598514],[321,87]],[[322763,598601],[50,11]],[[322813,598612],[15,-163]],[[322828,598449],[48,30]],[[322876,598479],[297,601]],[[323173,599080],[-3021,10658]],[[320152,609738],[-12,273]],[[320140,610011],[8776,1260]],[[328916,611271],[16,-266]],[[328932,611005],[7172,-30615]],[[336104,580390],[-4861,10]],[[331243,580400],[-3726,27]],[[327517,580427],[79,112]],[[327596,580539],[-103,1794]],[[327493,582333],[10,220]],[[327503,582553],[65,1105]],[[327568,583658],[-1775,7185]],[[325793,590843],[-125,98]],[[325668,590941],[-3228,3982]],[[322440,594923],[-316,463]],[[322124,595386],[-560,607]],[[321564,595993],[-121,-108]],[[321443,595885],[-19,217]],[[321424,596102],[-68,136]],[[321356,596238],[49,16]],[[321405,596254],[15,140]],[[321420,596394],[-86,-20]],[[321334,596374],[38,261]],[[350908,656190],[-3456,-26920]],[[347452,629270],[-3098,-10]],[[344354,629260],[-11622,-2085]],[[332732,627175],[-9554,4]],[[323178,627179],[-19538,4973]],[[303640,632152],[-5545,-13]],[[298095,632139],[-4592,41566]],[[293503,673705],[1583,0]],[[295086,673705],[-8757,29443]],[[286329,703148],[2470,-5]],[[298815,711609],[4481,-9]],[[308246,715595],[-1590,2931]],[[317628,720969],[58,125]],[[317784,721235],[9,273]],[[315891,724259],[41,259]],[[318532,727779],[32199,-29653]],[[349965,686087],[1018,-3061]],[[350983,683026],[-71,-18947]],[[350912,664079],[-4,-7889]],[[326572,705410],[-206,373]],[[326548,706115],[31,528]],[[326252,707182],[-77,188]],[[326041,709041],[-46,242]],[[325602,710214],[-238,579]],[[324524,710934],[-482,562]],[[363302,679641],[-12715,4579]],[[350587,684220],[-622,1867]],[[349965,686087],[766,12039]],[[350731,698126],[12571,-18485]],[[324042,711496],[482,-562]],[[324524,710934],[840,-141]],[[325364,710793],[238,-579]],[[325602,710214],[393,-931]],[[325995,709283],[46,-242]],[[326041,709041],[134,-1671]],[[326175,707370],[77,-188]],[[326252,707182],[327,-539]],[[326579,706643],[-31,-528]],[[326548,706115],[-182,-332]],[[326366,705783],[206,-373]],[[326572,705410],[-2530,6086]],[[304490,721436],[3756,-5841]],[[308246,715595],[-4950,-3995]],[[303296,711600],[-744,5]],[[299895,733900],[91,-85]],[[307527,735035],[176,568]],[[307795,735673],[146,-32]],[[307885,735024],[-132,-510]],[[307249,734070],[132,-527]],[[307762,733966],[94,234]],[[307960,734254],[45,-68]],[[303698,722459],[792,-1023]],[[304490,721436],[-1938,-9831]],[[302552,711605],[-3737,4]],[[298815,711609],[-3795,-2719]],[[293099,719925],[13,8383]],[[297008,734847],[258,414]],[[297272,735120],[541,-477]],[[298175,734637],[-266,-544]],[[298186,733624],[523,420]],[[299257,734261],[-128,-348]],[[299619,733304],[210,625]],[[315891,724259],[1902,-2751]],[[317793,721508],[-9,-273]],[[317784,721235],[-98,-141]],[[317686,721094],[-58,-125]],[[317628,720969],[-10972,-2443]],[[306656,718526],[-2958,3933]],[[303698,722459],[4307,11727]],[[308005,734186],[56,-102]],[[308263,733907],[-29,-145]],[[307938,733336],[-26,-194]],[[307989,732933],[73,-25]],[[308109,732925],[96,157]],[[308420,732236],[247,-264]],[[308674,731932],[-97,-183]],[[312854,727955],[61,-23]],[[312950,727863],[138,-359]],[[313563,726995],[439,-281]],[[314630,724778],[271,-607]],[[314991,724237],[900,22]],[[293099,719925],[1921,-11035]],[[295020,708890],[-6221,-5747]],[[288799,703143],[-8666,20]],[[280133,703163],[-20452,-3816]],[[259681,699347],[-31092,56729]],[[228589,756076],[-726,10456]],[[227863,766532],[3128,47]],[[230991,766579],[11938,12316]],[[256898,778998],[11882,-5565]],[[271040,767785],[1515,0]],[[272560,764942],[1748,0]],[[269679,752864],[8516,-9]],[[282944,754513],[-2,1132]],[[287755,756639],[2515,-504]],[[292226,757558],[-1546,-9328]],[[290863,743754],[32,-306]],[[291040,743436],[192,-123]],[[294429,738196],[182,-246]],[[294790,737450],[145,-427]],[[294743,735995],[335,-1294]],[[295588,734826],[160,427]],[[295287,736017],[103,117]],[[296126,736071],[311,35]],[[296239,735709],[7,-254]],[[296289,735464],[402,-544]],[[296721,734840],[287,7]],[[297008,734847],[-3896,-6539]],[[293112,728308],[-13,-8383]],[[318532,727779],[-2600,-3261]],[[315932,724518],[-941,-281]],[[314991,724237],[-90,-66]],[[314901,724171],[-271,607]],[[314630,724778],[-628,1936]],[[314002,726714],[-439,281]],[[313563,726995],[-475,509]],[[313088,727504],[-138,359]],[[312950,727863],[-35,69]],[[312915,727932],[-61,23]],[[312854,727955],[-4277,3794]],[[308577,731749],[97,183]],[[308674,731932],[-7,40]],[[308667,731972],[-247,264]],[[308420,732236],[-215,846]],[[308205,733082],[-96,-157]],[[308109,732925],[-47,-17]],[[308062,732908],[-73,25]],[[307989,732933],[-77,209]],[[307912,733142],[26,194]],[[307938,733336],[296,426]],[[308234,733762],[29,145]],[[308263,733907],[-202,177]],[[308061,734084],[-101,170]],[[307960,734254],[-104,-54]],[[307856,734200],[-94,-234]],[[307762,733966],[-381,-423]],[[307381,733543],[-132,527]],[[307249,734070],[504,444]],[[307753,734514],[132,510]],[[307885,735024],[56,617]],[[307941,735641],[-146,32]],[[307795,735673],[-92,-70]],[[307703,735603],[-176,-568]],[[307527,735035],[-7541,-1220]],[[299986,733815],[-91,85]],[[299895,733900],[-66,29]],[[299829,733929],[-210,-625]],[[299619,733304],[-490,609]],[[299129,733913],[128,348]],[[299257,734261],[-548,-217]],[[298709,734044],[-523,-420]],[[298186,733624],[-277,469]],[[297909,734093],[266,544]],[[298175,734637],[-362,6]],[[297813,734643],[-541,477]],[[297272,735120],[-6,141]],[[297266,735261],[-545,-421]],[[296721,734840],[-30,80]],[[296691,734920],[-402,544]],[[296289,735464],[-43,-9]],[[296246,735455],[-7,254]],[[296239,735709],[198,397]],[[296437,736106],[-311,-35]],[[296126,736071],[-736,63]],[[295390,736134],[-103,-117]],[[295287,736017],[461,-764]],[[295748,735253],[-160,-427]],[[295588,734826],[-510,-125]],[[295078,734701],[-335,1294]],[[294743,735995],[192,1028]],[[294935,737023],[-145,427]],[[294790,737450],[-179,500]],[[294611,737950],[-182,246]],[[294429,738196],[-3197,5117]],[[291232,743313],[-192,123]],[[291040,743436],[-145,12]],[[290895,743448],[-32,306]],[[290863,743754],[-183,4476]],[[290680,748230],[27852,-20451]],[[287755,756639],[-4813,-994]],[[282942,755645],[-4,2187]],[[282203,759073],[2,2648]],[[281175,763192],[-1,2208]],[[286226,771990],[6000,-14432]],[[292226,757558],[-1956,-1423]],[[290270,756135],[-2515,504]],[[273644,752859],[-3965,5]],[[269679,752864],[3967,7169]],[[282203,759055],[0,18]],[[282203,759073],[735,-1241]],[[282938,757832],[6,-3319]],[[282944,754513],[-4749,-1658]],[[278195,752855],[-4551,4]],[[273644,752859],[2,7174]],[[273646,760033],[662,4909]],[[274308,764942],[3860,3]],[[278196,764220],[3542,-5147]],[[281175,763192],[1030,-1471]],[[282205,761721],[-2,-2666]],[[282203,759055],[-465,18]],[[281738,759073],[-3542,5147]],[[278196,764220],[-28,725]],[[278168,764945],[-5608,-3]],[[272560,764942],[-5,2843]],[[272555,767785],[1030,1]],[[275222,773261],[505,-139]],[[281174,765400],[1,-2208]],[[286226,771990],[-5052,-6590]],[[281174,765400],[-5447,7722]],[[275727,773122],[-1591,440]],[[274487,777610],[11739,-5620]],[[270109,779114],[-16,577]],[[270742,779690],[3745,-2080]],[[274487,777610],[-351,-4048]],[[274136,773562],[1086,-301]],[[275222,773261],[-1637,-5475]],[[273585,767786],[-2545,-1]],[[271040,767785],[-2260,5648]],[[268780,773433],[-285,0]],[[270109,779114],[-977,-1269]],[[269082,778784],[-16,65]],[[265017,787507],[1192,-3]],[[266331,794789],[4411,-15099]],[[270742,779690],[-649,1]],[[270093,779691],[16,-577]],[[261964,787514],[3053,-7]],[[265017,787507],[4049,-8658]],[[269066,778849],[16,-65]],[[269082,778784],[50,-939]],[[269132,777845],[-637,-4412]],[[268495,773433],[-6535,5603]],[[266209,787504],[-4245,10]],[[261964,787514],[-4,-8478]],[[261960,779036],[-5062,-38]],[[256898,778998],[-13969,-103]],[[242929,778895],[15,14225]],[[265562,798077],[769,-3288]],[[266331,794789],[-122,-7285]],[[265562,798077],[-22618,-4957]],[[242944,793120],[-15697,35748]],[[227247,828868],[24,30097]],[[227271,858965],[-11947,19234]],[[215324,878199],[13059,-1403]],[[228753,858649],[979,-90]],[[248867,863114],[1413,-1403]],[[250671,861632],[977,958]],[[252338,863070],[13224,-64993]],[[229732,858559],[-979,90]],[[228753,858649],[-370,18147]],[[228383,876796],[23955,-13726]],[[252338,863070],[-690,-480]],[[251648,862590],[-977,-958]],[[250671,861632],[-391,79]],[[250280,861711],[-1413,1403]],[[248867,863114],[-19135,-4555]],[[479410,458349],[25,-7787]],[[469019,446760],[-333,-266]],[[464569,446426],[-37,-127]],[[464159,444329],[-40,-63]],[[462723,444288],[1,132]],[[462724,444420],[-1,-43]],[[462542,444601],[-891,1439]],[[439017,450293],[4195,22431]],[[443212,472724],[13,2374]],[[469806,482134],[225,517]],[[476348,493493],[8242,9]],[[488347,476179],[-9,-4318]],[[479542,459116],[-16818,-14696]],[[476348,493493],[-6317,-10842]],[[470031,482651],[207,496]],[[465518,486932],[5,17276]],[[468404,515352],[-275,264]],[[487722,510042],[106,-83]],[[488044,509877],[11,-129]],[[487709,509298],[-183,-186]],[[487363,509019],[-435,-324]],[[484884,502811],[394,278]],[[485568,502939],[62,-77]],[[485852,502550],[57,-324]],[[484499,499837],[158,-494]],[[486368,496409],[1515,-10]],[[486350,487530],[-1760,5972]],[[484590,493502],[-8242,-9]],[[465518,486932],[4720,-3785]],[[470238,483147],[-432,-1013]],[[469806,482134],[-26581,-7036]],[[443225,475098],[11,2161]],[[443236,477259],[0,3687]],[[443236,480946],[-44,40599]],[[443192,521545],[13208,-4]],[[467717,516014],[687,-662]],[[468404,515352],[-2881,-11144]],[[465523,504208],[-5,-17276]],[[491764,526862],[-25,-111]],[[491268,520242],[54,-323]],[[487582,510157],[140,-115]],[[487722,510042],[-9990,11495]],[[485825,529607],[2,3883]],[[492961,528729],[-73,-134]],[[485829,535932],[-4,-6325]],[[485825,529607],[-8093,-8070]],[[477732,521537],[-9603,-5921]],[[468129,515616],[-412,398]],[[467717,516014],[-11317,5527]],[[456400,521541],[-2024,14212]],[[454367,535760],[12,5444]],[[462389,541136],[0,-22]],[[473668,537673],[0,11545]],[[472658,554982],[-1016,2873]],[[473669,544890],[-1,-7217]],[[473668,537673],[-10151,1829]],[[463517,539502],[-1128,1612]],[[462389,541114],[-6,8108]],[[469614,554980],[3044,2]],[[472658,554982],[1010,-5764]],[[473668,549218],[1,-4328]],[[473669,544890],[-10152,-5388]],[[452013,589032],[115,-579]],[[452861,589009],[76,-80]],[[453970,590325],[89,7]],[[470479,583952],[-5,-83]],[[471641,559290],[-2027,-4310]],[[469614,554980],[-7231,-5758]],[[462383,549222],[6,-8086]],[[462389,541136],[-8010,68]],[[454379,541204],[4,2799]],[[443207,549686],[1,8532]],[[454391,560241],[0,14944]],[[443208,558218],[0,-149]],[[443208,558069],[-2532,2699]],[[440676,560768],[-2529,-3]],[[443216,572303],[0,24596]],[[443216,596899],[7,953]],[[444477,597851],[228,-286]],[[446272,598424],[87,-21]],[[451257,594016],[-26,-181]],[[450716,593172],[-21,-161]],[[451025,591959],[86,-25]],[[452013,589032],[2378,-13847]],[[454391,575185],[0,-14944]],[[454391,560241],[-11183,-2023]],[[443217,585550],[-1,-13247]],[[443216,572303],[-5069,-11538]],[[438147,560765],[-2363,-2]],[[435784,560763],[-15277,14408]],[[420507,575171],[22710,10379]],[[436589,521566],[-2324,14203]],[[442568,535769],[11799,-9]],[[454367,535760],[9,-7]],[[454376,535753],[-17787,-14187]],[[442568,535769],[-8303,0]],[[434265,535769],[-8,5413]],[[434257,541182],[2973,21]],[[437230,541203],[5978,5100]],[[443208,546303],[-1,3383]],[[443207,549686],[11176,-5683]],[[454383,544003],[-16,-8243]],[[454367,535760],[-11799,9]],[[489967,534016],[-4140,-526]],[[485827,533490],[2,2442]],[[485829,535932],[-14187,21923]],[[471642,557855],[-1,1435]],[[471641,559290],[-1167,24579]],[[470474,583869],[-5,-48]],[[476527,586241],[338,833]],[[480806,579846],[24,-215]],[[480917,572076],[17,-376]],[[491257,561256],[-74,-35]],[[491064,561237],[-252,226]],[[490379,559825],[239,-746]],[[490648,558314],[455,-1755]],[[490986,556231],[-192,-870]],[[493265,543452],[-1385,-732]],[[516263,535127],[180,85]],[[510165,521530],[7,1017]],[[510468,535778],[162,-27]],[[512369,535877],[379,-12]],[[514108,536454],[151,48]],[[514465,536289],[124,-13]],[[515003,536093],[62,-33]],[[515174,535937],[301,-184]],[[498991,536147],[-482,400]],[[497212,537347],[-192,210]],[[494061,540728],[-165,-221]],[[493750,542104],[-327,408]],[[492744,541957],[-67,114]],[[492855,543118],[410,334]],[[493265,543452],[-2471,11909]],[[490794,555361],[192,870]],[[490986,556231],[129,251]],[[494014,551225],[4143,-5]],[[514108,536454],[-1360,-589]],[[512748,535865],[-379,12]],[[512369,535877],[-1739,-126]],[[510630,535751],[-162,27]],[[510468,535778],[-296,-13231]],[[510172,522547],[-6,-3467]],[[512515,515458],[86,-152]],[[512430,510347],[-13409,-18]],[[498146,496357],[-11778,52]],[[486368,496409],[-1711,2934]],[[484657,499343],[-158,494]],[[484499,499837],[1410,2389]],[[485909,502226],[-57,324]],[[485852,502550],[-222,312]],[[485630,502862],[-62,77]],[[485568,502939],[-290,150]],[[485278,503089],[-394,-278]],[[484884,502811],[2044,5884]],[[486928,508695],[435,324]],[[487363,509019],[163,93]],[[487526,509112],[183,186]],[[487709,509298],[346,450]],[[488055,509748],[-11,129]],[[488044,509877],[-216,82]],[[487828,509959],[-246,198]],[[487582,510157],[3740,9762]],[[491322,519919],[-54,323]],[[491268,520242],[471,6509]],[[491739,526751],[25,111]],[[491764,526862],[1124,1733]],[[492888,528595],[73,134]],[[492961,528729],[-2994,5287]],[[489967,534016],[1913,8704]],[[491880,542720],[975,398]],[[492855,543118],[-178,-1047]],[[492677,542071],[67,-114]],[[492744,541957],[679,555]],[[493423,542512],[327,-408]],[[493750,542104],[146,-1597]],[[493896,540507],[165,221]],[[494061,540728],[2959,-3171]],[[497020,537557],[192,-210]],[[497212,537347],[1297,-800]],[[498509,536547],[482,-400]],[[498991,536147],[-834,15073]],[[498157,551220],[-4143,5]],[[494014,551225],[-2899,5257]],[[491115,556482],[-12,77]],[[491103,556559],[-455,1755]],[[490648,558314],[-30,765]],[[490618,559079],[-239,746]],[[490379,559825],[433,1638]],[[490812,561463],[252,-226]],[[491064,561237],[119,-16]],[[491183,561221],[25,8]],[[493385,560690],[3842,4]],[[497235,555776],[1780,-4]],[[510140,560696],[0,42]],[[521326,560726],[-5,-595]],[[525996,542666],[370,-11]],[[525935,538790],[2954,-681]],[[528412,531947],[-2220,-12]],[[524131,531837],[-7688,3375]],[[516443,535212],[-180,-85]],[[516263,535127],[-788,626]],[[515475,535753],[-301,184]],[[515174,535937],[-109,123]],[[515065,536060],[-62,33]],[[515003,536093],[-414,183]],[[514589,536276],[-124,13]],[[514465,536289],[-206,213]],[[514259,536502],[-151,-48]],[[499015,555772],[-1780,4]],[[497235,555776],[-8,4918]],[[497227,560694],[12,0]],[[510146,564385],[-6,-3689]],[[510140,560696],[-11125,-4924]],[[521335,580311],[-9,-19585]],[[521326,560726],[-11186,12]],[[510140,560738],[6,3647]],[[510146,564385],[-12907,-3691]],[[497239,560694],[-3854,-4]],[[493385,560690],[-2177,539]],[[491208,561229],[49,27]],[[491257,561256],[-10323,10444]],[[480934,571700],[-17,376]],[[480917,572076],[-87,7555]],[[480830,579631],[-24,215]],[[480806,579846],[-934,437]],[[485087,580301],[22016,-2]],[[485087,580301],[-5215,-18]],[[479872,580283],[-3007,6791]],[[476865,587074],[-166,-353]],[[475479,593081],[1803,-10]],[[481764,599250],[428,7]],[[487151,601293],[17,-161]],[[487083,600971],[-14,-154]],[[487704,600143],[141,-193]],[[488243,598465],[-35,-736]],[[503063,580302],[-17976,-1]],[[523616,597048],[13,-8422]],[[521336,588631],[-1,-8320]],[[521335,580311],[-14232,-12]],[[507103,580299],[-4040,3]],[[503063,580302],[-14855,17427]],[[488208,597729],[35,736]],[[488243,598465],[-383,1467]],[[519314,615709],[2031,2]],[[521346,615441],[-6,-18384]],[[489884,636874],[-2,-14473]],[[489881,616656],[-2021,-16724]],[[487860,599932],[-15,18]],[[487845,599950],[-141,193]],[[487704,600143],[-635,674]],[[487069,600817],[14,154]],[[487083,600971],[85,161]],[[487168,601132],[-17,161]],[[487151,601293],[-4959,-2036]],[[482192,599257],[-428,-7]],[[481764,599250],[-678,694]],[[481086,599944],[-7,397]],[[476793,652416],[11038,-4548]],[[475479,593081],[1220,-6360]],[[476699,586721],[-172,-480]],[[476527,586241],[-6058,-2420]],[[470469,583821],[10,131]],[[470479,583952],[-16420,6380]],[[454059,590332],[-89,-7]],[[453970,590325],[-1033,-1396]],[[452937,588929],[-76,80]],[[452861,589009],[-733,-556]],[[452128,588453],[-115,579]],[[452013,589032],[-902,2902]],[[451111,591934],[-86,25]],[[451025,591959],[-330,1052]],[[450695,593011],[21,161]],[[450716,593172],[515,663]],[[451231,593835],[12,91]],[[465446,653053],[11347,-637]],[[476793,652416],[4286,-52075]],[[481079,600341],[7,-397]],[[481086,599944],[-3804,-6873]],[[477282,593071],[-1803,10]],[[451243,593926],[14,90]],[[451257,594016],[-4898,4387]],[[446359,598403],[-87,21]],[[446272,598424],[-1567,-859]],[[444705,597565],[-228,286]],[[444477,597851],[-1254,1]],[[443223,597852],[-11417,1357]],[[431806,599209],[33640,53844]],[[465446,653053],[-14203,-59127]],[[519314,615709],[-29433,947]],[[489881,616656],[1,5745]],[[489882,622401],[1,8652]],[[510158,623504],[0,-1079]],[[518600,615708],[714,1]],[[510168,644936],[-10,-21432]],[[510158,623504],[-20275,7549]],[[489883,631053],[1,5821]],[[489884,636874],[-2053,10994]],[[487831,647868],[22335,9661]],[[539669,619948],[-7173,-35]],[[523517,615431],[-2171,10]],[[521346,615441],[-1,270]],[[521345,615711],[-2745,-3]],[[518600,615708],[-8442,6717]],[[510158,622425],[10,22511]],[[510168,644936],[-2,12593]],[[510166,657529],[29509,-34962]],[[541577,575985],[187,1]],[[537994,567138],[-14,-12185]],[[531723,544749],[-4964,1168]],[[526354,542656],[-358,10]],[[525996,542666],[-4675,17465]],[[521321,560131],[15,28500]],[[521336,588631],[2293,-5]],[[523629,588626],[-14,5132]],[[531311,594112],[5095,-13796]],[[539957,575417],[1376,-6]],[[533416,534698],[-107,510]],[[532469,531945],[-4057,2]],[[528412,531947],[477,6162]],[[528889,538109],[997,-230]],[[530302,541426],[3975,-916]],[[526354,542656],[405,3261]],[[526759,545917],[5940,-1394]],[[532289,540968],[-1987,458]],[[530302,541426],[-416,-3547]],[[529886,537879],[-3951,911]],[[525935,538790],[431,3865]],[[526366,542655],[-12,1]],[[535676,599918],[197,-1]],[[531973,592311],[-662,1801]],[[531311,594112],[-7696,-354]],[[523615,593758],[1,3290]],[[523616,597048],[-2276,9]],[[521340,597057],[2177,18374]],[[523517,615431],[8979,4482]],[[532496,619913],[5134,24]],[[535665,606468],[-4,-6533]],[[452952,407191],[407,-524]],[[456848,403634],[-83,-260]],[[481178,382376],[8,-936]],[[471848,337460],[27,374]],[[471722,340318],[-477,164]],[[466954,339298],[-735,443]],[[466015,340174],[-715,979]],[[462179,342157],[-72,-84]],[[458045,347297],[178,1592]],[[454253,359043],[32,260]],[[472739,382892],[-15974,20482]],[[456765,403374],[83,260]],[[456848,403634],[-2229,3170]],[[454309,408619],[241,272]],[[455001,409907],[315,34]],[[503955,392702],[-1044,-61]],[[502827,392446],[-567,949]],[[481168,383420],[10,-1044]],[[481178,382376],[-8439,516]],[[472739,382892],[-17423,27049]],[[455316,409941],[-315,-34]],[[455001,409907],[-451,-1016]],[[454550,408891],[-241,-272]],[[454309,408619],[310,-1815]],[[454619,406804],[-1260,-137]],[[453359,406667],[-1790,2309]],[[446238,421450],[300,74]],[[461829,445755],[713,-1154]],[[462542,444601],[181,-224]],[[462723,444377],[0,-89]],[[462723,444288],[1396,-22]],[[464119,444266],[213,-125]],[[464542,443329],[-40,-838]],[[464400,441758],[-4,-420]],[[464739,441506],[-192,-695]],[[472955,429027],[-1,-2854]],[[483446,423348],[382,-702]],[[483908,422695],[680,-527]],[[484594,422104],[22,-1033]],[[503070,419189],[691,-209]],[[505236,418709],[346,403]],[[505591,420553],[55,631]],[[505696,421706],[-117,1030]],[[505584,422804],[309,703]],[[506335,423822],[235,1037]],[[506617,424911],[154,33]],[[507084,425158],[374,-43]],[[507835,425251],[857,-463]],[[511277,404517],[181,-326]],[[439017,450293],[22634,-4253]],[[461651,446040],[178,-285]],[[461829,445755],[-15291,-24231]],[[446538,421524],[-2165,-529]],[[444373,420995],[-17271,8619]],[[427102,429614],[995,443]],[[428097,430057],[544,5420]],[[428641,435477],[186,1656]],[[428827,437133],[10190,13160]],[[472959,434678],[-4,-5651]],[[472955,429027],[-8408,11784]],[[464547,440811],[192,695]],[[464739,441506],[-343,-168]],[[464396,441338],[4,420]],[[464400,441758],[102,733]],[[464502,442491],[40,838]],[[464542,443329],[-210,812]],[[464332,444141],[-173,188]],[[464159,444329],[373,1970]],[[464532,446299],[37,127]],[[464569,446426],[4117,68]],[[468686,446494],[1410,-300]],[[472135,446985],[88,-91]],[[483536,431457],[-840,-1768]],[[482728,428053],[591,-4384]],[[483365,423554],[81,-206]],[[483446,423348],[-10492,2825]],[[472954,426173],[5,8505]],[[472959,434678],[-736,12216]],[[472223,446894],[-88,91]],[[472135,446985],[-2039,-791]],[[470096,446194],[-1077,566]],[[469019,446760],[10416,3802]],[[479435,450562],[6,-2102]],[[499021,448769],[-15,-1563]],[[479441,448460],[-31,9889]],[[479410,458349],[132,767]],[[479542,459116],[8796,12745]],[[488338,471861],[0,18]],[[490305,471619],[167,-144]],[[490713,471100],[237,164]],[[499032,449373],[-11,-604]],[[499021,448769],[-19580,-309]],[[547032,441772],[-32,-609]],[[539081,436547],[-841,2]],[[520119,435481],[-332,-76]],[[509164,424338],[-1329,913]],[[507835,425251],[-377,-136]],[[507458,425115],[-374,43]],[[507084,425158],[-313,-214]],[[506771,424944],[-154,-33]],[[506617,424911],[-47,-52]],[[506570,424859],[-235,-1037]],[[506335,423822],[-442,-315]],[[505893,423507],[-309,-703]],[[505584,422804],[-5,-68]],[[505579,422736],[117,-1030]],[[505696,421706],[-50,-522]],[[505646,421184],[-55,-631]],[[505591,420553],[-9,-1441]],[[505582,419112],[-346,-403]],[[505236,418709],[-1475,271]],[[503761,418980],[-691,209]],[[503070,419189],[-18454,1882]],[[484616,421071],[-22,1033]],[[484594,422104],[-6,64]],[[484588,422168],[-680,527]],[[483908,422695],[-80,-49]],[[483828,422646],[-463,908]],[[483365,423554],[-46,115]],[[483319,423669],[-591,4384]],[[482728,428053],[-32,1636]],[[482696,429689],[840,1768]],[[483536,431457],[15470,15749]],[[499006,447206],[26,2167]],[[499032,449373],[-8082,21891]],[[490950,471264],[-237,-164]],[[490713,471100],[-241,375]],[[490472,471475],[-167,144]],[[490305,471619],[-1967,260]],[[488338,471879],[9,4300]],[[488347,476179],[-1997,11351]],[[486350,487530],[1533,8869]],[[487883,496399],[10263,-42]],[[498146,496357],[875,13972]],[[499021,510329],[11149,10]],[[544930,451706],[-18,-2544]],[[545210,475083],[-17,-876]],[[560056,448344],[101,-27]],[[558763,447970],[-184,-226]],[[558030,446328],[-14,-441]],[[557524,437550],[-918,-2411]],[[553410,439195],[-138,348]],[[547022,441586],[10,186]],[[547032,441772],[-2120,7390]],[[544912,449162],[18,2544]],[[544930,451706],[-34760,58633]],[[510170,510339],[2260,8]],[[512430,510347],[171,4959]],[[512601,515306],[-86,152]],[[512515,515458],[-2349,3622]],[[510166,519080],[-1,2450]],[[510165,521530],[13966,10307]],[[524131,531837],[2061,98]],[[526192,531935],[6277,10]],[[532469,531945],[840,3263]],[[533309,535208],[107,-510]],[[533416,534698],[2136,-757]],[[536096,533847],[170,-224]],[[536900,532226],[53,-48]],[[542648,530317],[86,-17764]],[[545210,475083],[-2476,37470]],[[542734,512553],[5,4708]],[[547268,519402],[3993,-8856]],[[553989,471264],[-8796,2943]],[[545193,474207],[17,876]],[[558177,489210],[-6916,21336]],[[551261,510546],[-16,6704]],[[555830,524337],[55,378]],[[556642,525103],[-20,375]],[[555483,526984],[-28,46]],[[555258,527026],[-51,-42]],[[564600,529861],[104,-289]],[[567344,520932],[2045,-5656]],[[586393,492323],[2326,-9614]],[[588482,478519],[1313,-505]],[[590076,477651],[32,-108]],[[590928,473753],[-12,-105]],[[590323,456873],[-427,91]],[[561609,447966],[-1553,378]],[[560056,448344],[-6067,22920]],[[553989,471264],[4188,17946]],[[558177,489210],[11212,26066]],[[569389,515276],[-2045,5656]],[[567344,520932],[-2640,8640]],[[564704,529572],[-110,307]],[[574856,536247],[188,36]],[[553468,527880],[-59,-152]],[[554389,526951],[218,3]],[[555187,526975],[71,51]],[[555258,527026],[197,4]],[[555455,527030],[28,-46]],[[555483,526984],[1139,-1506]],[[556622,525478],[20,-375]],[[556642,525103],[-757,-388]],[[555885,524715],[-55,-378]],[[555830,524337],[-4585,-7087]],[[551245,517250],[-3977,2152]],[[547268,519402],[-4529,-2141]],[[542739,517261],[27,13090]],[[544213,530318],[165,134]],[[544857,531104],[167,-28]],[[545200,530735],[142,5]],[[546559,530337],[110,163]],[[546839,530247],[-158,-380]],[[546858,529331],[146,-456]],[[552590,530073],[10,-72]],[[552640,529765],[59,-129]],[[552810,529576],[207,-40]],[[586393,492323],[-11349,43960]],[[575044,536283],[-31,-5]],[[574760,540771],[73,4610]],[[570057,569346],[1478,-12]],[[575060,580309],[2071,16]],[[599991,519274],[-616,-6425]],[[590023,478187],[-1541,332]],[[588482,478519],[237,4190]],[[588719,482709],[-2326,9614]],[[593673,456589],[-6,377]],[[593705,458147],[-174,286]],[[603381,469385],[209,8]],[[608605,507586],[-94,266]],[[607772,510492],[99,143]],[[607837,511220],[-4566,876]],[[599651,515730],[340,3544]],[[599991,519274],[-22860,61051]],[[577131,580325],[2538,13841]],[[594777,596843],[-194,-1691]],[[622066,570497],[3910,-3850]],[[622600,561980],[-284,-2359]],[[631433,537814],[-19,-134]],[[626715,525983],[-139,-24]],[[631555,482979],[-64,-606]],[[630064,480535],[-98,-68]],[[635233,399853],[-37,-157]],[[634743,398987],[-536,-254]],[[634724,391545],[-7,-235]],[[603504,544923],[-7237,10856],[-3919,-3572],[937,-12922],[10219,5638]],[[594583,595152],[760,6779]],[[598723,611165],[6029,-717]],[[619830,595828],[536,-125]],[[622105,573927],[-240,-93]],[[621740,573767],[-170,-46]],[[619711,570977],[2355,-480]],[[622066,570497],[-27483,24655]],[[626059,567448],[-6348,3529]],[[619711,570977],[1859,2744]],[[621570,573721],[170,46]],[[621740,573767],[125,67]],[[621865,573834],[240,93]],[[622105,573927],[-1739,21776]],[[620366,595703],[773,-180]],[[628291,604533],[2756,-469]],[[634939,592312],[264,-1076]],[[621139,595523],[-1309,305]],[[619830,595828],[-15078,14620]],[[604752,610448],[-43,743]],[[614077,625130],[23001,-11390]],[[636184,603603],[1,-384]],[[633266,603685],[-4975,848]],[[628291,604533],[-7152,-9010]],[[598723,611165],[-3380,-9234]],[[595343,601931],[-566,-5088]],[[594777,596843],[-9463,-1980]],[[585341,598723],[156,375]],[[582264,612689],[16459,-1524]],[[604709,611191],[9368,13939]],[[614077,625130],[-9368,-13939]],[[654279,568963],[20,-216]],[[652815,567198],[-435,-1112]],[[641435,570108],[-6232,21128]],[[635203,591236],[-264,1076]],[[634939,592312],[-3892,11752]],[[631047,604064],[2219,-379]],[[633266,603685],[2919,-466]],[[636185,603219],[-1,384]],[[636184,603603],[894,10137]],[[637078,613740],[6633,-210]],[[648885,594263],[101,93]],[[648846,592431],[108,-18]],[[649244,592397],[-398,34]],[[648846,592431],[140,1925]],[[648986,594356],[61,49]],[[651567,606749],[9294,-4531]],[[661615,600007],[181,-127]],[[663658,598434],[1322,-232]],[[661954,590716],[-442,131]],[[751940,570828],[599,-131]],[[748187,539708],[-582,381]],[[745612,586662],[359,3167]],[[752239,588102],[4138,-886]],[[724815,603999],[-93,-807]],[[721798,590453],[-219,-404]],[[716023,597646],[2,18]],[[710741,608578],[17961,20868]],[[700986,600103],[-350,-3025]],[[697446,594336],[162,-278]],[[688443,576619],[0,-48]],[[688132,531548],[-142,46]],[[688028,527645],[-413,212]],[[687299,527356],[-24,-56]],[[687182,527227],[-153,-297]],[[687004,526893],[-95,39]],[[686861,527174],[-110,-107]],[[686624,527042],[-168,-285]],[[686384,526690],[-15,-98]],[[686611,524902],[144,-129]],[[686351,524293],[-54,-953]],[[686231,523206],[143,-186]],[[686440,522740],[-133,-121]],[[687297,521380],[10,-49]],[[686869,519188],[38,-280]],[[689694,510620],[916,-959]],[[691780,508444],[734,-1024]],[[693415,501005],[286,-664]],[[667173,496833],[213,129]],[[669089,502036],[1644,8127]],[[660893,530290],[42,64]],[[665335,554059],[-58,69]],[[654286,568892],[-7,71]],[[654279,568963],[-5325,23450]],[[648954,592413],[290,-16]],[[649244,592397],[12268,-1550]],[[661512,590847],[442,-131]],[[661954,590716],[3026,7486]],[[664980,598202],[36957,13106]],[[702614,609835],[-459,-4508]],[[661796,599880],[-181,127]],[[661615,600007],[-754,2211]],[[660861,602218],[2797,-3784]],[[663658,598434],[-1862,1446]],[[651567,606749],[-2520,-12344]],[[649047,594405],[-162,-142]],[[648885,594263],[-5174,19267]],[[643711,613530],[7856,-6781]],[[688443,576571],[5,-1174]],[[690554,566708],[100,-244]],[[692241,540328],[-6,-320]],[[691021,533935],[-47,-665]],[[688270,531420],[-138,128]],[[688132,531548],[311,45023]],[[693626,499082],[-8,-149]],[[693642,498447],[-410,-666]],[[692876,496035],[123,-524]],[[693419,495239],[111,-698]],[[693467,494156],[873,-523]],[[709006,475906],[-458,-65]],[[694608,477220],[-277,84]],[[693303,477500],[-639,350]],[[688719,478585],[133,-57]],[[686070,491991],[7602,7794]],[[691558,459176],[19,-161]],[[688674,478605],[45,-20]],[[688719,478585],[2943,572]],[[692291,476266],[48,-449]],[[692346,475726],[-165,-503]],[[692365,474486],[-122,-278]],[[708548,475841],[875,-261]],[[716265,472205],[308,-31]],[[719202,469621],[210,-186]],[[719643,469312],[113,-294]],[[719627,467718],[-17,-1053]],[[705503,437594],[-323,-2556]],[[691589,458917],[-31,259]],[[691558,459176],[685,15032]],[[692243,474208],[122,278]],[[692365,474486],[-184,737]],[[692181,475223],[165,503]],[[692346,475726],[-7,91]],[[692339,475817],[-48,449]],[[692291,476266],[-629,2891]],[[691662,479157],[1002,-1307]],[[692664,477850],[639,-350]],[[693303,477500],[1028,-196]],[[694331,477304],[277,-84]],[[694608,477220],[13940,-1379]],[[701059,578707],[285,-458]],[[690584,566970],[-2136,8427]],[[688448,575397],[-5,1222]],[[688443,576619],[9165,17439]],[[697608,594058],[-162,278]],[[697446,594336],[3190,2742]],[[700636,597078],[59,515]],[[702815,596475],[158,-304]],[[715982,597264],[41,382]],[[716023,597646],[5556,-7597]],[[721579,590049],[-65,-110]],[[721339,573528],[-137,-1336]],[[709782,575064],[-115,-235]],[[701344,578249],[-285,458]],[[701059,578707],[8608,-3878]],[[709667,574829],[115,235]],[[709782,575064],[11420,-2872]],[[721202,572192],[-67,-658]],[[739213,593300],[69,752]],[[745773,588188],[-161,-1526]],[[745612,586662],[1993,-46573]],[[747605,540089],[876,-737]],[[745943,457289],[-1276,16]],[[723554,461098],[-3944,5567]],[[719610,466665],[17,1053]],[[719627,467718],[129,1300]],[[719756,469018],[-113,294]],[[719643,469312],[-231,123]],[[719412,469435],[-210,186]],[[719202,469621],[-2629,2553]],[[716573,472174],[-308,31]],[[716265,472205],[-6842,3375]],[[709423,475580],[-417,326]],[[709006,475906],[-14666,17727]],[[694340,493633],[-873,523]],[[693467,494156],[63,385]],[[693530,494541],[-111,698]],[[693419,495239],[-420,272]],[[692999,495511],[-123,524]],[[692876,496035],[356,1746]],[[693232,497781],[410,666]],[[693642,498447],[-24,486]],[[693618,498933],[8,149]],[[693626,499082],[46,703]],[[693672,499785],[29,556]],[[693701,500341],[-286,664]],[[693415,501005],[-901,6415]],[[692514,507420],[-734,1024]],[[691780,508444],[-1170,1217]],[[690610,509661],[-916,959]],[[689694,510620],[-2787,8288]],[[686907,518908],[-38,280]],[[686869,519188],[438,2143]],[[687307,521331],[-10,49]],[[687297,521380],[-990,1239]],[[686307,522619],[133,121]],[[686440,522740],[-66,280]],[[686374,523020],[-143,186]],[[686231,523206],[66,134]],[[686297,523340],[54,953]],[[686351,524293],[404,480]],[[686755,524773],[-144,129]],[[686611,524902],[-242,1690]],[[686369,526592],[15,98]],[[686384,526690],[72,67]],[[686456,526757],[168,285]],[[686624,527042],[127,25]],[[686751,527067],[110,107]],[[686861,527174],[48,-242]],[[686909,526932],[95,-39]],[[687004,526893],[25,37]],[[687029,526930],[153,297]],[[687182,527227],[93,73]],[[687275,527300],[24,56]],[[687299,527356],[316,501]],[[687615,527857],[413,-212]],[[688028,527645],[-38,3949]],[[687990,531594],[280,-174]],[[688270,531420],[2704,1850]],[[690974,533270],[47,665]],[[691021,533935],[1214,6073]],[[692235,540008],[6,320]],[[692241,540328],[-1587,26136]],[[690654,566464],[-100,244]],[[690554,566708],[30,262]],[[690584,566970],[10760,11279]],[[701937,611308],[8804,-2730]],[[710741,608578],[5284,-10914]],[[716025,597664],[-43,-400]],[[715982,597264],[-13009,-1093]],[[702973,596171],[-158,304]],[[702815,596475],[-2120,1118]],[[700695,597593],[291,2510]],[[700986,600103],[1169,5224]],[[702155,605327],[459,4508]],[[702614,609835],[-677,1473]],[[739440,595501],[-227,-2201]],[[739213,593300],[-18078,-21766]],[[721135,571534],[204,1994]],[[721339,573528],[175,16411]],[[721514,589939],[284,514]],[[721798,590453],[2924,12739]],[[724722,603192],[119,1032]],[[760945,568855],[-9005,1973]],[[751940,570828],[4437,16388]],[[756377,587216],[147,-35]],[[769517,607547],[-54,-440]],[[776306,596689],[294,320]],[[776600,597009],[65,72]],[[784217,609411],[16583,-135868]],[[759299,465293],[-10818,74059]],[[748481,539352],[-294,356]],[[748187,539708],[4352,30989]],[[752539,570697],[8406,-1842]],[[760945,568855],[15655,28154]],[[769463,607107],[13,106]],[[774018,619592],[10199,-10181]],[[784217,609411],[-7552,-12330]],[[776665,597081],[-359,-392]],[[776306,596689],[-6843,10418]],[[774018,619592],[-4542,-12379]],[[769476,607213],[41,334]],[[769517,607547],[-12993,-20366]],[[756524,587181],[-4285,921]],[[752239,588102],[-6268,1727]],[[745971,589829],[-198,-1641]],[[745773,588188],[-6491,5864]],[[739282,594052],[158,1449]],[[739440,595501],[-14599,8723]],[[724841,604224],[-26,-225]],[[724815,603999],[3887,25447]],[[728702,629446],[45316,-9854]],[[526355,328678],[7,77]],[[526214,331136],[38,301]],[[526899,331509],[-1370,383]],[[532452,341936],[2979,-559]],[[534559,333788],[-891,178]],[[533836,330363],[425,-666]],[[530567,329630],[-1030,328]],[[545123,380567],[20,-95]],[[553448,337914],[-12,-200]],[[553894,336581],[165,-1012]],[[536361,333426],[-1802,362]],[[534559,333788],[872,7589]],[[535431,341377],[575,-108]],[[573589,379120],[-90,-55]],[[573517,379002],[383,58]],[[574557,379808],[43,67]],[[574953,379820],[-129,-476]],[[574741,378160],[-58,-201]],[[574582,377556],[144,-468]],[[572813,376761],[-102,-137]],[[568982,383486],[-170,-99]],[[568746,383417],[-83,-110]],[[566277,380494],[-65,-154]],[[565040,369673],[-60,-141]],[[565012,369307],[138,86]],[[583239,318441],[-26599,393]],[[553448,337914],[-8305,42558]],[[545143,380472],[-43,214]],[[548790,387097],[7,122]],[[547625,389362],[-358,-226]],[[547332,389572],[369,558]],[[547744,390156],[511,-62]],[[548708,390130],[36,186]],[[549544,400198],[-44,115]],[[549392,400360],[-72,147]],[[549218,400909],[-106,210]],[[554321,399524],[130,2]],[[554445,399655],[6,490]],[[555298,400296],[305,-137]],[[556329,399631],[441,-312]],[[558752,398750],[-66,-238]],[[559112,398750],[9,101]],[[559264,398963],[99,-203]],[[559852,398070],[43,-125]],[[560345,396154],[314,-118]],[[560981,395507],[62,-134]],[[561193,394654],[-11,-130]],[[561086,394301],[-81,-254]],[[563615,387744],[49,151]],[[536006,341269],[-3554,667]],[[532452,341936],[-5471,6723]],[[516816,379116],[-530,543]],[[512803,397778],[114,195]],[[530835,414608],[210,-186]],[[542855,403058],[50,188]],[[543129,403210],[95,-83]],[[549128,401075],[90,-166]],[[549218,400909],[102,-402]],[[549320,400507],[72,-147]],[[549392,400360],[108,-47]],[[549500,400313],[44,-115]],[[549544,400198],[-800,-9882]],[[548744,390316],[-36,-186]],[[548708,390130],[-453,-36]],[[548255,390094],[-511,62]],[[547744,390156],[-43,-26]],[[547701,390130],[-369,-558]],[[547332,389572],[-65,-436]],[[547267,389136],[358,226]],[[547625,389362],[1172,-2143]],[[548797,387219],[-7,-122]],[[548790,387097],[-3690,-6411]],[[545100,380686],[23,-119]],[[545123,380567],[-9117,-39298]],[[539081,436547],[7836,4329]],[[542928,403332],[-73,-274]],[[542855,403058],[-11810,11364]],[[531045,414422],[-1342,1183]],[[519880,435426],[239,55]],[[520119,435481],[18121,1068]],[[538240,436549],[841,-2]],[[526981,348659],[-1452,-16767]],[[524256,332038],[-16170,1647]],[[505369,332853],[-7383,-76]],[[487892,339015],[4,3057]],[[480488,342953],[698,38487]],[[481186,381440],[-18,1980]],[[481168,383420],[21092,9975]],[[502260,393395],[567,-949]],[[502827,392446],[84,195]],[[502911,392641],[1006,-646]],[[516706,379228],[110,-112]],[[516816,379116],[10165,-30457]],[[516286,379659],[420,-431]],[[516706,379228],[-12789,12767]],[[503917,391995],[38,707]],[[503955,392702],[7503,11489]],[[511458,404191],[102,-241]],[[513506,400007],[-199,-739]],[[512993,398173],[-190,-395]],[[512803,397778],[3483,-18119]],[[512917,397973],[76,200]],[[512993,398173],[314,1095]],[[513307,399268],[199,739]],[[513506,400007],[-1946,3943]],[[511560,403950],[-283,567]],[[511277,404517],[-2585,20271]],[[508692,424788],[472,-450]],[[509164,424338],[10623,11067]],[[519787,435405],[93,21]],[[519880,435426],[9823,-19821]],[[529703,415605],[1132,-997]],[[530835,414608],[-17918,-16635]],[[546917,440876],[83,287]],[[547000,441163],[22,423]],[[547022,441586],[6250,-2043]],[[553272,439543],[138,-348]],[[553410,439195],[3196,-4056]],[[556606,435139],[-433,-677]],[[554866,406458],[39,-20]],[[555031,406409],[110,-254]],[[555469,400283],[-171,13]],[[555298,400296],[-847,-151]],[[554451,400145],[-6,-490]],[[554445,399655],[6,-129]],[[554451,399526],[-130,-2]],[[554321,399524],[-5209,1595]],[[549112,401119],[16,-44]],[[549128,401075],[-5904,2052]],[[543224,403127],[-95,83]],[[543129,403210],[-224,36]],[[542905,403246],[23,86]],[[542928,403332],[3989,37544]],[[601616,416860],[-209,-150]],[[600799,416651],[-505,-25]],[[634717,391310],[-1396,-5057]],[[613308,302044],[-128,413]],[[594688,306103],[-204,-194]],[[589097,304365],[-269,-248]],[[585538,305648],[-372,564]],[[583561,308303],[-142,353]],[[580203,305511],[36,-237]],[[576583,318531],[6656,-90]],[[583239,318441],[-18089,50952]],[[565150,369393],[-138,-86]],[[565012,369307],[-32,225]],[[564980,369532],[60,141]],[[565040,369673],[1172,10667]],[[566212,380340],[65,154]],[[566277,380494],[2386,2813]],[[568663,383307],[83,110]],[[568746,383417],[66,-30]],[[568812,383387],[170,99]],[[568982,383486],[3729,-6862]],[[572711,376624],[102,137]],[[572813,376761],[1913,327]],[[574726,377088],[-144,468]],[[574582,377556],[101,403]],[[574683,377959],[58,201]],[[574741,378160],[83,1184]],[[574824,379344],[129,476]],[[574953,379820],[-353,55]],[[574600,379875],[-43,-67]],[[574557,379808],[-657,-748]],[[573900,379060],[-383,-58]],[[573517,379002],[-18,63]],[[573499,379065],[90,55]],[[573589,379120],[-9925,8775]],[[563664,387895],[-49,-151]],[[563615,387744],[-2610,6303]],[[561005,394047],[81,254]],[[561086,394301],[96,223]],[[561182,394524],[11,130]],[[561193,394654],[-150,719]],[[561043,395373],[-62,134]],[[560981,395507],[-322,529]],[[560659,396036],[-314,118]],[[560345,396154],[-450,1791]],[[559895,397945],[-43,125]],[[559852,398070],[-489,690]],[[559363,398760],[-99,203]],[[559264,398963],[-143,-112]],[[559121,398851],[-9,-101]],[[559112,398750],[-426,-238]],[[558686,398512],[66,238]],[[558752,398750],[-1982,569]],[[556770,399319],[-441,312]],[[556329,399631],[-726,528]],[[555603,400159],[-134,124]],[[555469,400283],[-328,5872]],[[555141,406155],[-110,254]],[[555031,406409],[-126,29]],[[554905,406438],[-39,20]],[[554866,406458],[1307,28004]],[[556173,434462],[1351,3088]],[[557524,437550],[492,8337]],[[558016,445887],[14,441]],[[558030,446328],[549,1416]],[[558579,447744],[184,226]],[[558763,447970],[1394,347]],[[560157,448317],[1452,-351]],[[561609,447966],[28287,8998]],[[589896,456964],[1291,-276]],[[591606,458766],[2099,-619]],[[593705,458147],[-38,-1181]],[[593667,456966],[6,-377]],[[593673,456589],[41044,-65279]],[[600294,416626],[505,25]],[[600799,416651],[608,59]],[[601407,416710],[209,150]],[[601616,416860],[-1322,-234]],[[539965,560746],[3689,-6]],[[574766,541113],[-6,-342]],[[574760,540771],[253,-4493]],[[575013,536278],[-157,-31]],[[574856,536247],[-10262,-6368]],[[564594,529879],[6,-18]],[[564600,529861],[-9393,-2877]],[[555207,526984],[-20,-9]],[[555187,526975],[-580,-21]],[[554607,526954],[-218,-3]],[[554389,526951],[-980,777]],[[553409,527728],[59,152]],[[553468,527880],[-451,1656]],[[553017,529536],[-207,40]],[[552810,529576],[-111,60]],[[552699,529636],[-59,129]],[[552640,529765],[-40,236]],[[552600,530001],[-10,72]],[[552590,530073],[-5586,-1198]],[[547004,528875],[-146,456]],[[546858,529331],[-177,536]],[[546681,529867],[158,380]],[[546839,530247],[-170,253]],[[546669,530500],[-110,-163]],[[546559,530337],[-1217,403]],[[545342,530740],[-142,-5]],[[545200,530735],[-176,341]],[[545024,531076],[-167,28]],[[544857,531104],[-479,-652]],[[544378,530452],[-165,-134]],[[544213,530318],[-1447,33]],[[542766,530351],[-118,-34]],[[542648,530317],[-5695,1861]],[[536953,532178],[-53,48]],[[536900,532226],[-634,1397]],[[536266,533623],[-170,224]],[[536096,533847],[-544,94]],[[535552,533941],[-1275,6569]],[[534277,540510],[-1988,458]],[[532289,540968],[410,3555]],[[532699,544523],[-976,226]],[[531723,544749],[6257,10204]],[[537980,554953],[1,5776]],[[566591,569355],[3466,-9]],[[570057,569346],[4776,-23965]],[[574833,545381],[-67,-4268]],[[574766,541113],[-31112,19627]],[[543654,560740],[11122,-9]],[[567668,580296],[7392,13]],[[575060,580309],[-3525,-10975]],[[571535,569334],[-4944,21]],[[566591,569355],[-11815,-8624]],[[554776,560731],[-14811,15]],[[539965,560746],[-1984,-17]],[[537981,560729],[13,6409]],[[537994,567138],[3770,8848]],[[541764,575986],[4674,6]],[[546438,575992],[-4861,-7]],[[541577,575985],[-244,-574]],[[541333,575411],[-1376,6]],[[539957,575417],[-3551,4899]],[[536406,580316],[-4433,11995]],[[531973,592311],[3900,7606]],[[535873,599917],[10870,9]],[[577115,599906],[-9447,-19610]],[[567668,580296],[-21230,-4304]],[[546743,599926],[-11067,-8]],[[535676,599918],[-15,17]],[[535661,599935],[4,6533]],[[535665,606468],[1965,13469]],[[537630,619937],[2039,11]],[[539669,619948],[6,2619]],[[539675,622567],[42589,-9878]],[[582264,612689],[3233,-13591]],[[585497,599098],[-156,-375]],[[585341,598723],[-27,-3860]],[[585314,594863],[-5645,-697]],[[579669,594166],[-2554,5740]],[[577115,599906],[-30372,20]],[[607837,511220],[34,-585]],[[607871,510635],[-99,-143]],[[607772,510492],[739,-2640]],[[608511,507852],[94,-266]],[[608605,507586],[-3914,-28398]],[[604340,469425],[-959,-40]],[[603381,469385],[-9850,-10952]],[[593531,458433],[-1925,333]],[[591606,458766],[-419,-2078]],[[591187,456688],[-864,185]],[[590323,456873],[593,16775]],[[590916,473648],[12,105]],[[590928,473753],[-820,3790]],[[590108,477543],[-32,108]],[[590076,477651],[-281,363]],[[589795,478014],[228,173]],[[590023,478187],[9352,34662]],[[599375,512849],[276,2881]],[[599651,515730],[3620,-3634]],[[603271,512096],[4566,-876]],[[603590,469393],[750,32]],[[604340,469425],[351,9763]],[[604691,479188],[-1101,-9795]],[[626715,525983],[4699,11697]],[[631414,537680],[-81,-548]],[[635887,523683],[14,-72]],[[635795,523131],[-252,287]],[[635431,523441],[-568,-329]],[[634945,503883],[-133,-519]],[[632064,495933],[-120,-248]],[[631920,495584],[20,-218]],[[631695,493673],[-143,-467]],[[631306,492212],[4,-134]],[[631322,491768],[-4746,34191]],[[626576,525959],[139,24]],[[669089,502036],[-1703,-5074]],[[667386,496962],[-1494,-897]],[[646266,504777],[-153,-1587]],[[646270,498558],[-18,-157]],[[646450,498123],[257,-325]],[[650518,494907],[-305,-3443]],[[637444,476079],[27,-424]],[[664564,431773],[14219,49]],[[687219,389653],[-9817,1942]],[[661726,391535],[-162,-609]],[[662244,390051],[198,-187]],[[662287,389594],[-38,-111]],[[663426,384704],[88,-548]],[[664446,381009],[-8368,2093]],[[635217,399763],[16,90]],[[635233,399853],[-5267,80614]],[[629966,480467],[98,68]],[[630064,480535],[1427,1838]],[[631491,482373],[64,606]],[[631555,482979],[-233,8789]],[[631322,491768],[-12,310]],[[631310,492078],[-4,134]],[[631306,492212],[246,994]],[[631552,493206],[143,467]],[[631695,493673],[245,1693]],[[631940,495366],[-20,218]],[[631920,495584],[24,101]],[[631944,495685],[120,248]],[[632064,495933],[2748,7431]],[[634812,503364],[133,519]],[[634945,503883],[-82,19229]],[[634863,523112],[568,329]],[[635431,523441],[112,-23]],[[635543,523418],[252,-287]],[[635795,523131],[106,480]],[[635901,523611],[18,-79]],[[636057,523539],[275,-244]],[[652191,531794],[3334,-732]],[[660893,530290],[9840,-20127]],[[670733,510163],[-1644,-8127]],[[650721,497210],[-203,-2303]],[[650518,494907],[-3811,2891]],[[646707,497798],[-257,325]],[[646450,498123],[-198,278]],[[646252,498401],[18,157]],[[646270,498558],[-157,4632]],[[646113,503190],[153,1587]],[[646266,504777],[7883,-1940]],[[663469,494997],[88,-243]],[[650213,491464],[508,5746]],[[650721,497210],[3428,5627]],[[654149,502837],[8718,-7585]],[[673009,431793],[-8445,-20]],[[664564,431773],[-27093,43882]],[[637471,475655],[-27,424]],[[637444,476079],[12769,15385]],[[650213,491464],[13344,3290]],[[663557,494754],[-88,243]],[[663469,494997],[-602,255]],[[662867,495252],[3025,813]],[[665892,496065],[1281,768]],[[667173,496833],[5698,-7058]],[[672697,489093],[-447,-801]],[[669092,469975],[56,6]],[[673916,455825],[6,-16571]],[[672250,488292],[447,801]],[[672697,489093],[174,682]],[[672871,489775],[13199,2216]],[[686070,491991],[2782,-13463]],[[688852,478528],[-178,77]],[[688674,478605],[2903,-19590]],[[691577,459015],[12,-98]],[[691589,458917],[13591,-23879]],[[705180,435038],[-1653,-13053]],[[702340,420060],[-57,-113]],[[698106,387514],[-10887,2139]],[[687219,389653],[-8436,42169]],[[678783,431822],[-5774,-29]],[[673009,431793],[913,7461]],[[673922,439254],[-6,16571]],[[675935,473021],[-65,252]],[[670289,470655],[-1141,-674]],[[669148,469981],[-56,-6]],[[669092,469975],[3158,18317]],[[675870,473273],[65,-252]],[[675935,473021],[-2019,-17196]],[[673916,455825],[-3627,14830]],[[670289,470655],[5581,2618]],[[622600,561980],[3376,4667]],[[625976,566647],[-479,-4541]],[[631683,553290],[-9367,6331]],[[622316,559621],[284,2359]],[[652191,531794],[-15859,-8499]],[[636332,523295],[-275,244]],[[636057,523539],[-138,-7]],[[635919,523532],[-32,151]],[[635887,523683],[-4554,13449]],[[631333,537132],[100,682]],[[631433,537814],[250,15476]],[[631683,553290],[-6186,8816]],[[625497,562106],[562,5342]],[[626059,567448],[15376,2660]],[[641435,570108],[10945,-4022]],[[652380,566086],[-85,-215]],[[652272,565259],[428,-211]],[[653422,531531],[-1231,263]],[[660935,530354],[-42,-64]],[[660893,530290],[-5368,772]],[[655525,531062],[-2103,469]],[[653422,531531],[-722,33517]],[[652700,565048],[-428,211]],[[652272,565259],[23,612]],[[652295,565871],[520,1327]],[[652815,567198],[1484,1549]],[[654299,568747],[-13,145]],[[654286,568892],[10991,-14764]],[[665277,554128],[58,-69]],[[665335,554059],[-4400,-23705]],[[454434,312150],[1292,298]],[[455822,303701],[-277,-2828]],[[455545,300873],[-9805,1783]],[[445740,302656],[-70,329]],[[445670,302985],[-41,-17]],[[445629,302968],[-169,643]],[[445460,303611],[8974,8539]],[[460032,320310],[1449,-341]],[[457622,312063],[-1896,385]],[[455726,312448],[3851,7935]],[[460652,295618],[-2273,393]],[[458379,296011],[-7,57]],[[458372,296068],[-357,4428]],[[458015,300496],[-2193,3205]],[[463384,302498],[104,-7]],[[463723,301799],[204,-470]],[[464000,301272],[123,-53]],[[464134,301245],[1,261]],[[464562,301509],[-74,-267]],[[464488,301242],[-2280,-3117]],[[462208,298125],[-24,-75]],[[462184,298050],[336,-1649]],[[462520,296401],[315,-254]],[[462835,296147],[-482,-315]],[[462353,295832],[113,-228]],[[462466,295604],[-10,-64]],[[462456,295540],[1,-176]],[[462457,295364],[369,-123]],[[462826,295241],[-37,-125]],[[462789,295116],[-144,-80]],[[462645,295036],[-112,-4]],[[462533,295032],[-283,147]],[[462250,295179],[6,-357]],[[462256,294822],[-602,-1802]],[[461654,293020],[-81,-66]],[[461573,292954],[-115,224]],[[461458,293178],[62,262]],[[461520,293440],[-55,72]],[[461465,293512],[-59,21]],[[461406,293533],[-1253,1526]],[[460153,295059],[499,559]],[[450898,336566],[6080,-1146]],[[455501,321182],[-3185,593]],[[452316,321775],[-10967,2110]],[[441349,323885],[-2110,460]],[[439239,324345],[-1419,245]],[[437820,324590],[-30,5]],[[437790,324595],[-215,545]],[[437575,325140],[68,10]],[[437643,325150],[518,1306]],[[438161,326456],[159,164]],[[438320,326620],[974,3550]],[[443862,338006],[6969,-1409]],[[466891,311012],[2,20]],[[466893,311032],[2517,-10222]],[[469410,300810],[-4889,468]],[[464521,301278],[41,231]],[[464562,301509],[-427,-3]],[[464135,301506],[-1,-261]],[[464134,301245],[-11,-26]],[[464123,301219],[-123,53]],[[464000,301272],[-73,57]],[[463927,301329],[-204,470]],[[463723,301799],[-235,692]],[[463488,302491],[-104,7]],[[463384,302498],[-7562,1203]],[[455822,303701],[1800,8362]],[[457622,312063],[3085,-564]],[[462058,311282],[2762,-621]],[[468680,313529],[-1741,-2043]],[[466939,311486],[-48,-474]],[[466891,311012],[-2071,-351]],[[464820,310661],[-2762,621]],[[462058,311282],[-1351,217]],[[460707,311499],[774,8470]],[[461481,319969],[3017,-537]],[[470400,316866],[-21,-40]],[[470379,316826],[-1145,-2930]],[[469234,313896],[-554,-367]],[[462107,342073],[-573,-724]],[[458266,335109],[-7368,1457]],[[450898,336566],[-67,31]],[[450831,336597],[-6969,1409]],[[443862,338006],[-4568,-7836]],[[439294,330170],[-8492,2462]],[[430802,332632],[-1023,218]],[[429779,332850],[-23,7439]],[[429756,340289],[-42,65]],[[429714,340354],[-260,-117]],[[429454,340237],[-156,15]],[[429298,340252],[-24,11798]],[[429274,352050],[28,9]],[[429302,352059],[6130,619]],[[435432,352678],[1247,125]],[[447981,349386],[-2,-17]],[[458042,347277],[3,20]],[[458045,347297],[4062,-5224]],[[471087,318117],[-186,7]],[[470901,318124],[-200,-648]],[[470701,317476],[-301,-610]],[[470400,316866],[-5902,2566]],[[464498,319432],[-4466,878]],[[460032,320310],[-455,73]],[[459577,320383],[-4076,799]],[[455501,321182],[1477,14238]],[[456978,335420],[1288,-311]],[[458266,335109],[3268,6240]],[[461534,341349],[645,808]],[[462179,342157],[3121,-1004]],[[465300,341153],[715,-979]],[[466015,340174],[204,-433]],[[466219,339741],[735,-443]],[[466954,339298],[4291,1184]],[[471245,340482],[477,-164]],[[471722,340318],[153,-2484]],[[471875,337834],[-27,-374]],[[471848,337460],[8640,5493]],[[480488,342953],[7408,-881]],[[487896,342072],[-12,-7308]],[[488906,324932],[-422,-4598]],[[481696,322852],[-1329,290]],[[480367,323142],[-9280,-5025]],[[454209,358682],[44,361]],[[454253,359043],[3970,-10154]],[[458223,348889],[-181,-1612]],[[458042,347277],[-10063,2092]],[[447979,349369],[151,1395]],[[450797,355433],[-981,951]],[[475392,294290],[-81,17]],[[475311,294307],[3553,8567]],[[479394,302370],[-194,-371]],[[481580,294793],[-86,-223]],[[481494,294570],[-4699,-1102]],[[476795,293468],[-233,55]],[[476562,293523],[-1170,767]],[[486633,303476],[103,-188]],[[482757,295736],[-3557,6263]],[[479200,301999],[259,495]],[[487261,303874],[-127,-23]],[[486727,303306],[-94,170]],[[486633,303476],[-7174,-982]],[[479459,302494],[-65,-124]],[[479394,302370],[-530,504]],[[478864,302874],[-676,832]],[[478188,303706],[-257,369]],[[477931,304075],[1101,8578]],[[479032,312653],[82,199]],[[479114,312852],[5894,3662]],[[485008,316514],[-144,-1095]],[[485666,312795],[25,-22]],[[446402,356894],[2362,-492]],[[449352,356890],[1445,-1457]],[[450797,355433],[-2667,-4669]],[[448130,350764],[-149,-1378]],[[447981,349386],[-11302,3417]],[[436679,352803],[-1375,471]],[[435304,353274],[162,6341]],[[435466,359615],[82,41]],[[436166,358590],[68,30]],[[439648,355444],[1996,-373]],[[488906,324932],[-1022,9832]],[[487884,334764],[8,4251]],[[487892,339015],[10062,-6403]],[[494333,317447],[-27,30]],[[487537,303986],[-276,-112]],[[487261,303874],[-1570,8899]],[[485691,312773],[-25,22]],[[485666,312795],[-802,2624]],[[484864,315419],[219,1639]],[[485083,317058],[-3328,5783]],[[481755,322841],[-59,11]],[[481696,322852],[6788,-2518]],[[488484,320334],[422,4598]],[[446402,356894],[-4758,-1823]],[[441644,355071],[-1996,373]],[[439648,355444],[-3414,3176]],[[436234,358620],[-68,-30]],[[436166,358590],[-618,1066]],[[435548,359656],[-216,-104]],[[435332,359552],[-1356,554]],[[433976,360106],[734,7224]],[[434710,367330],[-3415,276]],[[431295,367606],[-28,676]],[[431267,368282],[-1907,21425]],[[429360,389707],[1261,33]],[[430621,389740],[9497,24250]],[[440118,413990],[140,39]],[[440258,414029],[4115,6966]],[[444373,420995],[1865,455]],[[446238,421450],[5331,-12474]],[[451569,408976],[1383,-1785]],[[452952,407191],[1333,-47888]],[[454285,359303],[-76,-621]],[[454209,358682],[-4393,-2298]],[[449816,356384],[-464,506]],[[449352,356890],[-588,-488]],[[448764,356402],[-2362,492]],[[488115,258396],[-140,-1246]],[[487975,257150],[-761,157]],[[487214,257307],[-347,6217]],[[486867,263524],[658,769]],[[487525,264293],[1148,1880]],[[488673,266173],[310,-62]],[[488983,266111],[1300,2893]],[[490283,269004],[14,-394]],[[490297,268610],[552,-1522]],[[490849,267088],[93,-41]],[[491298,267013],[317,19]],[[490702,262707],[32,-43]],[[492180,259765],[-294,223]],[[490829,262400],[-127,307]],[[490702,262707],[1917,2020]],[[494204,266400],[352,-332]],[[494935,264548],[59,-71]],[[489704,255953],[-114,8]],[[488725,256421],[-120,-236]],[[488605,256185],[-709,262]],[[487896,256447],[219,1949]],[[488115,258396],[2619,4268]],[[490734,262664],[95,-264]],[[490829,262400],[1057,-2412]],[[491886,259988],[239,-182]],[[491402,258061],[-79,108]],[[498315,272820],[306,3521]],[[498621,276341],[-50,119]],[[498571,276460],[-1789,230]],[[496782,276690],[177,1672]],[[496959,278362],[-4900,623]],[[492059,278985],[-2982,3791]],[[489077,282776],[-3390,554]],[[485687,283330],[-38,27]],[[492297,292830],[-117,165]],[[492229,293104],[74,-63]],[[500120,291163],[45,-3]],[[502805,290783],[308,23]],[[503261,291568],[-12,52]],[[503263,291642],[155,23]],[[503500,291781],[46,329]],[[508313,278254],[-630,-1131]],[[507683,277123],[10,-317]],[[507693,276806],[27,8]],[[507720,276814],[58,-61]],[[507778,276753],[21,-63]],[[507799,276690],[53,-6]],[[507852,276684],[-2220,-3856]],[[505632,272828],[-7317,-8]],[[492303,293041],[-74,63]],[[492229,293104],[-49,-109]],[[492180,292995],[117,-165]],[[492297,292830],[-6648,-9473]],[[485649,283357],[59,-46]],[[485708,283311],[-1871,226]],[[483837,283537],[-447,399]],[[483390,283936],[118,103]],[[483508,284039],[50,101]],[[483558,284140],[0,46]],[[483558,284186],[-2433,9986]],[[481125,294172],[455,621]],[[481580,294793],[1177,943]],[[482757,295736],[3979,7552]],[[486736,303288],[-9,18]],[[486727,303306],[407,545]],[[487134,303851],[403,135]],[[487537,303986],[6769,13491]],[[494306,317477],[85,-96]],[[497272,319841],[-134,-344]],[[502814,293556],[147,-207]],[[503546,292110],[-46,-329]],[[503500,291781],[-82,-116]],[[503418,291665],[-155,-23]],[[503263,291642],[-14,-22]],[[503249,291620],[12,-52]],[[503261,291568],[-148,-762]],[[503113,290806],[-308,-23]],[[502805,290783],[-2640,377]],[[500165,291160],[-45,3]],[[500120,291163],[-7817,1878]],[[513475,319825],[-87,-465]],[[513864,318709],[358,-634]],[[514395,317816],[128,-361]],[[514506,317168],[205,-424]],[[520998,295960],[552,-34]],[[521650,283207],[-474,-173]],[[519517,281194],[-187,395]],[[519194,284058],[-276,352]],[[518918,284410],[-10605,-6156]],[[508313,278254],[-4767,13856]],[[503546,292110],[-585,1239]],[[502961,293349],[-147,207]],[[502814,293556],[-5676,25941]],[[497138,319497],[134,344]],[[497272,319841],[-2881,-2460]],[[494391,317381],[-58,66]],[[494333,317447],[3621,15165]],[[497954,332612],[32,165]],[[497986,332777],[7383,76]],[[505369,332853],[2717,832]],[[508086,333685],[6356,-650]],[[526355,328678],[260,-561]],[[527860,312496],[82,-335]],[[527982,310646],[91,-309]],[[532353,295278],[-11355,682]],[[520998,295960],[-6287,20784]],[[514711,316744],[-205,424]],[[514506,317168],[17,287]],[[514523,317455],[-128,361]],[[514395,317816],[-173,259]],[[514222,318075],[-358,634]],[[513864,318709],[-476,651]],[[513388,319360],[87,465]],[[513475,319825],[967,13210]],[[514442,333035],[9814,-997]],[[524256,332038],[1273,-146]],[[525529,331892],[1370,-383]],[[526899,331509],[-647,-72]],[[526252,331437],[-38,-301]],[[526214,331136],[148,-2381]],[[526362,328755],[-7,-77]],[[534261,329697],[-425,666]],[[533836,330363],[-168,3603]],[[533668,333966],[2693,-540]],[[536361,333426],[17698,2143]],[[554059,335569],[-165,1012]],[[553894,336581],[-458,1133]],[[553436,337714],[12,200]],[[553448,337914],[3192,-19080]],[[556640,318834],[19943,-303]],[[576583,318531],[508,-21478]],[[529154,303401],[-1081,6936]],[[528073,310337],[-91,309]],[[527982,310646],[-40,1515]],[[527942,312161],[-82,335]],[[527860,312496],[-1245,15621]],[[526615,328117],[2922,1841]],[[529537,329958],[1030,-328]],[[530567,329630],[3694,67]],[[509870,251577],[-71,251]],[[509799,252556],[-62,201]],[[509228,254814],[-464,291]],[[508764,255105],[1273,-1638]],[[510037,253467],[76,-46]],[[510113,253421],[1409,-962]],[[511522,252459],[207,-28]],[[511729,252431],[40,-25]],[[511769,252406],[127,-29]],[[511042,232050],[-124,-1088]],[[505926,231722],[-1233,260]],[[505069,233263],[51,-11]],[[505103,233952],[-66,299]],[[502992,240455],[77,666]],[[503069,241121],[-77,-666]],[[502992,240455],[2045,-6204]],[[505037,234251],[66,-299]],[[505103,233952],[17,-700]],[[505120,233252],[-1448,320]],[[494150,232933],[-11,-6]],[[493817,236722],[-277,2344]],[[493540,239066],[664,524]],[[494204,239590],[3056,1708]],[[497260,241298],[118,1056]],[[497378,242354],[656,728]],[[498034,243082],[289,-147]],[[499966,247801],[417,669]],[[500559,248471],[33,172]],[[501051,250286],[176,-244]],[[501998,251129],[23,86]],[[501980,252826],[-2,132]],[[501886,253170],[-22,89]],[[501957,253349],[-49,418]],[[501956,253782],[-5,181]],[[501981,255127],[-10,144]],[[501846,255274],[85,140]],[[503575,255269],[68,174]],[[503895,256236],[11,79]],[[503906,256315],[4916,-1285]],[[508822,255030],[406,-216]],[[509228,254814],[509,-2057]],[[509737,252757],[62,-201]],[[509799,252556],[0,-728]],[[509799,251828],[71,-251]],[[509870,251577],[-6801,-10456]],[[511095,228846],[-29,55]],[[510853,230403],[189,1647]],[[511042,232050],[854,20327]],[[511896,252377],[748,-806]],[[512644,251571],[836,-1006]],[[513480,250565],[105,-467]],[[513585,250098],[598,-2669]],[[514183,247429],[248,-123]],[[514431,247306],[58,309]],[[514489,247615],[122,-114]],[[514611,247501],[6085,-4098]],[[520696,243403],[287,91]],[[520983,243494],[5278,4635]],[[527289,250036],[21,305]],[[534318,245384],[45,-17]],[[533211,233094],[180,-327]],[[536224,225611],[-54,-103]],[[524648,228565],[-519,-75]],[[487453,248234],[22,-181]],[[487475,248053],[-2435,4739]],[[485040,252792],[-87,210]],[[484953,253002],[-205,1125]],[[484748,254127],[252,-52]],[[485000,254075],[2278,-683]],[[487905,249009],[-360,-99]],[[487545,248910],[-92,-676]],[[487894,249000],[11,9]],[[487905,249009],[-627,4383]],[[487278,253392],[1638,898]],[[489354,251751],[-266,-84]],[[489472,248863],[-368,-99]],[[489104,248764],[-1210,236]],[[491182,252132],[14,-49]],[[489154,251688],[200,63]],[[489354,251751],[-438,2539]],[[488916,254290],[-387,1732]],[[488529,256022],[196,399]],[[488725,256421],[865,-460]],[[489590,255961],[198,-14]],[[490520,255214],[83,-47]],[[491402,258061],[723,1745]],[[492125,259806],[55,-41]],[[492180,259765],[3515,1099]],[[494259,250705],[-378,-37]],[[492170,251489],[-336,102]],[[491699,251742],[-446,256]],[[491230,252002],[-48,130]],[[491182,252132],[-579,3035]],[[490603,255167],[-83,47]],[[490520,255214],[-732,733]],[[489788,255947],[-84,6]],[[489704,255953],[1619,2216]],[[491323,258169],[79,-108]],[[492310,246854],[-65,-1317]],[[492223,245520],[-31,0]],[[492192,245520],[-494,-387]],[[491698,245133],[-174,9]],[[491524,245142],[-2134,3708]],[[489390,248850],[82,13]],[[489472,248863],[-384,2804]],[[489088,251667],[66,21]],[[489154,251688],[2042,395]],[[491196,252083],[34,-81]],[[491230,252002],[23,-4]],[[491253,251998],[446,-256]],[[491699,251742],[135,-151]],[[491834,251591],[-66,-1245]],[[492153,249799],[165,-157]],[[492476,245313],[-253,207]],[[492223,245520],[22,17]],[[492245,245537],[65,1317]],[[492310,246854],[8,2788]],[[492318,249642],[-165,157]],[[492153,249799],[-385,547]],[[491768,250346],[402,1143]],[[492170,251489],[1711,-821]],[[493881,250668],[109,-579]],[[498232,247482],[27,129]],[[499060,248245],[90,7]],[[499813,247894],[153,-93]],[[499966,247801],[-1643,-4866]],[[498323,242935],[-887,451]],[[497436,243386],[-1088,894]],[[496348,244280],[6,902]],[[496354,245182],[-3878,131]],[[498069,247445],[103,215]],[[498265,247647],[-33,-165]],[[498232,247482],[-4242,2607]],[[493990,250089],[26,-14]],[[501846,255274],[125,-3]],[[501971,255271],[10,-144]],[[501981,255127],[-30,-1164]],[[501951,253963],[5,-181]],[[501956,253782],[-48,-15]],[[501908,253767],[49,-418]],[[501957,253349],[-93,-90]],[[501864,253259],[22,-89]],[[501886,253170],[92,-212]],[[501978,252958],[2,-132]],[[501980,252826],[41,-1611]],[[502021,251215],[-23,-86]],[[501998,251129],[-771,-1087]],[[501227,250042],[-176,244]],[[501051,250286],[-459,-1643]],[[500592,248643],[-33,-172]],[[500559,248471],[-176,-1]],[[500383,248470],[-570,-576]],[[499813,247894],[-663,358]],[[499150,248252],[-90,-7]],[[499060,248245],[-801,-634]],[[498259,247611],[6,36]],[[498265,247647],[-93,13]],[[498172,247660],[-103,-215]],[[498069,247445],[-4053,2630]],[[494016,250075],[243,630]],[[494259,250705],[1803,3333]],[[497083,254300],[104,161]],[[500836,255979],[82,-32]],[[501068,256007],[304,-218]],[[501532,255405],[91,-97]],[[501675,255285],[110,-83]],[[501068,256007],[-150,-60]],[[500918,255947],[-82,32]],[[500836,255979],[-3649,-1518]],[[497187,254461],[-104,-161]],[[497083,254300],[-1021,-262]],[[496062,254038],[-367,6826]],[[495695,260864],[335,4085]],[[496471,265311],[1019,1000]],[[497490,266311],[6697,-10011]],[[504187,256300],[-3,142]],[[504184,256442],[-17,-10]],[[504167,256432],[-113,55]],[[504054,256487],[-97,-98]],[[503957,256389],[-62,-153]],[[503895,256236],[-252,-793]],[[503643,255443],[-68,-174]],[[503575,255269],[-1644,145]],[[501931,255414],[-85,-140]],[[501846,255274],[-61,-72]],[[501785,255202],[-110,83]],[[501675,255285],[-52,23]],[[501623,255308],[-91,97]],[[501532,255405],[-160,384]],[[501372,255789],[-304,218]],[[495721,272700],[1836,-6323]],[[497557,266377],[-1086,-1066]],[[496471,265311],[-441,-362]],[[496030,264949],[-1036,-472]],[[494994,264477],[-59,71]],[[494935,264548],[-379,1520]],[[494556,266068],[-352,332]],[[494204,266400],[-1585,-1673]],[[492619,264727],[-1004,2305]],[[491615,267032],[-317,-19]],[[491298,267013],[-356,34]],[[490942,267047],[1743,6441]],[[492685,273488],[3036,-788]],[[539645,262398],[-58,-547]],[[539534,261754],[1590,-1731]],[[541174,259445],[128,-877]],[[540613,256450],[61,-194]],[[536232,247122],[-1869,-1755]],[[534363,245367],[-45,17]],[[534318,245384],[-7008,4957]],[[527310,250341],[-21,-305]],[[527289,250036],[-1028,-1907]],[[526261,248129],[-8306,20493]],[[517955,268622],[-66,534]],[[517889,269156],[-224,2270]],[[517665,271426],[110,12]],[[517775,271438],[37,4]],[[517812,271442],[-4,-62]],[[517808,271380],[257,-192]],[[518065,271188],[41,-73]],[[518106,271115],[570,1457]],[[518692,272623],[98,-23]],[[519068,272098],[274,-4]],[[519749,272573],[1521,-851]],[[532353,295278],[-3199,8123]],[[529154,303401],[33590,-22444]],[[540322,263700],[-387,-153]],[[539713,262604],[-68,-206]],[[539645,262398],[-18375,9324]],[[521270,271722],[-1521,851]],[[519749,272573],[-407,-479]],[[519342,272094],[-274,4]],[[519068,272098],[-278,502]],[[518790,272600],[-98,23]],[[518692,272623],[-16,-51]],[[518676,272572],[314,11775]],[[518990,284347],[204,-289]],[[519194,284058],[136,-2469]],[[519330,281589],[187,-395]],[[519517,281194],[1659,1840]],[[521176,283034],[474,173]],[[521650,283207],[-100,12719]],[[521550,295926],[10803,-648]],[[479152,228540],[67,464]],[[479219,229004],[-2367,4855]],[[476852,233859],[-76,898]],[[476776,234757],[125,429]],[[476901,235186],[23,324]],[[476924,235510],[-53,660]],[[476871,236170],[-279,360]],[[476592,236530],[-140,46]],[[476452,236576],[-49,58]],[[476403,236634],[1639,1746]],[[478042,238380],[166,-1074]],[[478208,237306],[3572,-2205]],[[481780,235101],[530,-404]],[[481748,229926],[-85,16]],[[482876,223390],[-46,-394]],[[478613,223902],[539,4638]],[[479152,228540],[2511,1402]],[[481663,229942],[72,-13]],[[487629,226113],[-1630,1711]],[[483147,227325],[-1412,2604]],[[481735,229929],[13,-3]],[[481748,229926],[562,4771]],[[482310,234697],[774,-173]],[[483084,234524],[5303,2429]],[[488387,236953],[1234,-654]],[[489621,236299],[4196,423]],[[493817,236722],[322,-3795]],[[494139,232927],[-46,-57]],[[493739,232989],[-68,-115]],[[493654,232336],[-13,-101]],[[493584,232179],[-279,149]],[[493266,232336],[-91,-66]],[[493168,232140],[-14,-6]],[[483700,213259],[-352,423]],[[482055,214032],[977,8351]],[[482745,222270],[131,1120]],[[482876,223390],[271,3935]],[[483147,227325],[2852,499]],[[485999,227824],[757,-2181]],[[487784,219456],[-944,209]],[[486331,217588],[341,-1474]],[[486836,215863],[693,-155]],[[487784,219456],[-1028,6187]],[[486756,225643],[873,470]],[[487629,226113],[5525,6021]],[[493154,232134],[28,-81]],[[493165,231833],[29,-100]],[[493483,230269],[0,-74]],[[493207,229662],[-263,-286]],[[492804,229303],[191,-947]],[[493023,227147],[106,-272]],[[493123,226831],[195,-320]],[[493393,226469],[281,-880]],[[492669,215596],[33,-105]],[[492779,215226],[-27,-211]],[[492851,214749],[-64,-137]],[[493439,213564],[-38,-66]],[[492911,212397],[-36,-195]],[[492791,211816],[-4535,812]],[[488256,212628],[-727,3080]],[[487529,215708],[-693,155]],[[486836,215863],[-164,251]],[[486672,216114],[-341,1474]],[[486331,217588],[509,2077]],[[486840,219665],[944,-209]],[[492790,214636],[61,113]],[[492851,214749],[-99,266]],[[492752,215015],[27,211]],[[492779,215226],[-77,265]],[[492702,215491],[-33,105]],[[492669,215596],[1005,9993]],[[493674,225589],[-241,776]],[[496643,223702],[-102,-6]],[[499344,223049],[-107,84]],[[496668,223704],[-25,-2]],[[496643,223702],[-3210,2663]],[[493433,226365],[-40,104]],[[493393,226469],[-75,42]],[[493318,226511],[-195,320]],[[493123,226831],[6,44]],[[493129,226875],[-106,272]],[[493023,227147],[-28,1209]],[[492995,228356],[-191,947]],[[492804,229303],[140,73]],[[492944,229376],[263,286]],[[493207,229662],[276,533]],[[493483,230195],[0,74]],[[493483,230269],[-289,1464]],[[493194,231733],[-29,100]],[[493165,231833],[17,220]],[[493182,232053],[-14,87]],[[493168,232140],[7,130]],[[493175,232270],[91,66]],[[493266,232336],[39,-8]],[[493305,232328],[279,-149]],[[493584,232179],[57,56]],[[493641,232235],[13,101]],[[493654,232336],[17,538]],[[493671,232874],[68,115]],[[493739,232989],[354,-119]],[[494093,232870],[57,63]],[[494150,232933],[9522,639]],[[503672,233572],[1397,-309]],[[505069,233263],[-376,-1281]],[[504693,231982],[33,-7]],[[501400,202931],[-92,-807]],[[495554,205836],[-13,283]],[[494778,208095],[-106,63]],[[494638,208220],[-17,169]],[[494323,208777],[-84,-22]],[[494156,208779],[-192,92]],[[493898,208883],[-263,371]],[[493551,209412],[-63,95]],[[493502,209524],[45,77]],[[493545,209686],[-9,75]],[[493521,209743],[-31,-115]],[[493463,209711],[-15,97]],[[493438,210366],[-48,122]],[[493251,210739],[52,74]],[[492901,211580],[-110,236]],[[492791,211816],[84,386]],[[492875,212202],[36,195]],[[492911,212397],[490,1101]],[[493401,213498],[38,66]],[[493439,213564],[-652,1048]],[[492787,214612],[3,24]],[[492790,214636],[3751,9060]],[[496541,223696],[127,8]],[[496668,223704],[2569,-571]],[[499237,223133],[-45,36]],[[499277,218904],[884,-1766]],[[501400,202931],[-1239,14207]],[[500161,217138],[-884,1766]],[[499277,218904],[-85,4265]],[[499192,223169],[152,-120]],[[499344,223049],[5382,8926]],[[504726,231975],[1200,-253]],[[505926,231722],[4992,-760]],[[510918,230962],[-65,-559]],[[510853,230403],[213,-1502]],[[511066,228901],[143,-188]],[[507053,196647],[-6313,1394]],[[500845,198278],[555,4653]],[[511056,203301],[153,25412]],[[511209,228713],[-114,133]],[[511095,228846],[4880,-2562]],[[519038,204293],[-43,-386]],[[515601,197562],[-4175,-1617]],[[518923,203209],[115,1084]],[[519038,204293],[-3063,21991]],[[515975,226284],[8154,2206]],[[524129,228490],[388,56]],[[524241,225418],[12,-2]],[[523011,194152],[-2268,508]],[[515235,197420],[366,142]],[[515601,197562],[3394,6345]],[[518995,203907],[-72,-698]],[[518923,203209],[5330,22207]],[[524253,225416],[1086,-189]],[[524517,228546],[131,19]],[[524648,228565],[11522,-3057]],[[536170,225508],[-12,-24]],[[536120,224254],[-4,-63]],[[526776,191182],[238,2085]],[[524616,193785],[-1605,367]],[[523011,194152],[2328,31075]],[[525339,225227],[-1098,191]],[[524241,225418],[276,3128]],[[531452,185813],[-616,127]],[[526603,189592],[173,1590]],[[526776,191182],[9340,33009]],[[536116,224191],[4,63]],[[536120,224254],[38,1230]],[[536158,225484],[66,127]],[[536224,225611],[-2833,7156]],[[533391,232767],[-163,293]],[[548568,196819],[316,-70]],[[547888,173369],[-143,-1491]],[[532919,177234],[113,1188]],[[533029,178552],[304,238]],[[533252,178947],[351,200]],[[533988,179001],[209,131]],[[533446,185415],[-1994,398]],[[531452,185813],[13047,36782]],[[554121,232162],[68,207]],[[555221,232218],[-49,-150]],[[554513,232005],[-178,-234]],[[553730,230592],[-528,-893]],[[555768,217375],[137,-160]],[[555581,216273],[-53,-105]],[[554895,215864],[0,-80]],[[554951,215804],[-21,-114]],[[551530,207756],[-114,-1029]],[[559819,191104],[-194,-1773]],[[558204,182820],[-671,-362]],[[550280,196448],[-1712,371]],[[548568,196819],[2848,9908]],[[551416,206727],[216,1828]],[[554930,215690],[21,114]],[[554951,215804],[-56,-20]],[[554895,215784],[0,80]],[[554895,215864],[633,304]],[[555528,216168],[53,105]],[[555581,216273],[324,942]],[[555905,217215],[-105,120]],[[572305,214960],[1065,-239]],[[575564,207597],[1358,-4359]],[[570273,202635],[-446,-3925]],[[559977,192554],[-158,-1450]],[[559819,191104],[-8187,17451]],[[551632,208555],[-102,-799]],[[551530,207756],[3400,7934]],[[551019,165482],[75,261]],[[547721,171641],[167,1728]],[[547888,173369],[996,23380]],[[548884,196749],[1396,-301]],[[550280,196448],[7253,-13990]],[[557533,182458],[449,242]],[[563609,174855],[95,-217]],[[564218,171665],[66,-117]],[[562379,169687],[-7,-67]],[[563665,174728],[-56,127]],[[563609,174855],[-5627,7845]],[[557982,182700],[222,120]],[[558204,182820],[1421,6511]],[[559625,189331],[352,3223]],[[559977,192554],[9850,6156]],[[569827,198710],[-505,-4490]],[[564684,185649],[-744,-7062]],[[563757,164749],[4,-87]],[[563626,164515],[-207,-202]],[[563328,163926],[-739,150]],[[562200,167867],[179,1820]],[[562379,169687],[1905,1861]],[[564284,171548],[-66,117]],[[564218,171665],[-514,2973]],[[563704,174638],[-39,90]],[[563665,174728],[275,3859]],[[563940,178587],[744,7062]],[[564684,185649],[4638,8571]],[[569322,194220],[951,8415]],[[570273,202635],[6649,603]],[[576922,203238],[928,-199]],[[570262,173457],[-1298,300]],[[574778,159841],[-416,979]],[[571134,171013],[6716,32026]],[[577850,203039],[-632,3431]],[[592233,176862],[-12,-23]],[[592127,176642],[-774,-1278]],[[593476,167414],[-415,-339]],[[589149,166900],[49,171]],[[575879,246180],[-92,-99]],[[604722,241585],[78,-175]],[[604845,241428],[386,433]],[[610491,242295],[81,84]],[[611791,247251],[59,172]],[[611798,247807],[279,529]],[[598223,269948],[-111,239]],[[597157,270702],[-27,224]],[[594722,271085],[-98,-201]],[[592928,275116],[-139,332]],[[588366,277259],[-144,-88]],[[583981,275805],[-117,-172]],[[582094,275760],[-72,-15]],[[577605,285649],[-514,11404]],[[577091,297053],[3148,8221]],[[580239,305274],[-36,237]],[[580203,305511],[3216,3145]],[[583419,308656],[142,-353]],[[583561,308303],[1605,-2091]],[[585166,306212],[372,-564]],[[585538,305648],[3290,-1531]],[[588828,304117],[269,248]],[[589097,304365],[5387,1544]],[[594484,305909],[204,194]],[[594688,306103],[18492,-3646]],[[613180,302457],[226,-712]],[[614985,298405],[110,-170]],[[615284,297849],[164,-196]],[[633635,233082],[-365,-3794]],[[630791,231239],[-102,-13]],[[630534,231528],[44,404]],[[629431,231400],[-261,-281]],[[628539,232229],[-219,-217]],[[628324,231846],[-794,-69]],[[625500,230393],[-156,545]],[[623480,232307],[28,933]],[[623545,233606],[-197,14]],[[622932,233969],[-328,140]],[[622551,234086],[-166,-421]],[[622406,233369],[-131,-157]],[[622089,233469],[-154,799]],[[621892,234313],[-452,86]],[[621020,234365],[-157,-265]],[[620064,231326],[-240,-41]],[[619794,231250],[166,-511]],[[619674,217201],[49,-302]],[[616060,207696],[-108,-810]],[[612525,199250],[27,-526]],[[611719,197194],[42,-114]],[[611711,195821],[-49,12]],[[611379,195525],[-61,-51]],[[601717,180836],[-3824,862]],[[592616,177289],[-158,-125]],[[592407,177079],[-174,-217]],[[592233,176862],[-15015,29608]],[[577218,206470],[-1654,1127]],[[575564,207597],[-2194,7124]],[[573370,214721],[1359,-304]],[[572709,232210],[-53,211]],[[570304,238229],[2352,-5808]],[[572656,232421],[53,-211]],[[572709,232210],[2020,-17793]],[[574729,214417],[-2424,543]],[[572305,214960],[-16505,2375]],[[555800,217335],[-32,40]],[[555768,217375],[-2566,12324]],[[553202,229699],[528,893]],[[553730,230592],[605,1179]],[[554335,231771],[178,234]],[[554513,232005],[659,63]],[[555172,232068],[46,94]],[[554907,235107],[13,732]],[[555355,238048],[124,477]],[[555729,238847],[166,435]],[[557503,238835],[536,-126]],[[558797,246024],[2332,-470]],[[567955,246427],[2349,-8198]],[[570304,238229],[-12265,480]],[[558039,238709],[-536,126]],[[557503,238835],[-1608,447]],[[555895,239282],[71,655]],[[567955,246427],[-6826,-873]],[[561129,245554],[-2332,470]],[[558797,246024],[-2831,-6087]],[[555966,239937],[-237,-1090]],[[555729,238847],[-250,-322]],[[555479,238525],[-124,-477]],[[555355,238048],[-435,-2209]],[[554920,235839],[-13,-732]],[[554907,235107],[311,-2945]],[[555218,232162],[3,56]],[[555221,232218],[-1032,151]],[[554189,232369],[-68,-207]],[[554121,232162],[-9622,-9567]],[[544499,222595],[-11271,10465]],[[533228,233060],[-17,34]],[[533211,233094],[3021,14028]],[[536232,247122],[4442,9134]],[[540674,256256],[-61,194]],[[540613,256450],[689,2118]],[[541302,258568],[-128,877]],[[541174,259445],[-50,578]],[[541124,260023],[-1590,1731]],[[539534,261754],[53,97]],[[539587,261851],[126,753]],[[539713,262604],[222,943]],[[539935,263547],[387,153]],[[540322,263700],[22422,17257]],[[562744,280957],[14861,4692]],[[577605,285649],[4417,-9904]],[[582022,275745],[72,15]],[[582094,275760],[1770,-127]],[[583864,275633],[117,172]],[[583981,275805],[4241,1366]],[[588222,277171],[144,88]],[[588366,277259],[4423,-1811]],[[592789,275448],[139,-332]],[[592928,275116],[1696,-4232]],[[594624,270884],[98,201]],[[594722,271085],[2408,-159]],[[597130,270926],[27,-224]],[[597157,270702],[955,-515]],[[598112,270187],[111,-239]],[[598223,269948],[13854,-21612]],[[612077,248336],[-279,-529]],[[611798,247807],[52,-384]],[[611850,247423],[-59,-172]],[[611791,247251],[-1219,-4872]],[[610572,242379],[-81,-84]],[[610491,242295],[-5260,-434]],[[605231,241861],[-386,-433]],[[604845,241428],[-45,-18]],[[604800,241410],[-78,175]],[[604722,241585],[-28935,4496]],[[575787,246081],[92,99]],[[575879,246180],[-7924,247]],[[589198,167071],[-381,-1414]],[[588783,165597],[-375,-386]],[[575557,158008],[-779,1833]],[[574778,159841],[14420,7230]],[[606224,161792],[1282,-283]],[[612408,164223],[-40,-5]],[[606503,162191],[-99,22]],[[606278,162394],[-17,79]],[[606235,162575],[1,62]],[[602838,163822],[-752,31]],[[602003,163980],[-163,1]],[[601673,163930],[-55,-159]],[[599217,166662],[-170,16]],[[596377,167460],[-2,-18]],[[593309,167244],[167,170]],[[593476,167414],[-2123,7950]],[[591353,175364],[774,1278]],[[592127,176642],[94,197]],[[592221,176839],[186,240]],[[592407,177079],[51,85]],[[592458,177164],[158,125]],[[592616,177289],[5277,4409]],[[597893,181698],[3824,-862]],[[601717,180836],[9601,14638]],[[616558,194019],[141,-142]],[[617031,193722],[158,-17]],[[619084,165822],[-281,-1184]],[[621911,150188],[-8,-39]],[[619698,147697],[-197,-1583]],[[615293,144291],[-40,-28]],[[614058,144940],[-51,243]],[[612408,164223],[-4902,-2714]],[[607506,161509],[-895,204]],[[606518,162188],[-15,3]],[[606503,162191],[5865,2027]],[[612368,164218],[40,5]],[[619084,165822],[-1895,27883]],[[617189,193705],[-158,17]],[[617031,193722],[-332,155]],[[616699,193877],[-141,142]],[[616558,194019],[-5240,1455]],[[611318,195474],[61,51]],[[611379,195525],[283,308]],[[611662,195833],[49,-12]],[[611711,195821],[50,1259]],[[611761,197080],[-42,114]],[[611719,197194],[833,1530]],[[612552,198724],[-27,526]],[[612525,199250],[3427,7636]],[[615952,206886],[9,71]],[[626117,197044],[245,-21]],[[627132,196734],[162,31]],[[627687,196871],[147,153]],[[627947,196986],[362,-12]],[[628881,196314],[173,414]],[[633640,198385],[-17,59]],[[634135,198594],[387,-137]],[[634556,198431],[236,-95]],[[634815,198299],[-21,-174]],[[634443,198157],[33,-343]],[[634630,197625],[21,-130]],[[634668,197472],[223,-12]],[[635118,197521],[18,-223]],[[635453,197287],[126,236]],[[635847,197631],[210,-40]],[[636988,196869],[164,6]],[[644651,198736],[-6,-52]],[[644558,198667],[-116,-68]],[[643683,179372],[-635,-840]],[[639911,157075],[499,3302]],[[655244,154876],[339,-72]],[[655193,144355],[-126,-2448]],[[653778,143448],[25,626]],[[621890,150084],[21,104]],[[621911,150188],[-3108,14450]],[[618803,164638],[281,1184]],[[655449,154835],[-205,41]],[[655244,154876],[-14834,5501]],[[647762,164535],[1253,-329]],[[642849,178267],[834,1105]],[[643683,179372],[759,19227]],[[644442,198599],[116,68]],[[644558,198667],[87,17]],[[644645,198684],[262,2190]],[[664778,212441],[-430,-3517]],[[658104,199703],[-98,-349]],[[658007,199282],[77,7]],[[658486,199229],[43,38]],[[673174,163598],[-190,-5]],[[672939,163714],[-217,-164]],[[687228,209176],[888,-195]],[[738953,211999],[-58165,-79197]],[[655128,143076],[65,1279]],[[655193,144355],[390,10449]],[[655583,154804],[-134,31]],[[655449,154835],[17273,8715]],[[672722,163550],[217,164]],[[672939,163714],[45,-121]],[[672984,163593],[190,5]],[[673174,163598],[-14645,35669]],[[658529,199267],[-43,-38]],[[658486,199229],[-402,60]],[[658084,199289],[-77,-7]],[[658007,199282],[-1,72]],[[658006,199354],[98,349]],[[658104,199703],[6244,9221]],[[664348,208924],[344,2812]],[[670180,220724],[153,60]],[[670568,220516],[81,106]],[[670757,220523],[-67,-260]],[[670711,220234],[248,29]],[[671751,221570],[162,-220]],[[671698,222601],[78,28]],[[671904,222640],[31,101]],[[676805,230131],[982,-135]],[[725649,216226],[-218,-414]],[[725596,213204],[-104,-87]],[[724588,212985],[-110,8]],[[726969,212898],[473,106]],[[735267,216544],[546,314]],[[736159,216612],[1117,-22]],[[737548,216524],[1126,1229]],[[739111,218449],[1065,1870]],[[690891,208346],[-3663,830]],[[687228,209176],[1545,-4632]],[[688116,208981],[2775,-635]],[[690891,208346],[-2118,-3802]],[[688773,204544],[-657,4437]],[[626117,197044],[-10156,9913]],[[615961,206957],[99,739]],[[616060,207696],[3663,9203]],[[619723,216899],[33,-174]],[[640298,206190],[-76,-639]],[[645588,203445],[-681,-2571]],[[644907,200874],[-256,-2138]],[[644651,198736],[-7499,-1861]],[[637152,196875],[-164,-6]],[[636988,196869],[-931,722]],[[636057,197591],[-210,40]],[[635847,197631],[-268,-108]],[[635579,197523],[-126,-236]],[[635453,197287],[-317,11]],[[635136,197298],[-18,223]],[[635118,197521],[-227,-61]],[[634891,197460],[-223,12]],[[634668,197472],[-17,23]],[[634651,197495],[-21,130]],[[634630,197625],[-154,189]],[[634476,197814],[-33,343]],[[634443,198157],[351,-32]],[[634794,198125],[21,174]],[[634815,198299],[-23,37]],[[634792,198336],[-236,95]],[[634556,198431],[-34,26]],[[634522,198457],[-387,137]],[[634135,198594],[-512,-150]],[[633623,198444],[17,-59]],[[633640,198385],[-4586,-1657]],[[629054,196728],[-173,-414]],[[628881,196314],[-572,660]],[[628309,196974],[-362,12]],[[627947,196986],[-113,38]],[[627834,197024],[-147,-153]],[[627687,196871],[-393,-106]],[[627294,196765],[-162,-31]],[[627132,196734],[-770,289]],[[626362,197023],[-245,21]],[[640745,212214],[-447,-6024]],[[640298,206190],[-20542,10535]],[[619756,216725],[-82,476]],[[619674,217201],[286,13538]],[[619960,230739],[-166,511]],[[619794,231250],[30,35]],[[619824,231285],[240,41]],[[620064,231326],[799,2774]],[[620863,234100],[157,265]],[[621020,234365],[420,34]],[[621440,234399],[452,-86]],[[621892,234313],[43,-45]],[[621935,234268],[154,-799]],[[622089,233469],[186,-257]],[[622275,233212],[131,157]],[[622406,233369],[-21,296]],[[622385,233665],[166,421]],[[622551,234086],[53,23]],[[622604,234109],[328,-140]],[[622932,233969],[416,-349]],[[623348,233620],[197,-14]],[[623545,233606],[-37,-366]],[[623508,233240],[-28,-933]],[[623480,232307],[1864,-1369]],[[625344,230938],[156,-545]],[[625500,230393],[2030,1384]],[[627530,231777],[512,-246]],[[642056,211450],[-1311,764]],[[640745,212214],[-12703,19317]],[[628042,231531],[282,315]],[[628324,231846],[-4,166]],[[628320,232012],[219,217]],[[628539,232229],[631,-1110]],[[629170,231119],[261,281]],[[629431,231400],[1147,532]],[[630578,231932],[-44,-404]],[[630534,231528],[155,-302]],[[630689,231226],[102,13]],[[630791,231239],[2479,-1951]],[[633270,229288],[267,2772]],[[634628,227586],[659,133]],[[636165,228013],[97,96]],[[640730,228976],[57,-68]],[[660315,225539],[15,-316]],[[662364,226232],[444,44]],[[664644,224968],[190,-132]],[[665704,223825],[28,-137]],[[666024,223221],[70,-82]],[[670173,220769],[7,-45]],[[670180,220724],[-5488,-8988]],[[664692,211736],[86,705]],[[664778,212441],[-19190,-8996]],[[645588,203445],[-5366,2106]],[[640222,205551],[1834,5899]],[[642056,211450],[-1269,17458]],[[640787,228908],[-57,68]],[[640730,228976],[-4468,-867]],[[636262,228109],[-97,-96]],[[636165,228013],[-878,-294]],[[635287,227719],[-659,-133]],[[634628,227586],[-1091,4474]],[[633537,232060],[98,1022]],[[633635,233082],[-18187,64571]],[[615448,297653],[-164,196]],[[615284,297849],[-189,386]],[[615095,298235],[-110,170]],[[614985,298405],[-1579,3340]],[[613406,301745],[-98,299]],[[613308,302044],[20013,84209]],[[633321,386253],[1403,5292]],[[634724,391545],[-517,7188]],[[634207,398733],[536,254]],[[634743,398987],[453,709]],[[635196,399696],[21,67]],[[635217,399763],[20861,-16661]],[[656078,383102],[9004,-2253]],[[665313,380322],[13,-176]],[[665176,366312],[87,-64]],[[665540,365527],[-94,-199]],[[665525,364454],[111,-215]],[[665632,364212],[-533,-62]],[[664684,358512],[335,-350]],[[665094,358148],[92,-123]],[[662212,353718],[-1027,175]],[[661112,353810],[-242,-409]],[[660386,350896],[-115,-211]],[[660190,350399],[-6,-88]],[[643773,256359],[-25,-338]],[[648985,245605],[59,-832]],[[649482,245375],[216,48]],[[652308,246412],[-172,-1514]],[[660213,256493],[1964,-449]],[[664209,228011],[130,-337]],[[665344,225822],[100,-153]],[[665552,225328],[-164,-130]],[[665362,224777],[-528,59]],[[664834,224836],[-190,132]],[[664644,224968],[-1836,1308]],[[662808,226276],[-444,-44]],[[662364,226232],[-2034,-1009]],[[660330,225223],[-15,316]],[[660315,225539],[-8179,19359]],[[652136,244898],[252,2275]],[[652705,257705],[2726,-606]],[[671935,222741],[-31,-101]],[[671904,222640],[-128,-11]],[[671776,222629],[-78,-28]],[[671698,222601],[215,-1251]],[[671913,221350],[-162,220]],[[671751,221570],[-792,-1307]],[[670959,220263],[-248,-29]],[[670711,220234],[-21,29]],[[670690,220263],[67,260]],[[670757,220523],[-108,99]],[[670649,220622],[-81,-106]],[[670568,220516],[-235,268]],[[670333,220784],[-160,-15]],[[670173,220769],[-4079,2370]],[[666094,223139],[-70,82]],[[666024,223221],[-292,467]],[[665732,223688],[-28,137]],[[665704,223825],[-342,952]],[[665362,224777],[26,421]],[[665388,225198],[164,130]],[[665552,225328],[-108,341]],[[665444,225669],[-100,153]],[[665344,225822],[-1005,1852]],[[664339,227674],[-130,337]],[[664209,228011],[-2032,28033]],[[662177,256044],[-1964,449]],[[660213,256493],[-4782,606]],[[655431,257099],[-2726,606]],[[652705,257705],[-317,-10532]],[[652388,247173],[-80,-761]],[[652308,246412],[-2610,-989]],[[649698,245423],[-216,-48]],[[649482,245375],[-438,-602]],[[649044,244773],[-59,832]],[[648985,245605],[-5237,10416]],[[643748,256021],[25,338]],[[643773,256359],[18992,82139]],[[680214,238529],[354,-473]],[[678259,229932],[-1454,199]],[[676805,230131],[-4870,-7390]],[[662765,338498],[-2581,11813]],[[660184,350311],[6,88]],[[660190,350399],[81,286]],[[660271,350685],[115,211]],[[660386,350896],[484,2505]],[[660870,353401],[242,409]],[[661112,353810],[73,83]],[[661185,353893],[1027,-175]],[[662212,353718],[2974,4307]],[[665186,358025],[-92,123]],[[665094,358148],[-75,14]],[[665019,358162],[-335,350]],[[664684,358512],[415,5638]],[[665099,364150],[533,62]],[[665632,364212],[4,27]],[[665636,364239],[-111,215]],[[665525,364454],[-79,874]],[[665446,365328],[94,199]],[[665540,365527],[-277,721]],[[665263,366248],[-87,64]],[[665176,366312],[150,13834]],[[665326,380146],[-13,176]],[[665313,380322],[-231,527]],[[665082,380849],[-636,160]],[[664446,381009],[-932,3147]],[[663514,384156],[-88,548]],[[663426,384704],[-1177,4779]],[[662249,389483],[38,111]],[[662287,389594],[155,270]],[[662442,389864],[-198,187]],[[662244,390051],[-680,875]],[[661564,390926],[162,609]],[[661726,391535],[15676,60]],[[677402,391595],[20704,-4081]],[[698106,387514],[2277,31693]],[[710522,395411],[147,-239]],[[721541,380191],[99,-46]],[[718678,317822],[110,-396]],[[719035,317293],[-17,-93]],[[715098,310156],[103,-53]],[[705362,287640],[-331,-2265]],[[704712,243001],[81,-198]],[[704855,242709],[1364,537]],[[714502,243353],[22,-66]],[[718210,230722],[164,117]],[[727390,212986],[-421,-88]],[[726969,212898],[-2491,95]],[[724478,212993],[110,-8]],[[724588,212985],[904,132]],[[725492,213117],[104,87]],[[725596,213204],[-165,2608]],[[725431,215812],[218,414]],[[725649,216226],[-47862,13770]],[[677787,229996],[472,-64]],[[678259,229932],[2309,8124]],[[680568,238056],[-354,473]],[[680214,238529],[-17449,99969]],[[705031,285375],[81,539]],[[714502,243371],[0,-18]],[[714502,243353],[-8283,-107]],[[706219,243246],[-1364,-537]],[[704855,242709],[-62,94]],[[704793,242803],[-81,198]],[[704712,243001],[319,42374]],[[727722,264452],[-602,-590]],[[596146,165383],[231,2077]],[[596377,167460],[2670,-782]],[[599047,166678],[170,-16]],[[599217,166662],[2401,-2891]],[[601618,163771],[55,159]],[[601673,163930],[167,51]],[[601840,163981],[163,-1]],[[602003,163980],[83,-127]],[[602086,163853],[752,-31]],[[602838,163822],[3398,-1185]],[[606236,162637],[-1,-62]],[[606235,162575],[26,-102]],[[606261,162473],[17,-79]],[[606278,162394],[126,-181]],[[606404,162213],[114,-25]],[[606518,162188],[93,-475]],[[606611,161713],[-387,79]],[[606224,161792],[7783,-16609]],[[614007,145183],[22,-134]],[[613469,143880],[-163,-151]],[[592945,158183],[20361,-14454]],[[613306,143729],[163,151]],[[613469,143880],[560,1169]],[[614029,145049],[29,-109]],[[614058,144940],[1195,-677]],[[615253,144263],[40,28]],[[615293,144291],[4208,1823]],[[619501,146114],[-119,-946]],[[597384,117081],[33,30]],[[594356,125106],[-36,252]],[[586389,155010],[295,-10]],[[591826,157556],[1032,-227]],[[586389,155010],[7931,-29652]],[[594320,125358],[17,-118]],[[580336,115490],[-1293,3104]],[[582825,131816],[32,84]],[[583312,132802],[30,86]],[[583677,133186],[35,82]],[[561199,164355],[2129,-429]],[[563328,163926],[91,387]],[[563419,164313],[207,202]],[[563626,164515],[135,147]],[[563761,164662],[-4,87]],[[563757,164749],[5207,9008]],[[568964,173757],[1298,-300]],[[570262,173457],[872,-2444]],[[571134,171013],[3228,-10193]],[[574362,160820],[1195,-2812]],[[575557,158008],[12851,7203]],[[588408,165211],[375,386]],[[588783,165597],[34,60]],[[588817,165657],[332,1243]],[[589149,166900],[3912,175]],[[593061,167075],[248,169]],[[593309,167244],[3066,198]],[[596375,167442],[-229,-2059]],[[596146,165383],[-3201,-7200]],[[592945,158183],[-87,-854]],[[592858,157329],[-1032,227]],[[591826,157556],[-5142,-2556]],[[586684,155000],[-295,10]],[[647762,164535],[-7352,-4158]],[[640410,160377],[-499,-3302]],[[639911,157075],[3137,21457]],[[643048,178532],[-199,-265]],[[642849,178267],[6166,-14061]],[[649015,164206],[-1253,329]],[[653673,140852],[105,2596]],[[653778,143448],[1289,-1541]],[[655067,141907],[61,1169]],[[655128,143076],[25660,-10274]],[[680788,132802],[-26820,-25412]],[[660610,107570],[150,110],[146,-134],[-135,-75],[-161,99]],[[655211,105816],[2404,-2950]],[[658675,101489],[747,-939]],[[660066,103344],[278,28],[236,673],[-275,-802],[-445,134],[206,-33]],[[753639,236209],[-13463,-15890]],[[740176,220319],[-1065,-1870]],[[739111,218449],[-437,-696]],[[738674,217753],[-1126,-1229]],[[737548,216524],[-272,66]],[[737276,216590],[-1117,22]],[[736159,216612],[-346,246]],[[735813,216858],[-546,-314]],[[735267,216544],[-7825,-3540]],[[727442,213004],[-52,-18]],[[727390,212986],[-9016,17853]],[[718374,230839],[-164,-117]],[[718210,230722],[-3686,12565]],[[714524,243287],[-22,84]],[[714502,243371],[-9390,42543]],[[705112,285914],[250,1726]],[[705362,287640],[9839,22463]],[[715201,310103],[-103,53]],[[715098,310156],[3920,7044]],[[719018,317200],[17,93]],[[719035,317293],[-247,133]],[[718788,317426],[-110,396]],[[718678,317822],[2962,62323]],[[721640,380145],[29,-21]],[[732919,376358],[331,-135]],[[734196,348712],[9671,-1974]],[[768511,293411],[-2448,486]],[[762275,274938],[-206,-1880]],[[756722,255073],[-368,-56]],[[754236,253693],[-207,71]],[[749644,249286],[-205,-154]],[[750969,242412],[224,-100]],[[751242,242470],[253,278]],[[752145,242823],[191,-55]],[[752821,242229],[32,-90]],[[753843,242343],[50,-227]],[[753624,241261],[-92,-291]],[[727120,263862],[602,590]],[[727722,264452],[-602,-590]],[[751242,242470],[-49,-158]],[[751193,242312],[-224,100]],[[750969,242412],[-1530,6720]],[[749439,249132],[205,154]],[[749644,249286],[4385,4478]],[[754029,253764],[207,-71]],[[754236,253693],[2118,1324]],[[756354,255017],[368,56]],[[756722,255073],[284,-53]],[[755878,254595],[-665,-670]],[[750926,250365],[-351,-451]],[[751380,243547],[-138,-1077]],[[738953,211999],[14686,24210]],[[753639,236209],[-107,4761]],[[753532,240970],[92,291]],[[753624,241261],[269,855]],[[753893,242116],[-50,227]],[[753843,242343],[-990,-204]],[[752853,242139],[-32,90]],[[752821,242229],[-485,539]],[[752336,242768],[-191,55]],[[752145,242823],[-650,-75]],[[751495,242748],[-115,799]],[[751380,243547],[-805,6367]],[[750575,249914],[351,451]],[[750926,250365],[4287,3560]],[[755213,253925],[665,670]],[[755878,254595],[1128,425]],[[757006,255020],[458,-121]],[[757464,254899],[1074,663]],[[758632,255598],[69,-27]],[[762707,257095],[328,-726]],[[764383,256251],[455,-57]],[[765280,255652],[228,-935]],[[765614,254335],[-11,-620]],[[765723,252414],[22,-116]],[[772612,247644],[-126,-1121]],[[772288,243057],[-33335,-31058]],[[757464,254899],[4605,18159]],[[762069,273058],[-218,-1993]],[[762091,270126],[2114,-459]],[[762856,257011],[-149,84]],[[762707,257095],[-4006,-1524]],[[758701,255571],[-69,27]],[[758632,255598],[-94,-36]],[[758538,255562],[-1074,-663]],[[776447,298619],[18,278]],[[776451,298995],[-702,1227]],[[775759,300299],[548,185]],[[776392,300416],[635,253]],[[782571,304907],[200,603]],[[784025,307127],[448,1492]],[[784211,319155],[91,-122]],[[785193,318976],[84,974]],[[785429,321614],[87,171]],[[785940,331484],[-19,16753]],[[785900,351331],[-167,45]],[[768523,411264],[36,277]],[[768470,411740],[19,81]],[[769181,413873],[691,396]],[[770275,416015],[43,456]],[[780209,433509],[2406,-9]],[[813839,458735],[19128,-13689]],[[833674,443869],[78,-408]],[[833110,442628],[-169,-172]],[[833702,421712],[-22,-182]],[[833646,421449],[-236,-153]],[[815378,296946],[-21271,-827]],[[776579,279857],[595,-801]],[[773992,268529],[8,-11]],[[766169,269241],[-4078,885]],[[762091,270126],[-240,939]],[[761851,271065],[424,3873]],[[762275,274938],[3788,18959]],[[766063,293897],[2424,-481]],[[772066,294090],[367,480]],[[773680,292880],[-24,-16]],[[774383,283727],[-63,-3283]],[[845831,273211],[-130,-334]],[[845635,272757],[-198,-255]],[[845138,272344],[-390,-12]],[[844313,272382],[-373,-57]],[[843372,271766],[-47,-239]],[[842602,271147],[-101,-137]],[[776617,279805],[-38,52]],[[776579,279857],[-2259,587]],[[774320,280444],[63,3283]],[[774383,283727],[-727,9137]],[[773656,292864],[328,161]],[[775974,295473],[324,228]],[[776646,296619],[75,878]],[[776503,298045],[-56,574]],[[776447,298619],[17660,-2500]],[[794107,296119],[14686,-15718]],[[800311,261031],[-404,383]],[[803072,258983],[-7013,-3845]],[[802759,274740],[6034,5661]],[[808793,280401],[6585,16545]],[[815378,296946],[18032,124350]],[[833410,421296],[236,153]],[[833646,421449],[34,81]],[[833680,421530],[22,182]],[[833702,421712],[-761,20744]],[[832941,442456],[169,172]],[[833110,442628],[642,833]],[[833752,443461],[-78,408]],[[833674,443869],[-707,1177]],[[832967,445046],[70403,-49715]],[[878258,269364],[-71954,-8934]],[[843325,271527],[47,239]],[[843372,271766],[568,559]],[[843940,272325],[373,57]],[[844313,272382],[435,-50]],[[844748,272332],[390,12]],[[845138,272344],[299,158]],[[845437,272502],[198,255]],[[845635,272757],[66,120]],[[845701,272877],[130,334]],[[845831,273211],[-3330,-2201]],[[842501,271010],[101,137]],[[842602,271147],[723,380]],[[878258,269364],[24382,95329]],[[915536,357334],[107,-602]],[[900641,270318],[-22383,-954]],[[900641,270318],[15002,86414]],[[915643,356732],[-107,602]],[[915536,357334],[-12896,7359]],[[902640,364693],[730,30638]],[[903370,395331],[43452,-30189]],[[936215,271113],[-35574,-795]],[[977681,303041],[-41466,-31928]],[[936215,271113],[10607,94029]],[[946822,365142],[39300,-27022]],[[974988,324624],[-139,53]],[[974869,324184],[-91,-121]],[[977681,303041],[-2903,21022]],[[974778,324063],[91,121]],[[974869,324184],[-20,493]],[[974849,324677],[139,-53]],[[974988,324624],[11134,13496]],[[986122,338120],[-8441,-35079]],[[998583,312652],[326,1762],[-426,1385],[1516,-3928],[-1416,781]],[[991700,314365],[103,176],[174,-458],[-378,6],[101,276]],[[772066,294090],[-3579,-674]],[[768487,293416],[24,-5]],[[768511,293411],[-24644,53327]],[[743867,346738],[20798,-4220]],[[785929,341002],[11,-9518]],[[785940,331484],[-424,-9699]],[[785516,321785],[-87,-171]],[[785429,321614],[-152,-1664]],[[785277,319950],[-84,-974]],[[785193,318976],[-891,57]],[[784302,319033],[-91,122]],[[784211,319155],[262,-10536]],[[784473,308619],[-448,-1492]],[[784025,307127],[-1254,-1617]],[[782771,305510],[-200,-603]],[[782571,304907],[-5544,-4238]],[[777027,300669],[-635,-253]],[[776392,300416],[-85,68]],[[776307,300484],[-548,-185]],[[775759,300299],[-10,-77]],[[775749,300222],[702,-1227]],[[776451,298995],[14,-98]],[[776465,298897],[38,-852]],[[776503,298045],[218,-548]],[[776721,297497],[-75,-878]],[[776646,296619],[-348,-918]],[[776298,295701],[-324,-228]],[[775974,295473],[-1990,-2448]],[[773984,293025],[-304,-145]],[[773680,292880],[-1247,1690]],[[772433,294570],[-367,-480]],[[785923,346778],[6,-5776]],[[785929,341002],[-21264,1516]],[[764665,342518],[-587,118]],[[775209,352439],[1658,-372]],[[764078,342636],[-29882,6076]],[[734196,348712],[674,25613]],[[737455,377485],[564,671]],[[751210,403508],[248,296]],[[752082,405363],[223,359]],[[768564,417284],[1663,-327]],[[770289,417035],[134,-134]],[[770423,416901],[-105,-430]],[[770318,416471],[-43,-456]],[[770275,416015],[-403,-1746]],[[769872,414269],[-691,-396]],[[769181,413873],[-692,-2052]],[[768489,411821],[-19,-81]],[[768470,411740],[89,-199]],[[768559,411541],[-36,-277]],[[768523,411264],[17210,-59888]],[[785733,351376],[167,-45]],[[785900,351331],[21,-3094]],[[785921,348237],[2,-1459]],[[785923,346778],[-9056,5289]],[[776867,352067],[-1658,372]],[[775209,352439],[-11131,-9803]],[[738019,378156],[-564,-671]],[[737455,377485],[-2585,-3160]],[[734870,374325],[-1620,1898]],[[733250,376223],[-331,135]],[[732919,376358],[-11250,3766]],[[721669,380124],[-128,67]],[[721541,380191],[-10872,14981]],[[710669,395172],[-147,239]],[[710522,395411],[-10139,23796]],[[700383,419207],[1900,740]],[[702283,419947],[57,113]],[[702340,420060],[1187,1925]],[[703527,421985],[1976,15609]],[[705503,437594],[18051,23504]],[[723554,461098],[21113,-3793]],[[744667,457305],[25,0]],[[770148,416971],[-1584,313]],[[768564,417284],[-16259,-11562]],[[752305,405722],[-223,-359]],[[752082,405363],[-624,-1559]],[[751458,403804],[-248,-296]],[[751210,403508],[-13191,-25352]],[[780209,433509],[-9786,-16608]],[[770423,416901],[-134,134]],[[770289,417035],[-62,-78]],[[770227,416957],[-79,14]],[[770148,416971],[-25456,40334]],[[744692,457305],[1251,-16]],[[745943,457289],[13356,8004]],[[759299,465293],[41501,8250]],[[800800,473543],[13039,-14808]],[[813839,458735],[-31224,-25235]],[[782615,433500],[-2406,9]],[[763452,255460],[-417,909]],[[763035,256369],[-179,642]],[[762856,257011],[1349,12656]],[[764205,269667],[1964,-426]],[[766169,269241],[2104,550]],[[768320,268844],[-477,-925]],[[771928,257237],[-213,-1759]],[[767197,258793],[-51,294]],[[766724,260718],[1119,7201]],[[767843,267919],[477,925]],[[768320,268844],[-47,947]],[[768273,269791],[5727,-1273]],[[774000,268518],[731,-998]],[[765745,252298],[-22,116]],[[765723,252414],[-120,1301]],[[765603,253715],[11,620]],[[765614,254335],[-106,382]],[[765508,254717],[-228,935]],[[765280,255652],[-442,542]],[[764838,256194],[-455,57]],[[764383,256251],[-931,-791]],[[763452,255460],[3272,5258]],[[766724,260718],[422,-1631]],[[767146,259087],[51,-294]],[[767197,258793],[4518,-3315]],[[771715,255478],[-230,-1871]],[[772763,248983],[-151,-1339]],[[772612,247644],[-6867,4654]],[[772288,243057],[198,3466]],[[772486,246523],[277,2460]],[[772763,248983],[-1278,4624]],[[771485,253607],[443,3630]],[[771928,257237],[2803,10283]],[[774731,267520],[-739,1009]],[[773992,268529],[3182,10527]],[[777174,279056],[-557,749]],[[776617,279805],[26142,-5065]],[[802759,274740],[3545,-14310]],[[806304,260430],[-3232,-1447]],[[803072,258983],[-3165,2431]],[[799907,261414],[404,-383]],[[800311,261031],[-4252,-5893]],[[796059,255138],[-23771,-12081]],[[475707,195278],[-253,-2250]],[[475384,192384],[-149,-1404]],[[468819,192554],[91,343]],[[468910,192897],[1235,6991]],[[470145,199888],[566,1526]],[[470711,201414],[543,1263]],[[471254,202677],[460,335]],[[471714,203012],[336,-93]],[[463033,185349],[112,639]],[[463980,187024],[1229,1001]],[[465209,188025],[3551,4309]],[[468760,192334],[59,220]],[[468819,192554],[6416,-1574]],[[475235,190980],[-332,-3083]],[[468997,186939],[-520,-334]],[[467068,176545],[1929,10394]],[[468997,186939],[5906,958]],[[474903,187897],[481,4487]],[[475384,192384],[70,644]],[[475454,193028],[117,1080]],[[482506,184117],[-213,-230]],[[481568,183349],[-36,15]],[[481251,183581],[-50,3]],[[481173,183541],[-2918,-5096]],[[471346,171430],[-4278,5115]],[[467068,176545],[11187,1900]],[[478255,178445],[-2248,-4636]],[[467069,164494],[-3,-798]],[[460293,166246],[-5060,1056]],[[463506,172234],[7840,-804]],[[471346,171430],[4661,2379]],[[476007,173809],[-3889,-9408]],[[472016,164566],[-23,30]],[[471988,164931],[-441,38]],[[471510,165210],[17,60]],[[454334,138361],[-137,65]],[[451368,144470],[-62,115]],[[450831,145586],[121,148]],[[451754,148480],[46,-56]],[[461978,148442],[-7324,-10200]],[[474579,162749],[-353,-696],[-133,-93],[96,1202],[390,-413]],[[471919,157929],[-2225,-1394]],[[467078,156443],[2,134]],[[467080,157922],[-11,6572]],[[467069,164494],[4458,776]],[[471527,165270],[-17,-60]],[[471510,165210],[37,-241]],[[471547,164969],[441,-38]],[[471988,164931],[5,-335]],[[471993,164596],[23,-30]],[[472016,164566],[102,-165]],[[472118,164401],[1550,-3328]],[[473362,160820],[-1601,-6]],[[473362,160820],[306,253]],[[473668,161073],[1900,-7435]],[[474940,154376],[-962,741]],[[471647,157929],[272,0]],[[471919,157929],[-158,2885]],[[471761,160814],[1601,6]],[[471682,151137],[-35,6792]],[[471647,157929],[2331,-2812]],[[473978,155117],[962,-741]],[[474940,154376],[628,-738]],[[475568,153638],[-3302,-5099]],[[495766,153698],[-14814,-6630],[2171,24358],[18200,-4352],[5699,-9104],[-11256,-4272]],[[491686,145599],[310,1002],[363,-1242],[-401,-290],[-272,530]],[[489684,144547],[-24,12],[17,56],[26,-30],[-19,-38]],[[485026,125682],[-4026,2557]],[[481810,129041],[1813,-1628]],[[479609,128235],[2365,9383]],[[483096,138006],[493,221],[327,-214],[-141,-91],[-679,84]],[[463538,125517],[-32,52],[136,56],[-63,-106],[-41,-2]],[[463084,125369],[-44,227],[295,-42],[-141,-204],[-110,19]],[[482272,128621],[-462,420]],[[481810,129041],[-810,-802]],[[481000,128239],[-1391,-4]],[[479609,128235],[2365,9383]],[[481974,137618],[1726,-8175]],[[498950,127083],[-294,-2368]],[[501097,119691],[-2939,7584]],[[485026,125682],[-1403,1731]],[[483623,127413],[-1351,1208]],[[482272,128621],[1428,822]],[[483700,129443],[1326,-3761]],[[489988,116294],[6,30],[21,-6],[-27,-24]],[[489606,116780],[-9,0],[2,62],[19,-28],[-12,-34]],[[488535,130418],[874,-2019],[42,-902],[-1462,1808],[546,1113]],[[489229,117124],[-19,23],[4,17],[40,-30],[-25,-10]],[[461978,148442],[-4246,5465]],[[456772,157902],[-241,522]],[[455947,159617],[-58,337]],[[455815,160526],[-222,473]],[[455324,161412],[2099,-414]],[[458032,166708],[2261,-462]],[[460293,166246],[6773,-2550]],[[467066,163696],[14,-5774]],[[467080,157922],[0,-1345]],[[467080,156577],[-1985,-2684]],[[464907,153324],[86,-2360]],[[465161,150960],[311,-69]],[[465546,150723],[-3568,-2281]],[[471682,151137],[584,-2598]],[[472266,148539],[-6720,2184]],[[465546,150723],[-74,168]],[[465472,150891],[-311,69]],[[465161,150960],[-168,4]],[[464993,150964],[-86,2360]],[[464907,153324],[188,569]],[[465095,153893],[1983,2550]],[[467078,156443],[2616,92]],[[469694,156535],[1988,-5398]],[[451861,148820],[-107,-340]],[[451754,148480],[-802,-2746]],[[450952,145734],[-601,-714]],[[445719,143808],[-173,84]],[[445573,143747],[-32,-61]],[[443162,150416],[16,813]],[[441870,131496],[122,115]],[[442700,132353],[115,225]],[[443250,133374],[28,78]],[[443363,133428],[102,154]],[[443501,133617],[32,161]],[[443297,135645],[16,196]],[[445553,143595],[20,152]],[[445573,143747],[-27,145]],[[445546,143892],[173,-84]],[[445719,143808],[4632,1212]],[[450351,145020],[480,566]],[[450831,145586],[475,-1001]],[[451306,144585],[62,-115]],[[451368,144470],[2829,-6044]],[[454197,138426],[137,-65]],[[454334,138361],[320,-119]],[[454654,138242],[-13498,-7031]],[[461743,195396],[3444,-7388]],[[465187,188008],[-1207,-984]],[[463980,187024],[-835,-1036]],[[463145,185988],[-122,-700]],[[462069,183422],[-165,-278]],[[457917,185729],[-172,953]],[[457691,187710],[4052,7686]],[[457691,187710],[54,-1028]],[[457745,186682],[172,-953]],[[457917,185729],[3987,-2585]],[[461904,183144],[-1159,-1891]],[[460104,178797],[-481,-1489]],[[453872,179631],[3819,8079]],[[463506,172234],[-4793,2096]],[[458784,174690],[1320,4107]],[[460104,178797],[641,2456]],[[460745,181253],[1324,2169]],[[462069,183422],[954,1866]],[[463023,185288],[10,61]],[[463033,185349],[5444,1256]],[[468477,186605],[-4971,-14371]],[[450178,167487],[3694,12144]],[[453872,179631],[5751,-2323]],[[459623,177308],[-839,-2618]],[[458784,174690],[-71,-360]],[[458713,174330],[-4983,-6720]],[[448129,152780],[-3740,1293]],[[444389,154073],[224,4926]],[[443963,159782],[6215,7705]],[[450178,167487],[3552,123]],[[453730,167610],[1503,-308]],[[455233,167302],[2799,-594]],[[458032,166708],[-609,-5710]],[[457423,160998],[-3494,695]],[[450811,157749],[-60,18]],[[450811,157749],[3118,3944]],[[453929,161693],[1395,-281]],[[455324,161412],[269,-413]],[[455593,160999],[222,-473]],[[455815,160526],[74,-572]],[[455889,159954],[58,-337]],[[455947,159617],[584,-1193]],[[456531,158424],[241,-522]],[[456772,157902],[960,-3995]],[[457732,153907],[-5932,-5483]],[[451800,148424],[61,396]],[[451861,148820],[-3732,3960]],[[448129,152780],[2622,4987]],[[450751,157767],[60,-18]],[[443963,159782],[650,-783]],[[444613,158999],[-152,-3350]],[[441930,158614],[2033,1168]],[[443162,150416],[2379,-6730]],[[445541,143686],[12,-91]],[[445553,143595],[-2240,-7754]],[[443313,135841],[-16,-196]],[[443297,135645],[236,-1867]],[[443533,133778],[-32,-161]],[[443501,133617],[-36,-35]],[[443465,133582],[-102,-154]],[[443363,133428],[-85,24]],[[443278,133452],[-28,-78]],[[443250,133374],[-435,-796]],[[442815,132578],[-115,-225]],[[442700,132353],[-708,-742]],[[441992,131611],[-122,-115]],[[441870,131496],[-714,-285]],[[441156,131211],[-7939,11000]],[[434928,152140],[13,483]],[[438027,156791],[3903,1823]],[[441930,158614],[2531,-2965]],[[444461,155649],[-72,-1576]],[[444389,154073],[-1211,-2844]],[[443178,151229],[-16,-813]],[[440403,130464],[4,58],[66,-8],[-9,-80],[-61,30]],[[440454,130591],[19,-43],[-50,67],[31,-24]],[[440330,130495],[12,58],[69,41],[-45,-94],[-36,-5]],[[439017,130462],[-19,34],[12,31],[20,-9],[-13,-56]],[[438394,129114],[36,141],[67,-67],[-20,-142],[-83,68]],[[438338,128694],[35,-30],[-62,-39],[-5,55],[32,14]],[[438082,129712],[-18,13],[35,25],[6,-15],[-23,-23]],[[438058,130238],[-2,32],[31,5],[-7,-35],[-22,-2]],[[438062,130147],[-16,20],[30,4],[-14,-24]],[[438046,129794],[-12,17],[13,12],[10,-13],[-11,-16]],[[438032,130044],[-18,8],[1,16],[23,4],[-6,-28]],[[437986,129916],[-46,35],[12,62],[58,-38],[-24,-59]],[[437915,129996],[1,58],[32,6],[-1,-33],[-32,-31]],[[434941,152623],[14,371]],[[435539,155472],[2488,1319]],[[438027,156791],[-3086,-4168]],[[435539,155472],[-584,-2478]],[[434955,152994],[-27,-854]],[[434928,152140],[-1711,-9929]],[[433217,142211],[-6632,8914]],[[427213,156115],[8326,-643]],[[427091,150065],[-2,42],[22,13],[10,-57],[-30,2]],[[427213,156115],[-628,-4990]],[[426585,151125],[-3592,4942]],[[424367,157930],[2846,-1815]],[[424367,157930],[-1374,-1863]],[[422993,156067],[-2937,3302]],[[421597,163619],[2770,-5689]],[[421827,157445],[30,36],[45,-17],[-17,-20],[-58,1]],[[421864,156977],[-32,14],[3,15],[22,10],[7,-39]],[[421795,157187],[-6,50],[34,-25],[-7,-25],[-21,0]],[[421813,156941],[-12,16],[13,20],[8,-21],[-9,-15]],[[421767,157422],[-1,43],[27,23],[-7,-46],[-19,-20]],[[421342,157724],[-7,25],[10,26],[18,-18],[-21,-33]],[[421114,158118],[1,30],[35,26],[-15,-42],[-21,-14]],[[420822,158567],[4,-26],[-10,-4],[-5,26],[11,4]],[[421597,163619],[-1541,-4250]],[[420056,159369],[1541,4250]],[[527382,137604],[329,-69]],[[527790,129827],[-2873,533]],[[515499,145890],[-32,-348]],[[519860,161579],[85,-28]],[[529464,160222],[14,115]],[[540215,153863],[985,-202]],[[538758,149041],[-1543,296]],[[537355,150770],[-2108,-1055]],[[537355,150770],[-140,-1433]],[[537215,149337],[1343,-258]],[[528513,137385],[-1131,219]],[[527382,137604],[7865,12111]],[[535247,149715],[2108,1055]],[[554137,155298],[-2307,518]],[[546217,157034],[399,3693]],[[550963,165317],[56,165]],[[551019,165482],[4825,-3105]],[[550286,141016],[-99,-999]],[[544385,127347],[-3777,682]],[[536176,138591],[2382,10488]],[[538558,149079],[200,-38]],[[538758,149041],[2442,4620]],[[541200,153661],[655,-131]],[[541799,153000],[571,-119]],[[546173,142673],[111,-133]],[[542370,152881],[505,-106]],[[546264,157464],[-47,-430]],[[546217,157034],[5613,-1218]],[[551830,155816],[1522,-342]],[[555619,151879],[145,-23]],[[557513,150004],[175,133]],[[550711,142695],[-425,-1679]],[[550286,141016],[-4002,1524]],[[546284,142540],[-111,133]],[[546173,142673],[-3803,10208]],[[540608,128029],[2761,-500]],[[537892,119967],[-511,-4502]],[[534730,114172],[-2317,360]],[[527261,125259],[-441,147]],[[527060,129959],[730,-132]],[[527790,129827],[-79,7708]],[[527711,137535],[802,-150]],[[528513,137385],[7663,1206]],[[536176,138591],[4432,-10562]],[[555844,162377],[6528,7243]],[[562372,169620],[-172,-1753]],[[562200,167867],[389,-3791]],[[562589,164076],[-1390,279]],[[561199,164355],[22513,-31087]],[[583712,133268],[-35,-82]],[[583677,133186],[-335,-298]],[[583342,132888],[-30,-86]],[[583312,132802],[-455,-902]],[[582857,131900],[-100,-266]],[[578909,129049],[-175,-34]],[[564502,121394],[-2359,512]],[[557756,124033],[-222,248]],[[553366,113093],[-755,-6461]],[[552719,104268],[-1801,369]],[[537542,116925],[350,3042]],[[537892,119967],[5477,7562]],[[543369,127529],[1016,-182]],[[544385,127347],[5802,12670]],[[550187,140017],[524,2678]],[[550711,142695],[6977,7442]],[[557688,150137],[-175,-133]],[[557513,150004],[-1749,1852]],[[555764,151856],[-145,23]],[[555619,151879],[-2267,3595]],[[553352,155474],[785,-176]],[[554137,155298],[1707,7079]],[[553176,111467],[190,1626]],[[553366,113093],[4168,11188]],[[557534,124281],[222,-248]],[[557756,124033],[4387,-2127]],[[562143,121906],[-131,30]],[[559904,116537],[-181,-2300]],[[552272,104360],[447,-92]],[[552719,104268],[-108,2364]],[[552611,106632],[565,4835]],[[553176,111467],[6547,2770]],[[559723,114237],[181,2300]],[[559904,116537],[2108,5399]],[[562012,121936],[2490,-542]],[[564502,121394],[14232,7621]],[[578734,129015],[175,34]],[[578909,129049],[3848,2585]],[[582757,131634],[68,182]],[[582825,131816],[-3782,-13222]],[[579043,118594],[-2714,656]],[[566969,105482],[-314,-1452]],[[560960,104853],[-590,86]],[[559225,101767],[-140,-473]],[[559451,99079],[-100,-522]],[[559245,98627],[-922,-137]],[[561038,83341],[491,78]],[[565970,67594],[-33246,33182]],[[542913,101018],[-238,-1599]],[[542864,99614],[-80,-1023]],[[576329,119250],[4040,-3491]],[[577328,101919],[-13,-119]],[[567060,105900],[-91,-418]],[[566969,105482],[9360,13768]],[[570013,97161],[-277,-50]],[[562101,83509],[-1063,-168]],[[561038,83341],[-2715,15149]],[[558323,98490],[922,137]],[[559245,98627],[106,-70]],[[559351,98557],[100,522]],[[559451,99079],[-366,2215]],[[559085,101294],[140,473]],[[559225,101767],[1145,3172]],[[560370,104939],[590,-86]],[[560960,104853],[5695,-823]],[[566655,104030],[405,1870]],[[567060,105900],[10255,-4100]],[[577315,101800],[3,-151]],[[575928,98741],[-135,-71]],[[572697,99781],[-1193,-2500]],[[583523,56097],[-17553,11497]],[[565970,67594],[-4441,15825]],[[561529,83419],[572,90]],[[562101,83509],[7635,13602]],[[569736,97111],[277,50]],[[570013,97161],[1491,120]],[[571504,97281],[1193,2500]],[[572697,99781],[3096,-1111]],[[575793,98670],[437,229]],[[576741,98438],[143,-35]],[[577585,97930],[256,-249]],[[579438,94461],[-45,-420]],[[641198,40636],[-142,470],[353,-53],[34,-315],[-245,-102]],[[638378,39988],[104,485],[394,-243],[-302,-296],[-196,54]],[[637987,42583],[-331,570],[40,236],[584,-602],[-293,-204]],[[636395,46446],[280,-267],[83,-495],[-522,-172],[159,934]],[[619858,48779],[-218,-691],[-695,67],[746,980],[167,-356]],[[593871,94423],[-161,-16]],[[593569,94263],[-304,-43]],[[590815,91998],[-7292,-35901]],[[583523,56097],[-4130,37944]],[[579393,94041],[45,420]],[[579438,94461],[-1597,3220]],[[577841,97681],[-256,249]],[[577585,97930],[-701,473]],[[576884,98403],[-143,35]],[[576741,98438],[-511,461]],[[576230,98899],[-302,-158]],[[575928,98741],[1390,2908]],[[577318,101649],[10,270]],[[577328,101919],[3041,13840]],[[580369,115759],[-33,-269]],[[580336,115490],[14001,9750]],[[594337,125240],[19,-134]],[[594356,125106],[3061,-7995]],[[597417,117111],[-44,-44]],[[606457,69136],[41,-129],[-190,-64],[20,136],[129,57]],[[603546,62169],[340,152],[-30,-518],[-241,-78],[-69,444]],[[602246,3952],[455,273],[894,-327],[-980,-335],[-369,389]],[[598390,2831],[-489,514],[-586,1407],[1944,-986],[-869,-935]],[[597137,343],[-429,934],[256,494],[725,-1305],[-552,-123]],[[596492,1391],[-24,143],[126,-94],[-9,-27],[-93,-22]],[[596219,936],[-49,54],[47,148],[72,-143],[-70,-59]],[[595804,669],[-6,85],[79,140],[17,-177],[-90,-48]],[[595169,238],[131,338],[227,-80],[-126,-496],[-232,238]],[[593374,75803],[17,260],[305,-89],[-115,-244],[-207,73]],[[589174,27429],[790,-1030],[-433,-995],[-446,134],[89,1891]],[[589299,8481],[222,339],[162,-582],[-164,-129],[-220,372]],[[588308,13833],[-727,642],[-304,2716],[2152,-3436],[-532,-1766],[-589,1844]],[[588980,9751],[-214,853],[125,775],[528,-1385],[-439,-243]],[[588654,8754],[429,515],[108,-503],[-244,-680],[-293,668]],[[587471,37113],[9,591],[1098,-218],[-1077,-857],[-30,484]],[[606550,86283],[-12606,5347]],[[593824,92659],[-42,199]],[[594011,93162],[345,-285]],[[594486,93047],[-181,143]],[[594207,93236],[-286,386]],[[593956,93818],[-21,510]],[[593935,94328],[3438,22739]],[[597373,117067],[11,14]],[[597384,117081],[11683,8167]],[[608527,118159],[45,-1017]],[[603407,106934],[-106,-8]],[[593824,92659],[120,-1029]],[[593944,91630],[-3129,368]],[[590815,91998],[2450,2222]],[[593265,94220],[304,43]],[[593569,94263],[141,144]],[[593710,94407],[161,16]],[[593871,94423],[64,-95]],[[593935,94328],[21,-510]],[[593956,93818],[-35,-196]],[[593921,93622],[286,-386]],[[594207,93236],[98,-46]],[[594305,93190],[181,-143]],[[594486,93047],[-130,-170]],[[594356,92877],[-345,285]],[[594011,93162],[-229,-304]],[[593782,92858],[42,-199]],[[615829,93423],[281,2372]],[[618376,92953],[-5808,-1759]],[[616697,100360],[83,-6]],[[616963,100133],[36,-78]],[[616086,95594],[-257,-2171]],[[615829,93423],[-3261,-2229]],[[612568,91194],[-6018,-4911]],[[606550,86283],[-3249,20643]],[[603301,106926],[106,8]],[[603407,106934],[5165,10208]],[[608572,117142],[158,1067]],[[618781,106678],[-1228,301]],[[618376,92953],[-2266,2842]],[[616110,95795],[-24,-201]],[[616086,95594],[913,4461]],[[616999,100055],[-36,78]],[[616963,100133],[-183,221]],[[616780,100354],[-83,6]],[[616697,100360],[856,6619]],[[617553,106979],[2105,-522]],[[634664,99133],[-16288,-6180]],[[632450,93917],[50,125],[429,84],[-251,-257],[-228,48]],[[630441,93052],[-197,-385],[-948,137],[846,429],[299,-181]],[[630312,93868],[37,-278],[-223,73],[96,202],[90,3]],[[628794,92227],[-32,-230],[-473,-420],[-193,250],[698,400]],[[627127,89574],[11,51],[172,-44],[-97,-123],[-86,116]],[[626913,90223],[127,-164],[-57,-279],[-114,244],[44,199]],[[626852,88542],[-23,30],[40,70],[11,-57],[-28,-43]],[[626480,89821],[131,-656],[-349,-116],[118,899],[100,-127]],[[625560,87237],[174,172],[653,-358],[-535,-172],[-292,358]],[[626092,91747],[91,244],[34,5],[19,-188],[-144,-61]],[[625838,90540],[402,-229],[-897,232],[199,103],[296,-106]],[[624077,89213],[222,313],[891,-532],[-567,50],[-546,169]],[[659422,100550],[-747,939]],[[658675,101489],[747,-939]],[[657699,102479],[-11,55],[49,89],[11,-29],[-49,-115]],[[657615,102866],[-2404,2950]],[[655211,105816],[2404,-2950]],[[634664,99133],[-15006,7324]],[[619658,106457],[-877,221]],[[618781,106678],[-10051,11531]],[[608730,118209],[-203,-50]],[[608527,118159],[540,7089]],[[609067,125248],[10315,19920]],[[619382,145168],[316,2529]],[[619698,147697],[2205,2452]],[[621903,150149],[-13,-65]],[[621890,150084],[31913,-6010]],[[653803,144074],[-130,-3222]],[[653673,140852],[295,-33462]],[[653968,107390],[-19304,-8257]],[[654054,96893],[809,819],[119,-59],[-449,-494],[-479,-266]],[[653314,94566],[1421,-1458],[-8200,-1088],[5043,2701],[1736,-155]],[[654353,94318],[2,87],[67,-196],[39,-323],[-108,432]],[[652157,96630],[70,97],[866,175],[1123,935],[-1369,-1197],[-690,-10]],[[653512,98019],[-2007,-368],[-1266,-1616],[894,2425],[2379,-441]],[[653209,96357],[-21,50],[76,-59],[-19,-31],[-36,40]],[[652978,96531],[39,48],[55,-180],[-26,3],[-68,129]],[[652079,94674],[163,-40],[36,-101],[-56,73],[-143,68]],[[651342,96469],[212,215],[219,-51],[-14,-30],[-417,-134]],[[651073,96530],[-7,97],[181,-55],[-54,-133],[-120,91]],[[649292,98221],[-526,8],[321,292],[809,-313],[-604,13]],[[647700,98018],[-809,867],[2044,-1004],[-455,-301],[-780,438]],[[647103,94803],[-488,14],[993,459],[-36,-54],[-469,-419]],[[646982,95417],[229,444],[225,-9],[-345,-553],[-109,118]],[[646356,94970],[-67,-323],[-258,-63],[295,456],[30,-70]],[[646010,97128],[147,-32],[22,-109],[-327,65],[158,76]],[[645177,96440],[686,-142],[142,-232],[-1100,-21],[272,395]],[[645738,95406],[29,132],[118,22],[-152,-320],[5,166]],[[645726,94308],[-192,-286],[-469,65],[578,881],[83,-660]],[[643320,94447],[-982,-1298],[-603,1437],[1999,3010],[-414,-3149]],[[644161,96457],[-111,776],[-178,270],[916,-1038],[-627,-8]],[[644372,94270],[88,89],[65,-76],[-170,-54],[17,41]],[[644291,93466],[-12,33],[127,79],[-14,-75],[-101,-37]],[[643744,93003],[22,102],[522,-206],[-348,-178],[-196,282]],[[642850,89428],[-3789,-4850],[-378,-199],[-372,349],[4539,4700]],[[643696,94159],[128,362],[86,13],[64,-319],[-278,-56]],[[643408,93038],[-327,-346],[-326,198],[542,314],[111,-166]],[[640254,92493],[1289,2068],[845,-2047],[-1936,-1175],[-198,1154]],[[641601,94652],[170,87],[15,-9],[-111,-80],[-188,-12],[114,14]],[[640782,89466],[148,229],[191,-134],[-112,-67],[-227,-28]],[[639776,88266],[272,349],[579,-494],[-740,-164],[-111,309]],[[639324,93621],[19,64],[365,96],[-27,-43],[-357,-117]],[[639517,90575],[-298,-138],[-54,-208],[-7,128],[140,300],[219,-82]],[[639367,92605],[22,261],[118,30],[-40,-241],[-100,-50]],[[639199,90000],[35,133],[274,-292],[-171,7],[-138,152]],[[639427,87938],[3,-298],[-261,203],[23,227],[164,175],[71,-307]],[[639013,92761],[18,117],[34,37],[-5,-217],[-47,63]],[[637142,93403],[787,1139],[1071,-208],[-227,-2322],[-1631,1391]],[[638464,95260],[139,49],[298,-397],[-147,31],[-290,317]],[[632477,85335],[-4646,1844],[10299,1192],[-525,-1322],[-5128,-1714]],[[632784,85259],[3768,605],[645,539],[-1856,-1744],[-2557,600]],[[625867,81696],[11160,-1077],[-13665,-8446],[-5648,3148],[-3368,7002],[11521,-627]],[[635430,97537],[227,549],[284,-11],[-175,-344],[-336,-194]],[[635158,92694],[155,163],[441,-12],[138,-93],[-734,-58]],[[635182,95309],[84,422],[322,250],[87,-668],[-493,-4]],[[634177,92681],[130,352],[293,193],[348,96],[222,-91],[-993,-550]],[[631909,80147],[2074,1177],[234,-585],[-1640,-213],[-668,-379]],[[632373,91541],[252,-564],[645,-428],[-1384,492],[487,500]],[[623256,81398],[170,810],[829,-258],[-596,-881],[-403,329]],[[622977,80961],[-16,-217],[-282,-120],[196,332],[102,5]],[[622763,80956],[87,179],[51,26],[-84,-215],[-54,10]],[[621510,87470],[452,-495],[405,-215],[-541,135],[-316,575]],[[621235,81845],[82,279],[156,-131],[-76,-217],[-162,69]],[[619400,85236],[-27,507],[805,120],[-517,-624],[-261,-3]],[[614155,87310],[1728,358],[2630,-861],[-7050,-2278],[2692,2781]],[[614270,82944],[67,169],[162,-328],[-199,-214],[-30,373]],[[476637,212188],[-4083,904]],[[472554,213092],[5329,1815]],[[477883,214907],[635,5065]],[[480436,218458],[-283,-2442]],[[480531,214308],[-128,26]],[[480436,218458],[-1918,1514]],[[478518,219972],[-140,176]],[[478378,220148],[12,410]],[[478390,220558],[-47,1169]],[[478343,221727],[9,304]],[[478352,222031],[261,1871]],[[478613,223902],[4217,-906]],[[482830,222996],[-85,-726]],[[482745,222270],[287,113]],[[483032,222383],[-2501,-8075]],[[480531,214308],[-378,1708]],[[480153,216016],[283,2442]],[[482055,214032],[1293,-350]],[[483348,213682],[352,-423]],[[483700,213259],[4556,-631]],[[487009,194758],[2992,-5335]],[[485135,183529],[-167,-434]],[[486068,182607],[53,-127]],[[486497,179563],[-5324,3978]],[[481173,183541],[28,43]],[[481201,183584],[50,-3]],[[481251,183581],[281,-217]],[[481532,183364],[36,-15]],[[481568,183349],[725,538]],[[482293,183887],[213,230]],[[482506,184117],[-6935,9991]],[[475571,194108],[136,1170]],[[475707,195278],[-3657,7641]],[[472050,202919],[-300,83]],[[471750,203002],[79,1400]],[[471829,204402],[648,-138]],[[472477,204264],[1011,8624]],[[473488,212888],[3149,-700]],[[476637,212188],[3766,2146]],[[480403,214334],[1652,-302]],[[492901,211580],[402,-767]],[[493303,210813],[-52,-74]],[[493251,210739],[139,-251]],[[493390,210488],[48,-122]],[[493438,210366],[10,-558]],[[493448,209808],[15,-97]],[[493463,209711],[27,-83]],[[493490,209628],[31,115]],[[493521,209743],[15,18]],[[493536,209761],[9,-75]],[[493545,209686],[2,-85]],[[493547,209601],[-45,-77]],[[493502,209524],[-14,-17]],[[493488,209507],[63,-95]],[[493551,209412],[84,-158]],[[493635,209254],[263,-371]],[[493898,208883],[66,-12]],[[493964,208871],[192,-92]],[[494156,208779],[83,-24]],[[494239,208755],[84,22]],[[494323,208777],[298,-388]],[[494621,208389],[17,-169]],[[494638,208220],[34,-62]],[[494672,208158],[106,-63]],[[494778,208095],[763,-1976]],[[495541,206119],[13,-283]],[[495554,205836],[5754,-3712]],[[501308,202124],[-463,-3846]],[[500845,198278],[-105,-237]],[[500740,198041],[110,-24]],[[498049,192760],[-5527,1268]],[[489023,191162],[-2014,3596]],[[487009,194758],[1247,17870]],[[488256,212628],[4645,-1048]],[[514356,142228],[74,184]],[[514509,142736],[75,487]],[[515457,145317],[42,573]],[[515499,145890],[9418,-15530]],[[524917,130360],[2143,-401]],[[527060,129959],[-240,-4553]],[[526820,125406],[338,-66]],[[523138,121582],[-103,-55]],[[514217,135023],[166,1707]],[[511360,137853],[63,224]],[[486497,179563],[-376,2917]],[[486121,182480],[-53,127]],[[486068,182607],[-1100,488]],[[484968,183095],[167,434]],[[485135,183529],[4866,5894]],[[490001,189423],[-978,1739]],[[489023,191162],[3499,2866]],[[492522,194028],[2192,-504]],[[498846,185255],[50,-53]],[[498820,185050],[-12323,-5487]],[[507053,196647],[4003,6654]],[[511056,203301],[370,-7356]],[[511426,195945],[3809,1475]],[[515235,197420],[5508,-2760]],[[520743,194660],[3873,-875]],[[524616,193785],[2398,-518]],[[527014,193267],[-411,-3675]],[[526603,189592],[4233,-3652]],[[530836,185940],[2610,-525]],[[533446,185415],[751,-6283]],[[534197,179132],[-209,-131]],[[533988,179001],[-385,146]],[[533603,179147],[-351,-200]],[[533252,178947],[81,-157]],[[533333,178790],[-304,-238]],[[533029,178552],[3,-130]],[[533032,178422],[-241,-2568]],[[528058,173951],[-1003,206]],[[511575,189545],[-24,128]],[[506848,185500],[173,-274]],[[506988,184713],[-267,-115]],[[506705,184416],[-188,-28]],[[505059,181983],[-71,-78]],[[504860,181927],[-147,101]],[[504696,182012],[58,-145]],[[504823,181574],[-6003,3476]],[[498820,185050],[76,152]],[[498896,185202],[-50,53]],[[498846,185255],[-4132,8269]],[[494714,193524],[3335,-764]],[[498049,192760],[2801,5257]],[[500850,198017],[6203,-1370]],[[504924,140992],[-166,-770]],[[499188,141167],[5635,40407]],[[504823,181574],[-69,293]],[[504754,181867],[-58,145]],[[504696,182012],[17,16]],[[504713,182028],[147,-101]],[[504860,181927],[128,-22]],[[504988,181905],[71,78]],[[505059,181983],[1458,2405]],[[506517,184388],[188,28]],[[506705,184416],[16,182]],[[506721,184598],[267,115]],[[506988,184713],[33,513]],[[507021,185226],[-173,274]],[[506848,185500],[4703,4173]],[[511551,189673],[24,-128]],[[511575,189545],[15480,-15388]],[[527055,174157],[1015,-208]],[[518442,162055],[1418,-476]],[[519860,161579],[-4393,-16037]],[[515467,145542],[-10,-225]],[[515457,145317],[-873,-2094]],[[514584,143223],[-75,-487]],[[514509,142736],[-79,-324]],[[514430,142412],[-74,-184]],[[514356,142228],[-2285,-1766]],[[528070,173949],[-12,2]],[[528058,173951],[4733,1903]],[[532791,175854],[-1,18]],[[529606,161482],[-26,-156]],[[529585,161258],[-121,-1036]],[[529464,160222],[-9519,1329]],[[519945,161551],[-1503,504]],[[518442,162055],[9628,11894]],[[547745,171878],[-24,-237]],[[547721,171641],[3373,-5898]],[[551094,165743],[-131,-426]],[[550963,165317],[-4347,-4590]],[[546616,160727],[-352,-3263]],[[546264,157464],[-3389,-4689]],[[542875,152775],[-1076,225]],[[541799,153000],[56,530]],[[541855,153530],[-1640,333]],[[540215,153863],[-10737,6474]],[[529478,160337],[107,921]],[[529585,161258],[-5,68]],[[529580,161326],[26,156]],[[529606,161482],[3184,14390]],[[532790,175872],[129,1362]],[[532919,177234],[14826,-5356]],[[512071,140462],[-648,-2385]],[[511423,138077],[-63,-224]],[[511360,137853],[3023,-1123]],[[514383,136730],[-194,-1999]],[[513401,133123],[-3784,863]],[[508088,134318],[365,1454]],[[504535,138368],[389,2624]],[[504924,140992],[7147,-530]],[[498946,127042],[4,41]],[[498950,127083],[-792,192]],[[498158,127275],[1030,13892]],[[499188,141167],[5570,-945]],[[504758,140222],[-223,-1854]],[[504535,138368],[3918,-2596]],[[508453,135772],[-1106,-4564]],[[513070,133204],[331,-81]],[[513401,133123],[788,1608]],[[514189,134731],[28,292]],[[514217,135023],[8818,-13496]],[[523035,121527],[-12,0]],[[521203,114933],[-496,-282]],[[519175,114117],[-419,343]],[[517011,117673],[-306,144]],[[516547,117983],[-975,-697]],[[514840,113911],[303,-1205]],[[509346,110222],[-1406,2465]],[[510282,119462],[-13,416]],[[510489,121172],[2164,-157]],[[514840,113911],[732,3375]],[[515572,117286],[975,697]],[[516547,117983],[158,-166]],[[516705,117817],[306,-144]],[[517011,117673],[1745,-3213]],[[518756,114460],[419,-343]],[[519175,114117],[1532,534]],[[520707,114651],[496,282]],[[521203,114933],[1820,6594]],[[523023,121527],[115,55]],[[523138,121582],[4020,3758]],[[527158,125340],[103,-81]],[[527261,125259],[5152,-10727]],[[532413,114532],[-159,26]],[[523209,94642],[-13863,15580]],[[509346,110222],[5797,2484]],[[515143,112706],[-303,1205]],[[513732,119516],[-189,397],[536,-222],[-353,-72],[6,-103]],[[510489,121172],[-220,-1294]],[[510269,119878],[13,-416]],[[510282,119462],[-2342,-6775]],[[507940,112687],[-6843,7004]],[[501097,119691],[-2441,5024]],[[498656,124715],[290,2327]],[[498946,127042],[8401,4166]],[[507347,131208],[741,3110]],[[508088,134318],[1529,-332]],[[509617,133986],[3453,-782]],[[513070,133204],[-417,-12189]],[[512653,121015],[-2164,157]],[[523209,94642],[9045,19916]],[[532254,114558],[2476,-386]],[[534730,114172],[2651,1293]],[[537381,115465],[161,1460]],[[537542,116925],[13376,-12288]],[[550918,104637],[1354,-277]],[[552272,104360],[-9488,-5769]],[[542784,98591],[80,1023]],[[542864,99614],[-189,-195]],[[542675,99419],[238,1599]],[[542913,101018],[-10189,-242]],[[532724,100776],[-9515,-6134]]]}