{"type":"Topology","objects":{"data":{"geometries":[{"properties":{"LGA_CODE25":"20110","LGA_NAME25":"Alpine","is_split":false,"primary_district":"Ovens Valley District","primary_pct":99.97,"district_count":1.0},"type":"Polygon","arcs":[[-1281,0,-1279,1,-1277,2,-1275,-499,3,-1260,4,-1258,5,-1256,6,-1254,7,-1252,8,-312,9,-310,10,-308,11,-306,12,-304,13,-302,14,-300,15,-1297,16,-1361,17,-1359,18,-1357,19,-1283,20],[1628],[-1632,21,-1630,22,-1640,23,-1638,24,-1636,25,-1634,26]],"id":0},{"properties":{"LGA_CODE25":"20260","LGA_NAME25":"Ararat","is_split":true,"primary_district":"Lowan District","primary_pct":70.96,"district_count":2.0},"type":"Polygon","arcs":[[27,-1028,28,-1026,29,-1057,30,-1087,31,-223,32,-909,33,-907,34,-1140,35,-1030]],"id":1},{"properties":{"LGA_CODE25":"20570","LGA_NAME25":"Ballarat","is_split":true,"primary_district":"Ripon District","primary_pct":74.44,"district_count":3.0},"type":"Polygon","arcs":[[-448,36,-806,37,-804,38,-802,39,-835,40,-833,41,-371,42,-369,43,-367,44,-365,45,-1069,46,-434,47]],"id":2},{"properties":{"LGA_CODE25":"20660","LGA_NAME25":"Banyule","is_split":true,"primary_district":"Ivanhoe District","primary_pct":49.96,"district_count":3.0},"type":"Polygon","arcs":[[-990,48,-612,49,-610,50,-608,51,-606,52,-118,53,-116,54,-114,55,-1534,56,-283,57,-281,58,-279,59,-277,60,-992,61]],"id":3},{"properties":{"LGA_CODE25":"20740","LGA_NAME25":"Bass Coast","is_split":true,"primary_district":"Bass District","primary_pct":98.94,"district_count":1.0},"type":"MultiPolygon","arcs":[[[-1108,62,-176,63,-174,64,-1094,65,-1112,66,-1110,67]],[[68]],[[69]],[[70]],[[71]],[[72]],[[73]],[[74]],[[75]]],"id":4},{"properties":{"LGA_CODE25":"20830","LGA_NAME25":"Baw Baw","is_split":false,"primary_district":"Narracan District","primary_pct":99.98,"district_count":1.0},"type":"Polygon","arcs":[[-169,76,-167,77,-1595,78,-1593,79,-1591,80,-1589,81,-1587,82,-1585,83,-638,84,-636,85,-1353,86,-1351,87,-1349,88,-1347,89,-540,90,-1098,91,-171,92],[1662]],"id":5},{"properties":{"LGA_CODE25":"20910","LGA_NAME25":"Bayside (Vic.)","is_split":true,"primary_district":"Sandringham District","primary_pct":53.46,"district_count":2.0},"type":"Polygon","arcs":[[-1049,93,-344,94,-509,95]],"id":6},{"properties":{"LGA_CODE25":"21010","LGA_NAME25":"Benalla","is_split":false,"primary_district":"Euroa District","primary_pct":99.91,"district_count":1.0},"type":"Polygon","arcs":[[-755,96,-1292,97,-1290,98,-1288,99,-633,100,-631,101,-629,102,-627,103,-1178,104,-1176,105,-424,106]],"id":7},{"properties":{"LGA_CODE25":"21110","LGA_NAME25":"Boroondara","is_split":true,"primary_district":"Kew District","primary_pct":51.48,"district_count":4.0},"type":"Polygon","arcs":[[-1466,107,-1158,108,-1542,109,-1540,110,-1538,111,-1536,112,113,114,115,116,117,118,-604,119]],"id":8},{"properties":{"LGA_CODE25":"21180","LGA_NAME25":"Brimbank","is_split":true,"primary_district":"St Albans District","primary_pct":28.4,"district_count":6.0},"type":"Polygon","arcs":[[120,-798,121,-659,122,-1510,123,-687,124,-485,125,-483]],"id":9},{"properties":{"LGA_CODE25":"21270","LGA_NAME25":"Buloke","is_split":false,"primary_district":"Mildura District","primary_pct":99.99,"district_count":1.0},"type":"Polygon","arcs":[[-706,126,-704,127,-702,128,-1231,129,-342,130,-340,131,-338,132,-336,133,-565,134,-999,135,-997,136,-995,-1620,137]],"id":10},{"properties":{"LGA_CODE25":"21370","LGA_NAME25":"Campaspe","is_split":true,"primary_district":"Murray Plains District","primary_pct":63.81,"district_count":2.0},"type":"Polygon","arcs":[[-548,138,-546,139,-544,140,-332,141,-330,142,-773,143,-771,144,-769,145,-767,146,-765,147,-763,148,-419,149,-432,150,-1162,151,-1206,152,-394,153,-550,154]],"id":11},{"properties":{"LGA_CODE25":"21450","LGA_NAME25":"Cardinia","is_split":true,"primary_district":"Narracan District","primary_pct":36.69,"district_count":5.0},"type":"Polygon","arcs":[[-181,155,-179,156,-1613,157,-1611,158,-1609,159,-1607,160,-1605,161,-1603,162,-1601,163,-1599,164,-1597,165,166,167,168,169,170,171,-1096,172,173,174,175,176]],"id":12},{"properties":{"LGA_CODE25":"21610","LGA_NAME25":"Casey","is_split":true,"primary_district":"Bass District","primary_pct":35.77,"district_count":7.0},"type":"Polygon","arcs":[[-1548,177,178,179,180,181,-841,182,-406,183,-511,184,-522,185]],"id":13},{"properties":{"LGA_CODE25":"21670","LGA_NAME25":"Central Goldfields","is_split":false,"primary_district":"Ripon District","primary_pct":99.97,"district_count":1.0},"type":"Polygon","arcs":[[-1061,186,-1023,187,-1021,188,-1019,189,-1017,190,-1015,191,-1013,192,-557,193,-555,194,-867,195,-865,196,-899,197,-897,198,-895,199,-436,200,-1067,201,-1065,202,-1063,203]],"id":14},{"properties":{"LGA_CODE25":"21750","LGA_NAME25":"Colac Otway","is_split":false,"primary_district":"Polwarth District","primary_pct":100.0,"district_count":1.0},"type":"MultiPolygon","arcs":[[[-237,204,-235,205,-382,206,-1208,207,-1220,208,-249,209,-247,210,-245,211,-243,212,-241,213,-239,214]],[[215]]],"id":15},{"properties":{"LGA_CODE25":"21830","LGA_NAME25":"Corangamite","is_split":true,"primary_district":"Polwarth District","primary_pct":92.98,"district_count":3.0},"type":"MultiPolygon","arcs":[[[-921,216,-919,217,-917,218,-915,219,-913,220,-911,221,222,223,-1085,224,-1083,225,-1081,226,-1079,227,-1077,228,-1075,229,-390,230,-388,231,-386,232,-384,233,234,235,236,237,238,239,240,241,242,243,244,245,246,247,248,249,-931,250,-929,251,-927,252,-925,253,-923,254]],[[255]],[[256]],[[257]],[[258]],[[259]],[[260]],[[261]],[[262]],[[263]],[[264]],[[265]],[[266]],[[267]],[[268]],[[269]],[[270]],[[271]],[[272]],[[273]],[[274]]],"id":16},{"properties":{"LGA_CODE25":"21890","LGA_NAME25":"Darebin","is_split":true,"primary_district":"Preston District","primary_pct":50.51,"district_count":3.0},"type":"Polygon","arcs":[[-1492,275,276,277,278,279,280,281,282,283,-1532,284,-699,285,-697,286,-695,287]],"id":17},{"properties":{"LGA_CODE25":"22110","LGA_NAME25":"East Gippsland","is_split":false,"primary_district":"Gippsland East District","primary_pct":99.95,"district_count":1.0},"type":"MultiPolygon","arcs":[[[288,-1317,289,-1315,290,-1313,291,-1311,292,-1309,293,-1307,294,-1305,295,-1303,296,-1301,297,-1299,298,299,300,301,302,303,304,305,306,307,308,309,310,311,312,-1250,313,-1248,314,-1246,315,-1244,316,-1242,317,-1240,318,-1238,319,-1236,320,-1234]],[[321]]],"id":18},{"properties":{"LGA_CODE25":"22170","LGA_NAME25":"Frankston","is_split":true,"primary_district":"Carrum District","primary_pct":37.21,"district_count":4.0},"type":"Polygon","arcs":[[-837,322,-507,323,-505,324,-839,325]],"id":19},{"properties":{"LGA_CODE25":"22250","LGA_NAME25":"Gannawarra","is_split":false,"primary_district":"Murray Plains District","primary_pct":99.97,"district_count":1.0},"type":"Polygon","arcs":[[326,-1227,327,-1225,328,329,330,331,332,-542,333,-567,334,335,336,337,338,339,340,341,342,-1229]],"id":20},{"properties":{"LGA_CODE25":"22310","LGA_NAME25":"Glen Eira","is_split":true,"primary_district":"Bentleigh District","primary_pct":42.54,"district_count":3.0},"type":"Polygon","arcs":[[343,344,-1047,345,-777,346]],"id":21},{"properties":{"LGA_CODE25":"22410","LGA_NAME25":"Glenelg","is_split":true,"primary_district":"Lowan District","primary_pct":59.45,"district_count":2.0},"type":"Polygon","arcs":[[-1462,347,-1460,348,-1458,349,-1118,350,-1116,351,-1114,352,-1156,353,-1154,354,-1152,355,-1150,356,-1148,357,-1146,358,-903,359,-901,360,-935,361,-1464,362]],"id":22},{"properties":{"LGA_CODE25":"22490","LGA_NAME25":"Golden Plains","is_split":true,"primary_district":"Eureka District","primary_pct":77.14,"district_count":3.0},"type":"Polygon","arcs":[[363,364,365,366,367,368,369,370,371,-831,372,-829,373,-827,374,-825,375,-412,376,-410,377,-1214,378,-1212,379,-1210,380,381,382,383,384,385,386,387,388,389,-1073,390,-1071]],"id":23},{"properties":{"LGA_CODE25":"22620","LGA_NAME25":"Greater Bendigo","is_split":true,"primary_district":"Bendigo East District","primary_pct":58.16,"district_count":3.0},"type":"Polygon","arcs":[[391,-552,392,393,394,-1204,395,-714,396,-712,397,-744,398,-879,399,-877,400,-875,401,-873,402,-871]],"id":24},{"properties":{"LGA_CODE25":"22670","LGA_NAME25":"Greater Dandenong","is_split":true,"primary_district":"Dandenong District","primary_pct":40.68,"district_count":5.0},"type":"Polygon","arcs":[[-503,403,-775,404,405,406]],"id":25},{"properties":{"LGA_CODE25":"22750","LGA_NAME25":"Greater Geelong","is_split":true,"primary_district":"Lara District","primary_pct":55.66,"district_count":4.0},"type":"Polygon","arcs":[[-1218,407,-1216,408,409,410,411,412,-823,413,-1526,414,-1524,415,-1522,416,-1520,417]],"id":26},{"properties":{"LGA_CODE25":"22830","LGA_NAME25":"Greater Shepparton","is_split":true,"primary_district":"Shepparton District","primary_pct":54.28,"district_count":3.0},"type":"Polygon","arcs":[[418,419,-761,420,-759,421,-757,422,423,424,-1174,425,-1172,426,-1170,427,-1168,428,-1166,429,-1164,430,431,432]],"id":27},{"properties":{"LGA_CODE25":"22910","LGA_NAME25":"Hepburn","is_split":true,"primary_district":"Ripon District","primary_pct":51.18,"district_count":2.0},"type":"Polygon","arcs":[[433,434,435,436,-893,437,-891,438,-889,439,-887,440,-568,441,-601,442,-599,443,-597,444,-810,445,-808,446,447,448]],"id":28},{"properties":{"LGA_CODE25":"22980","LGA_NAME25":"Hindmarsh","is_split":false,"primary_district":"Lowan District","primary_pct":100.0,"district_count":1.0},"type":"Polygon","arcs":[[449,-710,450,-1627,451,-1625,452,-462,453,-1440]],"id":29},{"properties":{"LGA_CODE25":"23110","LGA_NAME25":"Hobsons Bay","is_split":true,"primary_district":"Williamstown District","primary_pct":76.93,"district_count":3.0},"type":"Polygon","arcs":[[-655,454,-1518,455,-1516,456,-1514,457,-1512,458,-657,459]],"id":30},{"properties":{"LGA_CODE25":"23190","LGA_NAME25":"Horsham","is_split":false,"primary_district":"Lowan District","primary_pct":100.0,"district_count":1.0},"type":"Polygon","arcs":[[-1442,460,461,462,-1623,463,-1045,464,-1043,465,-1041,466,-1039,467,-1037,468,-1035,469,-1033,470,-1136,471,-1134,472,-1132,473,-1130,474,-1128,475,-1126,476,-1444,477]],"id":31},{"properties":{"LGA_CODE25":"23270","LGA_NAME25":"Hume","is_split":true,"primary_district":"Sunbury District","primary_pct":56.25,"district_count":4.0},"type":"Polygon","arcs":[[-1500,478,-1498,479,-1496,480,-1494,481,482,483,484,485,-685,486,-589,487,-587,488,-585,489,-583,490,-581,491,-579,492,-577,493,-575,494,-732,495]],"id":32},{"properties":{"LGA_CODE25":"23350","LGA_NAME25":"Indigo","is_split":false,"primary_district":"Benambra District","primary_pct":99.94,"district_count":1.0},"type":"Polygon","arcs":[[-1509,496,-1262,497,498,-1274,499,-748,500,-746,501]],"id":33},{"properties":{"LGA_CODE25":"23430","LGA_NAME25":"Kingston (Vic.)","is_split":true,"primary_district":"Clarinda District","primary_pct":40.74,"district_count":6.0},"type":"Polygon","arcs":[[502,503,504,505,506,507,508,509]],"id":34},{"properties":{"LGA_CODE25":"23670","LGA_NAME25":"Knox","is_split":true,"primary_district":"Rowville District","primary_pct":54.25,"district_count":3.0},"type":"Polygon","arcs":[[510,511,-784,512,-782,513,-780,514,-1474,515,-1472,516,-663,517,-669,518,-1552,519,-1550,520,521,522]],"id":35},{"properties":{"LGA_CODE25":"23810","LGA_NAME25":"Latrobe (Vic.)","is_split":true,"primary_district":"Morwell District","primary_pct":63.59,"district_count":2.0},"type":"Polygon","arcs":[[523,-1345,524,-1343,525,-1341,526,-1339,527,-1337,528,-1335,529,-1333,530,-1331,531,-1329,532,-1327,533,-1325,534,-1323,535,-1104,536,-1102,537,-1100,538,539]],"id":36},{"properties":{"LGA_CODE25":"23940","LGA_NAME25":"Loddon","is_split":true,"primary_district":"Ripon District","primary_pct":45.77,"district_count":4.0},"type":"Polygon","arcs":[[540,541,542,543,544,545,546,547,548,549,550,551,552,-869,553,554,555,556,557,-1011,558,-1009,559,-1007,560,-1005,561,-1003,562,-1001,563,564,565,566]],"id":37},{"properties":{"LGA_CODE25":"24130","LGA_NAME25":"Macedon Ranges","is_split":false,"primary_district":"Macedon District","primary_pct":99.97,"district_count":1.0},"type":"Polygon","arcs":[[567,568,-885,569,-740,570,-738,571,-736,572,-734,573,574,575,576,577,578,579,580,581,582,583,584,585,586,587,588,589,-683,590,-681,591,-818,592,-816,593,-814,594,-812,595,596,597,598,599,600,601]],"id":38},{"properties":{"LGA_CODE25":"24210","LGA_NAME25":"Manningham","is_split":true,"primary_district":"Warrandyte District","primary_pct":64.57,"district_count":3.0},"type":"Polygon","arcs":[[-1468,602,603,604,605,606,607,608,609,610,611,612,-988,613,-986,614,-984,615,-982,616,-980,617,-978,618,-976,619,-1560,620,-1558,621,-665,622,-1470,623]],"id":39},{"properties":{"LGA_CODE25":"24250","LGA_NAME25":"Mansfield","is_split":false,"primary_district":"Eildon District","primary_pct":99.97,"district_count":1.0},"type":"Polygon","arcs":[[-946,624,-1180,625,626,627,628,629,630,631,632,633,-1286,634,635,636,637,638,-1583,639,-1581,640,-1579,641,-956,642,-954,643,-952,644,-950,645,-948,646],[-1644,647,-1642,648,-1650,649,-1648,650,-1646,651]],"id":40},{"properties":{"LGA_CODE25":"24330","LGA_NAME25":"Maribyrnong","is_split":true,"primary_district":"Footscray District","primary_pct":73.56,"district_count":3.0},"type":"Polygon","arcs":[[-792,652,-673,653,654,655,656,657,658,659,-796,660,-794,661]],"id":41},{"properties":{"LGA_CODE25":"24410","LGA_NAME25":"Maroondah","is_split":true,"primary_district":"Croydon District","primary_pct":56.13,"district_count":4.0},"type":"Polygon","arcs":[[662,663,664,665,-1556,666,-1554,667,668,669]],"id":42},{"properties":{"LGA_CODE25":"24600","LGA_NAME25":"Melbourne","is_split":true,"primary_district":"Melbourne District","primary_pct":65.03,"district_count":6.0},"type":"Polygon","arcs":[[-1053,670,-1051,671,672,673,-790,674,-690,675,-1544,676,-1055,677]],"id":43},{"properties":{"LGA_CODE25":"24650","LGA_NAME25":"Melton","is_split":true,"primary_district":"Melton District","primary_pct":55.89,"district_count":4.0},"type":"Polygon","arcs":[[-1530,678,-820,679,680,681,682,683,684,685,686,687]],"id":44},{"properties":{"LGA_CODE25":"24700","LGA_NAME25":"Merri-bek","is_split":true,"primary_district":"Pascoe Vale District","primary_pct":40.81,"district_count":5.0},"type":"Polygon","arcs":[[-1546,688,689,690,-788,691,-786,692,-800,693,694,695,696,697,698,699]],"id":45},{"properties":{"LGA_CODE25":"24780","LGA_NAME25":"Mildura","is_split":false,"primary_district":"Mildura District","primary_pct":99.99,"district_count":1.0},"type":"Polygon","arcs":[[-1223,700,701,702,703,704,705,706,-1618,707,-1616,708,709,710]],"id":46},{"properties":{"LGA_CODE25":"24850","LGA_NAME25":"Mitchell","is_split":true,"primary_district":"Euroa District","primary_pct":87.34,"district_count":3.0},"type":"Polygon","arcs":[[711,712,713,714,-1202,715,-1200,716,-1198,717,-1196,718,-1194,719,-1192,720,-1190,721,-940,722,-938,723,-968,724,-1482,725,-1480,726,-1478,727,-1476,728,-1504,729,-1502,730,731,732,733,734,735,736,737,738,739,740,-883,741,-881,742,743,744]],"id":47},{"properties":{"LGA_CODE25":"24900","LGA_NAME25":"Moira","is_split":true,"primary_district":"Ovens Valley District","primary_pct":51.17,"district_count":2.0},"type":"Polygon","arcs":[[745,746,747,748,-1272,749,-1270,750,-1268,751,-1266,752,-1264,753,754,755,756,757,758,759,760,761,762,763,764,765,766,767,768,769,770,771,772,773]],"id":48},{"properties":{"LGA_CODE25":"24970","LGA_NAME25":"Monash","is_split":true,"primary_district":"Oakleigh District","primary_pct":31.57,"district_count":4.0},"type":"Polygon","arcs":[[774,775,776,777,-1160,778,779,780,781,782,783,784]],"id":49},{"properties":{"LGA_CODE25":"25060","LGA_NAME25":"Moonee Valley","is_split":true,"primary_district":"Essendon District","primary_pct":52.21,"district_count":2.0},"type":"Polygon","arcs":[[785,786,787,788,789,790,791,792,793,794,795,796,797,798,799,800]],"id":50},{"properties":{"LGA_CODE25":"25150","LGA_NAME25":"Moorabool","is_split":true,"primary_district":"Eureka District","primary_pct":80.73,"district_count":3.0},"type":"Polygon","arcs":[[801,802,803,804,805,806,807,808,809,810,811,812,813,814,815,816,817,818,819,820,-1528,821,822,823,824,825,826,827,828,829,830,831,832,833,834,835]],"id":51},{"properties":{"LGA_CODE25":"25340","LGA_NAME25":"Mornington Peninsula","is_split":true,"primary_district":"Nepean District","primary_pct":53.1,"district_count":3.0},"type":"MultiPolygon","arcs":[[[836,837,838,839,840,841]],[[842]],[[843]],[[844]],[[845]],[[846]],[[847]],[[848]],[[849]],[[850]],[[851]],[[852]],[[853]],[[854]],[[855]],[[856]],[[857]],[[858]],[[859]],[[860]],[[861]],[[862]],[[863]]],"id":52},{"properties":{"LGA_CODE25":"25430","LGA_NAME25":"Mount Alexander","is_split":true,"primary_district":"Bendigo West District","primary_pct":65.32,"district_count":2.0},"type":"Polygon","arcs":[[864,865,866,867,868,869,870,871,872,873,874,875,876,877,878,879,880,881,882,883,884,885,886,887,888,889,890,891,892,893,894,895,896,897,898,899]],"id":53},{"properties":{"LGA_CODE25":"25490","LGA_NAME25":"Moyne","is_split":true,"primary_district":"South-West Coast District","primary_pct":68.03,"district_count":2.0},"type":"Polygon","arcs":[[900,901,902,903,-1144,904,-1142,905,906,907,908,909,910,911,912,913,914,915,916,917,918,919,920,921,922,923,924,925,926,927,928,929,930,931,-1293,932,-1295,933,934,935]],"id":54},{"properties":{"LGA_CODE25":"25620","LGA_NAME25":"Murrindindi","is_split":false,"primary_district":"Eildon District","primary_pct":99.99,"district_count":1.0},"type":"Polygon","arcs":[[936,937,938,939,940,-1188,941,-1186,942,-1184,943,-1182,944,945,946,947,948,949,950,951,952,953,954,955,956,-1577,957,-1674,958,-1672,959,-1670,960,-1574,961,-1572,962,-1570,963,-1568,964,-971,965,-1484,966,967]],"id":55},{"properties":{"LGA_CODE25":"25710","LGA_NAME25":"Nillumbik","is_split":true,"primary_district":"Eildon District","primary_pct":74.07,"district_count":5.0},"type":"Polygon","arcs":[[-1488,968,-1486,969,970,971,-1566,972,-1564,973,-1562,974,975,976,977,978,979,980,981,982,983,984,985,986,987,988,989,990,991,992,-1490,993]],"id":56},{"properties":{"LGA_CODE25":"25810","LGA_NAME25":"Northern Grampians","is_split":true,"primary_district":"Ripon District","primary_pct":59.24,"district_count":2.0},"type":"Polygon","arcs":[[994,995,996,997,998,999,1000,1001,1002,1003,1004,1005,1006,1007,1008,1009,1010,1011,1012,1013,1014,1015,1016,1017,1018,1019,1020,1021,1022,1023,-1059,1024,1025,1026,1027,1028,1029,1030,-1138,1031,1032,1033,1034,1035,1036,1037,1038,1039,1040,1041,1042,1043,1044,1045,-1621]],"id":57},{"properties":{"LGA_CODE25":"25900","LGA_NAME25":"Port Phillip","is_split":true,"primary_district":"Albert Park District","primary_pct":67.35,"district_count":4.0},"type":"Polygon","arcs":[[1046,1047,1048,1049,1050,1051,1052,1053,1054,1055]],"id":58},{"properties":{"LGA_CODE25":"25990","LGA_NAME25":"Pyrenees","is_split":false,"primary_district":"Ripon District","primary_pct":100.0,"district_count":1.0},"type":"Polygon","arcs":[[1056,1057,1058,1059,1060,1061,1062,1063,1064,1065,1066,1067,1068,1069,1070,1071,1072,1073,1074,1075,1076,1077,1078,1079,1080,1081,1082,1083,1084,1085,1086,1087]],"id":59},{"properties":{"LGA_CODE25":"26080","LGA_NAME25":"Queenscliffe","is_split":true,"primary_district":"Bellarine District","primary_pct":98.37,"district_count":1.0},"type":"MultiPolygon","arcs":[[[1088]],[[1089]],[[1090]],[[1091]],[[1092]]],"id":60},{"properties":{"LGA_CODE25":"26170","LGA_NAME25":"South Gippsland","is_split":true,"primary_district":"Gippsland South District","primary_pct":99.42,"district_count":1.0},"type":"Polygon","arcs":[[1093,1094,1095,1096,1097,1098,1099,1100,1101,1102,1103,1104,-1321,1105,-1319,1106,1107,1108,1109,1110,1111,1112]],"id":61},{"properties":{"LGA_CODE25":"26260","LGA_NAME25":"Southern Grampians","is_split":false,"primary_district":"Lowan District","primary_pct":100.0,"district_count":1.0},"type":"Polygon","arcs":[[1113,1114,1115,1116,1117,1118,-1456,1119,-1454,1120,-1452,1121,-1450,1122,-1448,1123,-1446,1124,1125,1126,1127,1128,1129,1130,1131,1132,1133,1134,1135,1136,1137,1138,1139,1140,1141,1142,1143,1144,1145,1146,1147,1148,1149,1150,1151,1152,1153,1154,1155,1156]],"id":62},{"properties":{"LGA_CODE25":"26350","LGA_NAME25":"Stonnington","is_split":true,"primary_district":"Malvern District","primary_pct":78.43,"district_count":4.0},"type":"Polygon","arcs":[[1157,1158,1159,1160]],"id":63},{"properties":{"LGA_CODE25":"26430","LGA_NAME25":"Strathbogie","is_split":false,"primary_district":"Euroa District","primary_pct":100.0,"district_count":1.0},"type":"Polygon","arcs":[[1161,1162,1163,1164,1165,1166,1167,1168,1169,1170,1171,1172,1173,1174,1175,1176,1177,1178,1179,1180,1181,1182,1183,1184,1185,1186,1187,1188,1189,1190,1191,1192,1193,1194,1195,1196,1197,1198,1199,1200,1201,1202,1203,1204,1205,1206]],"id":64},{"properties":{"LGA_CODE25":"26490","LGA_NAME25":"Surf Coast","is_split":true,"primary_district":"Polwarth District","primary_pct":85.13,"district_count":2.0},"type":"Polygon","arcs":[[1207,1208,1209,1210,1211,1212,1213,1214,1215,1216,1217,1218,1219,1220]],"id":65},{"properties":{"LGA_CODE25":"26610","LGA_NAME25":"Swan Hill","is_split":true,"primary_district":"Mildura District","primary_pct":59.75,"district_count":2.0},"type":"Polygon","arcs":[[1221,1222,1223,1224,1225,1226,1227,1228,1229,1230]],"id":66},{"properties":{"LGA_CODE25":"26670","LGA_NAME25":"Towong","is_split":false,"primary_district":"Benambra District","primary_pct":99.84,"district_count":2.0},"type":"Polygon","arcs":[[1231,-1507,1232,1233,1234,1235,1236,1237,1238,1239,1240,1241,1242,1243,1244,1245,1246,1247,1248,1249,1250,1251,1252,1253,1254,1255,1256,1257,1258,1259,1260,1261]],"id":67},{"properties":{"LGA_CODE25":"26700","LGA_NAME25":"Wangaratta","is_split":false,"primary_district":"Ovens Valley District","primary_pct":99.99,"district_count":1.0},"type":"Polygon","arcs":[[1262,1263,1264,1265,1266,1267,1268,1269,1270,1271,1272,1273,1274,1275,1276,1277,1278,1279,1280,1281,1282,1283,-1355,1284,1285,1286,1287,1288,1289,1290,1291]],"id":68},{"properties":{"LGA_CODE25":"26730","LGA_NAME25":"Warrnambool","is_split":false,"primary_district":"South-West Coast District","primary_pct":99.52,"district_count":1.0},"type":"Polygon","arcs":[[1292,1293,1294,1295]],"id":69},{"properties":{"LGA_CODE25":"26810","LGA_NAME25":"Wellington","is_split":true,"primary_district":"Gippsland East District","primary_pct":61.04,"district_count":2.0},"type":"MultiPolygon","arcs":[[[1296,1297,1298,1299,1300,1301,1302,1303,1304,1305,1306,1307,1308,1309,1310,1311,1312,1313,1314,1315,1316,1317,1318,1319,1320,1321,1322,1323,1324,1325,1326,1327,1328,1329,1330,1331,1332,1333,1334,1335,1336,1337,1338,1339,1340,1341,1342,1343,1344,1345,1346,1347,1348,1349,1350,1351,1352,1353,1354,1355,1356,1357,1358,1359,1360,1361]],[[1362]],[[1363]],[[1364]],[[1365]],[[1366]],[[1367]],[[1368]],[[1369]],[[1370]],[[1371]],[[1372]],[[1373]],[[1374]],[[1375]],[[1376]],[[1377]],[[1378]],[[1379]],[[1380]],[[1381]],[[1382]],[[1383]],[[1384]],[[1385]],[[1386]],[[1387]],[[1388]],[[1389]],[[1390]],[[1391]],[[1392]],[[1393]],[[1394]],[[1395]],[[1396]],[[1397]],[[1398]],[[1399]],[[1400]],[[1401]],[[1402]],[[1403]],[[1404]],[[1405]],[[1406]],[[1407]],[[1408]],[[1409]],[[1410]],[[1411]],[[1412]],[[1413]],[[1414]],[[1415]],[[1416]],[[1417]],[[1418]],[[1419]],[[1420]],[[1421]],[[1422]],[[1423]],[[1424]],[[1425]],[[1426]],[[1427]],[[1428]],[[1429]],[[1430]],[[1431]],[[1432]],[[1433]],[[1434]],[[1435]],[[1436]],[[1437]],[[1438]]],"id":70},{"properties":{"LGA_CODE25":"26890","LGA_NAME25":"West Wimmera","is_split":false,"primary_district":"Lowan District","primary_pct":100.0,"district_count":1.0},"type":"Polygon","arcs":[[1439,1440,1441,1442,1443,1444,1445,1446,1447,1448,1449,1450,1451,1452,1453,1454,1455,1456,1457,1458,1459,1460,1461,1462,1463,1464]],"id":71},{"properties":{"LGA_CODE25":"26980","LGA_NAME25":"Whitehorse","is_split":true,"primary_district":"Box Hill District","primary_pct":45.12,"district_count":5.0},"type":"Polygon","arcs":[[1465,1466,1467,1468,1469,1470,1471,1472,1473,1474]],"id":72},{"properties":{"LGA_CODE25":"27070","LGA_NAME25":"Whittlesea","is_split":true,"primary_district":"Yan Yean District","primary_pct":68.27,"district_count":5.0},"type":"Polygon","arcs":[[1475,1476,1477,1478,1479,1480,1481,1482,1483,1484,1485,1486,1487,1488,1489,1490,1491,1492,1493,1494,1495,1496,1497,1498,1499,1500,1501,1502,1503,1504]],"id":73},{"properties":{"LGA_CODE25":"27170","LGA_NAME25":"Wodonga","is_split":false,"primary_district":"Benambra District","primary_pct":99.93,"district_count":1.0},"type":"Polygon","arcs":[[1505,1506,1507,1508]],"id":74},{"properties":{"LGA_CODE25":"27260","LGA_NAME25":"Wyndham","is_split":true,"primary_district":"Werribee District","primary_pct":62.48,"district_count":4.0},"type":"Polygon","arcs":[[1509,1510,1511,1512,1513,1514,1515,1516,1517,1518,1519,1520,1521,1522,1523,1524,1525,1526,1527,1528,1529,1530]],"id":75},{"properties":{"LGA_CODE25":"27350","LGA_NAME25":"Yarra","is_split":true,"primary_district":"Richmond District","primary_pct":63.68,"district_count":3.0},"type":"Polygon","arcs":[[1531,1532,1533,1534,1535,1536,1537,1538,1539,1540,1541,1542,1543,1544,1545,1546]],"id":76},{"properties":{"LGA_CODE25":"27450","LGA_NAME25":"Yarra Ranges","is_split":true,"primary_district":"Eildon District","primary_pct":78.89,"district_count":5.0},"type":"Polygon","arcs":[[1547,1548,1549,1550,1551,1552,1553,1554,1555,1556,1557,1558,1559,1560,1561,1562,1563,1564,1565,1566,1567,1568,1569,1570,1571,1572,1573,1574,-1676,1575,1576,1577,1578,1579,1580,1581,1582,1583,1584,1585,1586,1587,1588,1589,1590,1591,1592,1593,1594,1595,1596,1597,1598,1599,1600,1601,1602,1603,1604,1605,1606,1607,1608,1609,1610,1611,1612,1613]],"id":77},{"properties":{"LGA_CODE25":"27630","LGA_NAME25":"Yarriambiack","is_split":true,"primary_district":"Mildura District","primary_pct":51.81,"district_count":2.0},"type":"Polygon","arcs":[[1614,1615,1616,1617,1618,1619,1620,1621,1622,1623,1624,1625,1626]],"id":78},{"properties":{"LGA_CODE25":"29399","LGA_NAME25":"Unincorporated Vic","is_split":true,"primary_district":"Hastings District","primary_pct":60.06,"district_count":4.0},"type":"MultiPolygon","arcs":[[[1627]],[[1628]],[[1629,1630,1631,1632,1633,1634,1635,1636,1637,1638,1639,1640]],[[1641,1642,1643,1644,1645,1646,1647,1648,1649,1650]],[[1651]],[[1652]],[[1653]],[[1654]],[[1655]],[[1656]],[[1657]],[[1658]],[[1659]],[[1660]],[[1661]],[[1662]],[[1663]],[[1664]],[[1665]],[[1666]],[[1667]],[[1668]],[[1669,1670,1671,1672,1673,1674,1675,1676]],[[1677]],[[1678]],[[1679]],[[1680]],[[1681]]],"id":79}],"type":"GeometryCollection"}},"bbox":[140.9618657997175,-39.15902253020353,149.97619755281158,-33.980636402904565],"transform":{"scale":[9.014340767434865e-06,5.1783913056902695e-06],"translate":[140.9618657997175,-39.15902253020353]},"arcs":[[[630827,515241],[395,280],[280,21]],[[635585,517075],[443,294],[628,-349]],[[636927,517176],[575,-260],[445,177],[161,435],[316,49],[319,419],[-10,818]],[[683751,523548],[-234,-72],[38,-1192]],[[682380,516854],[-553,-488],[-133,-506],[227,-287],[141,-1206]],[[688347,498235],[378,-759],[-234,-756]],[[688409,489304],[7,-916],[665,-763],[-22,-938],[796,-462],[502,37]],[[700326,478691],[253,-512],[338,-208],[805,-19],[342,387]],[[704489,468745],[-1749,-431]],[[700568,460746],[-861,-717],[-145,-567],[100,-779]],[[705457,449984],[1353,-212],[563,-1549]],[[707793,445720],[-260,-1094],[211,-1010],[-451,-800]],[[710141,410295],[878,847],[765,-157],[277,180],[758,-56],[219,-428],[-151,-579],[319,-709],[-340,-479]],[[713113,408210],[239,-78],[-707,-400],[1,-436],[406,254],[-38,-579]],[[710748,378641],[207,-252],[376,146]],[[711594,378209],[352,-37],[436,-298],[111,-321],[-241,-803],[271,-679]],[[707220,363722],[-55809,13708]],[[639266,386391],[-760,-120],[-1420,1099]],[[633108,391797],[-450,1188],[-1093,336]],[[631179,393749],[104,709]],[[632434,499465],[774,568],[84,268],[-138,1307]],[[676769,417156],[-57,-1001],[1333,-1802]],[[684612,417570],[-48,1323],[602,1009],[692,-228]],[[686775,414977],[572,709],[821,80]],[[690904,414341],[451,-1220],[338,-523],[116,151]],[[690983,416614],[-320,389],[30,595]],[[678803,416588],[-1917,990],[-250,-216]],[[199079,387796],[246,1170],[360,323]],[[200013,389527],[188,-37],[244,-143]],[[236132,386955],[2554,-449],[70,-542]],[[249269,386011],[360,554],[462,275],[109,389],[482,241],[333,-211],[992,-1398],[-103,-674],[183,-838],[927,-996],[717,345]],[[246146,275668],[-711,-2268],[-707,-169]],[[237488,256470],[246,49],[105,-554]],[[212728,260813],[-2003,385]],[[183555,260645],[-197,-194],[-233,3606]],[[172447,360307],[9161,61]],[[321148,326465],[8972,-1343],[-321,-2988]],[[329483,313639],[886,-1035],[1167,-1899],[29,-1888]],[[329205,305416],[-396,75],[-258,300],[-226,-104],[-315,-708]],[[328751,291748],[1168,-448]],[[330838,282894],[-509,-486],[-147,-2426]],[[325114,279388],[-1058,-145],[-95,-218]],[[323394,280397],[-491,-325],[63,514]],[[318422,292609],[206,607],[-416,775]],[[318679,296779],[-286,670]],[[299559,306394],[707,6559]],[[296234,339733],[1751,15078],[15543,-3388]],[[319458,350258],[3017,-592],[-649,-6133],[-456,-4238]],[[463019,273854],[-281,-367]],[[461944,273976],[-375,-58],[-288,-779]],[[460492,271085],[-396,-29],[-572,327],[-680,916],[-276,-65],[-440,-970],[-996,569]],[[456542,271004],[364,-425],[-624,177],[-203,-303],[38,-205],[375,198],[265,-750],[-306,-951],[-535,84],[46,-441]],[[455872,268027],[-221,-254],[-272,-1753],[70,-395],[-347,115],[14,259],[-429,315],[-561,-492],[-117,249],[-119,-508]],[[454153,265537],[-111,-212],[-255,179]],[[453272,266096],[-25,238],[-122,-164]],[[452931,266083],[-114,164],[-389,-756],[-369,423]],[[452249,266435],[-456,80],[162,744],[-204,473]],[[452052,267740],[1,378],[-505,-7]],[[455143,277849],[351,700],[160,199]],[[456236,278639],[47,1418],[-596,112],[-554,-241]],[[454342,281277],[272,1403],[864,1612]],[[456539,284131],[1274,-708],[375,-751]],[[530733,99591],[-1383,-327],[-2190,-103],[-597,-421],[-1103,-93],[-1065,-581],[-730,-1338],[-220,-886],[-608,-413],[-79,-388],[-385,-334],[146,-577],[-560,257],[-116,-200],[-219,121],[-571,-251],[105,-567],[-320,-389],[-464,56],[36,-254],[-238,-28],[-133,268],[-533,203],[-79,294],[-242,-179],[-110,353],[-268,153],[-158,-181],[-265,131],[-174,-359],[-644,316],[-504,-105],[-183,-273],[-380,178],[-270,-409],[-590,-91],[-367,-432],[-1193,1595],[-799,427],[-1133,1930],[-748,598],[-580,-39],[-423,696],[-235,79],[-292,1362],[-1387,4238],[-885,2186],[-2946,5240],[-959,2097],[-2066,3301],[-194,134],[-211,-168],[-74,491],[-656,476],[-281,-101],[-272,267],[-329,-296],[-492,467],[-249,-138],[-147,355],[-252,-304],[-236,319],[-320,-55],[-527,883],[-582,-11],[-72,469],[-542,389],[-188,-248],[-28,295],[-353,217],[-507,-229],[-144,558],[-1508,-376],[-134,304],[-598,-143],[-101,187],[-681,-33],[-368,220],[-330,-167],[-1139,146],[-397,-426],[-477,323],[-188,1740],[-702,599],[-64,620],[2006,353],[860,-82],[1006,631],[760,31],[878,523],[676,47],[849,1170],[379,1755],[-135,308],[304,-25],[52,393],[249,178],[-249,1394],[-134,61],[259,852],[-92,253],[-567,1106],[-1076,631],[616,604],[554,1432],[158,1274],[-170,1884],[581,1103],[46,752],[-105,1190],[-629,2066],[-426,1072],[-774,1055],[850,-229],[473,-445],[1377,491],[406,-146],[457,-592],[561,-173],[657,763],[2418,305],[324,-280],[569,-1228],[1142,-368],[560,34],[1076,178],[446,314],[1824,3127],[222,890],[595,1265],[748,2912],[390,3306],[-51,983],[-759,1920],[-580,559],[-1064,433],[-689,-11],[-306,-464],[-579,-332],[54,3539],[-125,463],[573,2159],[2345,-524]],[[508514,167561],[1050,-589],[1114,-1719]],[[513821,160076],[3356,-1193]],[[525384,147845],[-1341,-12306]],[[522720,131003],[27,-253],[277,-586],[-34,-499],[413,-756],[884,-521]],[[534021,114148],[-1272,-6052],[438,-913]],[[483956,125901],[393,26],[549,413],[655,-892],[603,79],[305,-258],[106,248],[208,-36],[19,441],[244,-404],[161,184],[436,-67],[210,-224],[-15,-320],[327,-66],[70,-92],[-297,21],[294,-117],[95,-556],[-208,-283],[-1311,-435],[-339,-364],[-359,-805],[-312,-1884],[340,-1015],[589,-842],[490,-334],[243,-708],[841,-255],[94,-402],[-354,-563],[74,-321],[-373,-384],[288,-846],[-39,-373],[-192,120],[-490,-365],[-332,58],[-121,773],[-624,173],[-86,487],[-138,-66],[-97,323],[415,209],[95,322],[-282,1230],[-964,1803],[-2104,3062],[-317,128],[-605,945],[-1052,590],[-219,379],[-1273,747],[-1191,199],[-360,743],[-458,-586],[-410,-45],[-968,842],[-821,-221],[-128,-541],[-663,172],[-513,-520],[-14,-502],[-255,-123],[61,-686],[-170,116],[61,-202],[-309,-245],[78,-178],[-186,-193],[162,-169],[-171,-36],[-164,-543],[-274,-24],[-223,-340],[-174,-821],[-119,535],[-360,207],[-18,335],[-833,-145],[-104,806],[-521,704],[-292,136],[-327,-378],[-348,-5],[-31,561],[-272,192],[-563,-212],[-341,547],[-820,-55],[-235,-211],[-214,809],[-209,109],[-346,-224],[132,-464],[-327,-122],[-239,639],[-1091,190],[-418,-240],[-79,-712],[-435,-392],[-370,294],[-567,-213],[-235,-345],[4,215],[-217,-316],[54,327],[-191,-231],[66,307],[-227,-387],[-200,318],[-153,-260],[-735,-77],[-76,-222],[-396,221],[543,910],[7,513],[465,281],[231,769],[164,27],[257,-549],[253,-35],[602,505],[554,16],[360,489],[203,915],[-75,1188],[436,697],[17,1117],[374,663],[33,772],[1012,1441],[30,514],[306,-192],[701,285],[2142,1622],[736,1078],[1563,399],[1613,-198],[1188,541],[-38,218],[59,24],[40,-336],[341,127],[432,-350],[2547,-427],[2213,150],[930,-256],[433,-447],[-906,350],[-810,-432],[-424,-114],[-73,153],[-3,-167],[-248,-42],[-129,136],[-41,-643],[-423,-109],[-186,-404],[119,185],[-15,-240],[218,-139],[186,336],[106,-153],[257,307],[-27,315],[148,-87],[3,224],[288,118],[213,-236],[-30,-379],[-628,-434],[709,285],[326,598],[265,-289],[332,19],[80,191],[872,-439],[633,-64],[32,-1147],[-891,-234],[-556,-1769],[-694,-809],[18,-1220],[241,-382],[707,-64],[449,727],[223,-63],[-171,-879],[331,-816],[-284,-601],[-530,122],[-288,-661],[-60,-903],[288,-525],[1210,-124],[630,-329],[184,281],[360,-167],[419,424]],[[486891,114549],[6,29],[21,-5],[2,-7],[-29,-17]],[[486511,115028],[-9,0],[2,61],[19,-28],[-12,-33]],[[485447,128460],[-72,-357],[551,-698],[132,-841],[258,-92],[41,-889],[-653,1237],[-499,85],[-300,459],[364,1048],[178,48]],[[486137,115367],[-19,21],[4,18],[40,-29],[-25,-10]],[[480044,135934],[489,217],[325,-209],[-140,-91],[-674,83]],[[460612,123633],[-31,51],[135,55],[-63,-104],[-41,-2]],[[460161,123487],[-43,224],[293,-41],[-140,-201],[-110,18]],[[532405,224213],[173,1241],[-244,697],[-422,381],[-38,250],[-134,-44],[17,596],[-884,1231],[-983,916],[-821,2290],[355,555],[261,53],[-195,1062]],[[531786,241414],[969,1457],[93,528],[-252,372]],[[537981,251705],[-760,774],[-35,438]],[[537564,253502],[417,1289],[-22,675],[-256,126],[-71,1158],[-433,10],[76,415],[-132,237],[-1119,-46],[270,1290]],[[537177,259737],[282,304],[323,945],[606,60]],[[538931,260484],[1029,-379],[198,648]],[[576792,301181],[92,693],[707,-724],[412,40],[-260,1020]],[[579793,304620],[-8,-827],[691,-473],[937,-1360],[229,-788],[1510,-809]],[[584738,299631],[257,-112],[630,263],[472,-592],[549,-133],[708,32],[815,741],[1378,293],[2502,2666]],[[606207,297479],[406,-178],[471,-16],[1036,1440],[388,-487],[569,-52],[207,-278],[588,-1320]],[[610893,294382],[534,-1080],[111,-125]],[[615797,287268],[344,-1416],[-430,-515]],[[621310,227940],[138,-1023],[425,294]],[[623419,228438],[631,-388]],[[585476,164603],[-397,-1435],[-406,-439],[-234,-1038]],[[529549,170799],[127,1101]],[[531000,196240],[713,3125],[333,2126]],[[447637,246258],[447,-922]],[[450460,239152],[1561,-2893]],[[453703,226367],[-964,-808],[-522,-1045],[-836,351],[-137,535],[-887,1681],[-398,254],[-423,1387],[-527,971],[227,399],[-133,1220],[-991,2029],[-915,1298],[-99,765],[773,-319],[-13,326],[-1014,2103],[-481,552],[208,1208],[-290,1277],[94,954],[-215,469],[-34,940],[275,917],[-113,963],[646,-66]],[[573482,560775],[14,-5417]],[[586940,466795],[245,-198],[-538,-1059]],[[586253,446230],[-158,-1794],[-180,-542],[-17,-2249],[1166,-1498]],[[589829,431428],[-821,1173],[-428,38],[-275,530],[-1275,617],[-1255,-668],[-1694,18],[-822,478],[-489,794],[-422,82]],[[565516,434736],[-749,247],[-180,120]],[[564538,435464],[-1030,722],[-570,1782]],[[562845,438740],[-284,383],[-279,1436],[-202,290],[-36,725]],[[543453,440380],[322,2916]],[[534514,523787],[-284,-347],[-179,189]],[[534063,523922],[-72,427]],[[536550,546155],[-6,6153],[25791,-8]],[[459054,257375],[-862,-8813],[-516,88],[-1603,-853],[-450,306],[-352,1205],[-185,-6]],[[451621,255226],[-501,-79],[-405,600],[398,700]],[[449621,262402],[92,-455],[436,-204],[156,194]],[[449937,263314],[-433,412],[33,240]],[[450143,263930],[-696,1296],[1649,-253]],[[452753,264961],[234,490],[-571,-120],[407,920],[108,-168]],[[452931,266083],[24,211],[170,-124]],[[453125,266170],[137,162],[10,-236]],[[453272,266096],[403,-157],[112,-435]],[[453787,265504],[264,-181],[102,214]],[[454153,265537],[-263,26]],[[453890,265563],[132,520],[104,-261],[593,490],[668,-721],[27,534]],[[456227,266358],[352,546],[306,-96],[119,-345],[817,-86],[652,55],[402,-274],[287,-983],[332,-451],[86,-583],[227,-183]],[[434977,280089],[320,288],[298,-705],[-2006,-2035]],[[431146,270188],[107,-246],[497,-231],[44,-503],[-331,-673],[-52,-960]],[[431980,259570],[-3157,-1535]],[[428576,258770],[155,416],[-8389,1237]],[[419615,288885],[1432,-203]],[[428054,284779],[-188,-543],[200,-1006],[-1037,-624],[-168,-484],[975,-384]],[[179337,744490],[348,263],[1261,-389]],[[183325,746374],[-13,1427],[-369,627]],[[191396,765639],[6757,-966],[5069,-9324]],[[248316,676747],[9735,-37],[17,1500]],[[265239,650312],[-272,-223],[298,-850]],[[270809,606742],[205,42],[110,-285],[232,271],[-136,486],[292,132]],[[272385,608499],[112,906],[736,825]],[[274069,613235],[5466,60]],[[261066,517939],[-154,640]],[[260384,522116],[-483,207],[212,287]],[[258265,530753],[-137,230],[101,158],[-367,61]],[[174551,728490],[32,8078],[26,8088],[3325,50]],[[369250,584675],[-111,481],[277,700]],[[371849,600281],[445,136],[-62,381],[-243,228],[115,538],[-247,241]],[[366244,622954],[-88,193],[439,547],[2170,1106],[957,-362],[733,-611],[27,-322]],[[375839,630564],[47,468],[1275,967],[931,175]],[[380815,630968],[1052,-653],[488,-748],[-131,-628],[182,-480],[624,-52],[478,910],[605,-2],[64,-418],[-438,-62],[-451,-587],[-138,-569],[141,-348],[424,-72],[-49,886],[341,48],[-54,-1086],[423,-362],[-28,-1012],[704,-270],[312,-911],[409,40],[-24,-1257],[364,-343],[353,348],[153,-848],[281,29],[419,-343],[477,273],[107,-594],[222,-150],[141,229],[1,770],[524,158],[104,-361],[-401,-495],[-3,-492],[232,-81],[477,288],[221,-235],[-520,-494],[-95,-510],[199,-180],[363,201],[356,-399],[164,420],[330,84],[164,-408],[-357,-783],[231,-358],[180,105],[182,630],[506,-4],[33,-327],[-611,-107],[-60,-356],[191,-256],[-258,-711],[239,-268],[583,555],[-139,-1325],[229,-329],[236,93],[230,-618],[339,-111],[341,734],[6,870],[170,501],[223,-176],[-112,-989],[-342,-681],[131,-502],[711,-165],[274,265],[305,831],[340,-9],[28,-256],[-505,-526],[-118,-490],[113,-354],[352,-93],[433,1008],[259,-106],[162,-451],[-542,-1286],[17,-1378],[-505,-548],[318,-605],[57,-510],[440,-303],[795,402],[315,-92],[1104,-1327],[274,-101],[586,227],[-91,-667],[123,-201],[656,412],[443,-2148],[375,202],[18,985],[243,29],[204,-579],[-117,-1196],[248,-243],[454,224],[70,-1348],[223,-104],[687,693],[789,-1188],[-70,-346],[-502,-188],[236,-596],[-115,-814],[99,-343],[615,130],[162,-873],[197,-101],[778,1155],[441,-886],[401,-109],[327,256],[65,339],[-420,295],[-37,306],[520,655],[523,268],[-12,-792],[392,-656],[-586,-435],[-63,-282],[439,-393],[61,-399],[-428,-805],[-584,-2427],[341,-537],[479,-31],[-596,-950],[801,-1099],[497,190],[-130,1002],[803,1113],[-348,377],[-594,26],[-158,669],[886,-404],[130,629],[-273,1247],[484,201],[375,569],[532,130],[419,-1548],[289,-236],[276,105],[53,997],[317,-30],[382,-411],[32,-1199],[-141,-697],[215,-766],[-149,-1271],[240,-337],[128,48],[211,912],[316,-1055],[429,-133],[180,278],[-73,669],[239,585],[232,-579],[463,702],[490,-253],[105,668],[-92,644],[1116,230],[103,-304],[-188,-680],[499,-668],[-101,-633],[-577,-432],[-36,-1100],[-402,-565],[266,-1215],[-60,-1016],[292,-142],[234,143],[434,837],[313,-521],[200,-31],[152,1311],[245,-175],[368,-797],[297,-123],[548,345],[343,937],[433,75],[92,-908],[592,250],[93,-256],[-298,-763],[226,-834],[-694,-342],[63,-1070],[-252,-917],[109,-502],[398,-185],[377,426],[95,-1021],[825,110],[168,304],[-436,678],[1041,843],[313,-273],[146,-1422],[336,-1000],[617,-178],[387,711],[806,-160],[475,726],[348,-32],[-33,-674],[262,-268],[-19,-877],[502,-866],[310,310],[759,238],[56,409],[-316,514],[308,201],[249,-339],[181,71],[524,1659],[212,166],[202,-95],[9,-267],[-472,-319],[42,-607],[602,-59],[382,-691],[338,91],[145,990],[395,819],[-136,241],[-555,-146],[81,633],[-163,519],[783,-610],[322,178],[-663,1137],[-21,298],[779,-526],[276,-573],[468,1033],[651,-36],[271,-415],[300,473]],[[431074,588896],[217,276],[-45,227],[-286,75],[254,774],[166,-69],[31,-614],[198,-163],[-42,599]],[[432167,590113],[73,361],[-33,462],[-209,119],[-724,-211]],[[433398,592835],[149,108],[525,-365],[4,-740],[199,14],[612,958],[207,-660],[638,-252],[609,357],[-45,304],[-391,334]],[[457562,578795],[168,570],[278,231],[163,-309],[-324,-482],[326,49],[328,-652],[563,213]],[[460457,576665],[201,-689],[366,0]],[[462158,574679],[439,536],[13,-20085]],[[451513,543809],[2,-30126]],[[462584,496621],[-4,-16999],[-4921,-19]],[[440442,474927],[-24,-9316]],[[431532,465075],[-8926,-127]],[[376784,535659],[-3131,-14],[-23,2781]],[[368823,578524],[-29,537],[-136,382]],[[490059,220676],[209,-30],[460,613],[-188,346]],[[489843,224742],[-181,1074],[461,405],[273,569],[-56,806],[-296,741],[29,509],[431,-145],[81,778],[430,-54],[9,2642],[-648,263],[316,597],[-328,2255]],[[490752,236170],[-110,1432],[569,841],[962,577],[254,-448]],[[497004,241250],[70,527],[216,147],[751,-155],[371,141],[203,-170]],[[498937,242099],[801,-1288],[271,353]],[[502318,243462],[875,-400],[274,155]],[[505921,245627],[345,-62],[149,402],[-142,499],[372,1420],[-72,872]],[[506164,250865],[-569,335],[-37,91]],[[517627,242355],[-312,-2501],[103,-117],[1780,-151]],[[529826,242745],[1134,-1067],[421,672]],[[531653,242343],[1195,1056],[-278,-897],[-784,-1088]],[[531786,241414],[-527,-1597],[-368,-399],[-59,-918],[-633,-604],[51,-482],[529,-968],[54,-705],[-562,-1018],[-81,-930],[-700,-352]],[[529490,233441],[226,-982],[-344,-198],[-304,-671],[945,-2322],[1126,-1012],[697,-1065],[-96,-453],[149,27],[671,-1152],[-155,-1400]],[[532405,224213],[422,-1993],[-117,-1380],[107,-673],[-850,-1314],[103,-517],[-310,-622],[185,-1299],[-211,-314],[274,-1228],[-214,-50],[-107,-646],[284,-810],[-341,-493],[170,-862],[-329,-898],[62,-702],[-132,-200],[242,-527],[19,-1157],[-187,-587],[-553,-305],[-278,-453],[216,-1047],[-888,-1728],[1056,-376],[1560,-1249],[-542,-1292]],[[532046,201491],[-1046,-5251]],[[531000,196240],[-2080,-2154],[-2428,-7114],[-548,-772],[-233,-2145],[1843,-154],[-301,-2834],[173,-37],[-366,-3412],[246,121],[-260,-2543],[698,466],[599,42],[768,-364],[545,402],[-379,-3789],[399,-53]],[[529676,171900],[-428,-3960]],[[515160,159621],[-1339,455]],[[513821,160076],[-548,741],[-431,1062],[-73,991],[-223,570],[-1417,1569],[-451,244]],[[510678,165253],[-791,1385],[-498,492],[-875,431]],[[508514,167561],[-441,-3485]],[[508073,164076],[-2346,524],[172,1426],[-472,1621],[-819,958],[-662,463],[-736,1827],[-26,1854],[-199,164],[-156,1415],[-463,1092],[54,989],[219,344],[-200,245],[2,534],[-278,266],[51,949],[-357,-146],[-227,245],[-141,220],[-440,-65],[-457,499],[-1132,44],[-266,294],[-197,-53],[-350,478],[-30,480],[-419,487],[-36,347],[-1188,13],[-374,829],[78,-371],[-242,-236],[-131,37],[-16,365],[-569,-53],[21,258],[-284,198]],[[483383,230323],[4296,-958],[2385,-800],[332,-1775],[-727,-1068],[174,-980]],[[489843,224742],[262,-324],[-218,-861],[806,-1392],[-153,-560]],[[490540,221605],[183,-390],[-457,-571],[-207,32]],[[490059,220676],[50,-558],[-264,-671],[-26,-697],[-1257,-2427],[125,-411],[-252,-674],[212,-569],[-265,-423],[-32,-421],[840,-889],[-122,-201],[143,-324],[384,-86],[109,-1027],[512,-402],[-100,-343],[212,-218],[-450,-201],[64,-299],[-266,-1202],[492,-571],[209,-1773],[320,-540],[429,-44],[973,-1183],[134,-348],[-61,-615],[239,-564],[14,-555],[-194,-499],[311,-1118],[-1480,-280],[-563,-983],[1785,-3353],[-1178,-9562],[756,-169],[-49,-406],[2561,-579],[-183,-1032],[566,-1123],[585,-305],[115,-414]],[[495457,182617],[286,-224],[-18,-384],[-544,110],[-324,-182],[-729,-1743],[-575,-411],[-2107,757],[-131,607],[122,289],[-200,-237],[-280,376],[279,-534],[-70,-185],[-558,294],[-1345,-329],[-612,65],[-1481,1470],[-796,182],[-365,-236],[-86,-165],[186,-122],[-400,-434],[-69,-840],[376,-618],[-182,-633],[-485,-681],[-196,154],[-290,-744],[-685,206],[-268,-1053],[151,-63],[-57,-250],[-220,-92],[-78,294],[-86,-265],[-1103,-745],[137,-331],[-1193,121],[-400,-206],[-2045,326],[-344,235],[73,173],[-132,-110],[-234,224],[-6,630],[505,1244],[-554,997],[-237,1218],[-397,-335],[-558,499],[-170,-68],[11,-391],[-54,306],[-219,102],[144,-209],[-137,-449],[-469,519],[-2762,476]],[[471869,183514],[-58,423],[3541,32126],[-22,2631],[578,4426]],[[473800,229546],[87,2990],[-162,443],[-331,97]],[[473844,235043],[5144,-1102]],[[480032,230978],[236,-323],[598,-132],[2269,-492]],[[278508,428736],[-276,1441],[-345,121],[238,1031]],[[280733,437994],[316,-27],[742,764],[383,1216]],[[282083,440139],[362,210],[-47,943]],[[282406,443517],[383,726],[-166,1326],[74,583],[-1061,1941]],[[281698,449800],[-267,620],[29,983],[558,702],[5,773],[371,200],[-63,947],[-188,543],[-379,231]],[[279077,461219],[238,607],[-476,337]],[[277767,463280],[-265,896]],[[300133,463995],[830,-2452],[599,-5834],[-362,-2397],[238,-820],[749,-683],[1752,-770],[1789,-2744]],[[321040,436236],[1173,-236]],[[320826,431886],[-818,-1061],[367,-459]],[[335899,407708],[213,-1231],[624,-497],[791,-230],[480,-623],[424,-1087],[132,-1402],[-192,-542],[-1396,-383],[-550,-1144],[-949,-427],[-492,-1004]],[[335056,398437],[-266,-693],[-197,59]],[[333662,398099],[-551,-628],[131,-689]],[[331954,381036],[102,-454],[-393,-528],[-62,-619],[-8433,1501]],[[300471,371558],[-577,-330],[44,454]],[[287290,382492],[-194,454],[400,1013],[-259,531]],[[287501,385505],[-179,762],[398,-70]],[[287337,398750],[996,9980],[170,1710]],[[294495,212746],[333,627],[-712,56],[-140,675],[60,708]],[[295972,218444],[-104,858]],[[315942,199162],[5279,-1104]],[[323587,170484],[-4864,-45259]],[[331055,111930],[-407,-538],[-449,-198],[-486,-919],[-841,-504],[-485,-686],[-279,-540],[227,-873],[-651,-1980],[56,-523],[-391,-619],[-504,-1590],[-1853,-1793],[81,-816],[233,-409],[-775,-365],[-370,-844],[-1196,-857],[-321,-594],[75,-299],[-675,-900],[-200,-1033],[46,-519],[304,-415],[-2412,-1125],[-269,-306],[-233,-681],[50,-1620],[-377,-348],[-641,-106],[-998,212],[-224,-126],[-133,191],[-455,-350],[-500,134],[-955,-931],[-823,44],[-1967,-947],[-208,-568],[-266,145],[-416,-341],[-472,320],[-401,-377],[-448,13],[-747,-1245],[-2377,-897],[-209,-244],[-3,-528],[-442,-87],[-646,-653],[-642,47],[-176,-426],[-538,-95],[-2559,-1816],[-861,-1480],[-374,-1396],[181,-1008],[204,-102],[92,183],[-15,-336],[595,-370],[-1470,-1444],[-276,-1735],[200,-401],[-1312,-1332],[-186,-442],[-251,-23],[-423,-503],[-267,-98],[-432,219],[-1672,-443],[-316,83],[-685,-576],[-2098,-3047],[44,-304],[-252,-492],[-295,-142],[-769,-1097],[-279,-912],[130,-738],[-522,-1084],[-1633,-1783],[-470,-55],[97,-560],[-842,-1412],[-453,360],[-692,79],[-338,-289],[-230,187],[-1220,-410],[-978,183],[-861,-471],[-915,970],[-52,598],[-286,186],[-31,276],[-723,613],[112,618],[-199,858],[-2672,4177],[-426,1112],[-660,511],[-835,1186],[-464,365],[-271,613],[-1172,1119],[-474,1067],[-212,207],[-411,-31],[-84,196],[-289,-235],[7,191],[-495,210],[-204,-275],[-629,-84],[-321,628],[-251,-285],[-179,158],[27,738],[-613,859],[-2572,2353],[-1010,437],[-829,678],[-531,-280],[-475,223],[18,-300],[-434,161],[-168,-201],[-339,230],[-491,-145],[-29,-187],[-411,292],[-77,-309],[-419,-83],[-322,415],[-1179,674],[-1029,256],[-496,-268],[-300,-432],[28,-306],[-1041,-434]],[[254102,80538],[-192,919],[359,1144],[-343,946],[103,324]],[[255997,99536],[-795,913],[246,390]],[[255232,100961],[22,523],[249,-183]],[[255641,101774],[155,217],[-208,22],[-52,439],[348,-89]],[[274361,187584],[208,-132]],[[276774,187008],[719,620],[938,1547],[326,1392],[127,1418],[-85,1115],[-479,1261],[-342,175]],[[270765,72900],[-7,82],[41,-2],[-4,-56],[-30,-24]],[[236572,240770],[366,1031],[-240,264]],[[236348,242458],[-907,-793],[-25,395],[-205,-71]],[[234951,243482],[-784,326],[-53,256],[348,290],[503,2]],[[234552,245416],[-202,131],[-37,337],[964,212],[642,1015],[1016,-321]],[[237138,254070],[863,-13],[-567,731]],[[237493,255072],[327,19],[-67,1391],[-265,-12]],[[237488,256470],[-195,327],[114,376],[-132,562],[-129,369],[-400,164],[-85,593],[233,701],[379,-14],[-184,1095],[305,795],[723,825],[-78,778],[292,725],[-246,-27],[-202,249],[-32,521],[264,2083],[905,871],[383,-178],[97,-442],[556,-487],[646,123],[514,581],[-221,471],[308,554],[275,-68],[268,222],[85,412],[326,-130],[58,698],[170,53],[168,565],[146,-185],[1128,173],[536,-674],[170,268],[-223,389],[-5,1347],[399,183],[-159,847],[304,-287],[82,112],[-303,1221]],[[244728,273231],[695,150],[533,1421],[32,691],[608,300]],[[247932,274903],[287,15],[127,-215],[305,395]],[[250363,274660],[656,-43],[73,-467],[-126,-116],[333,-667]],[[259522,271046],[115,344],[202,-566],[138,1079]],[[271339,287238],[534,-293],[240,455]],[[273948,287645],[-30,-356],[187,-25],[784,352]],[[275334,287808],[305,-166],[20,525],[301,259],[316,773],[341,330],[82,-283],[629,19],[328,421]],[[276287,248294],[10,-778],[-153,-765],[-416,-136],[-319,-661],[-68,-513],[447,-1581]],[[297151,226807],[181,-382],[444,-29],[236,-326],[-164,-711]],[[298653,222695],[222,-243],[22,-726],[-661,-474],[-267,242]],[[296064,220244],[-213,-605],[121,-1195]],[[295972,218444],[-255,-392],[-157,-807],[-235,640],[-176,23],[-144,-320],[95,-743],[-308,-464],[-217,308],[45,704],[-146,170],[-495,-537],[53,-795],[360,-494],[-89,-690],[-267,-235]],[[294036,214812],[46,-1298],[216,-162],[416,143],[122,-210],[-341,-539]],[[294495,212746],[-97,-701],[626,-654],[645,-1217],[286,-131],[239,-1069],[337,-41],[118,-1952],[-122,-377],[-536,-220],[-94,-417],[-562,-377],[-1470,-80],[-640,304],[-234,-139],[-98,-312],[232,-674],[-120,-340],[139,-388],[-381,250],[-93,-782],[-586,-503],[-2019,163],[-346,505],[148,624],[-179,106],[-1080,32],[-349,215],[-860,-368],[-334,-433],[-388,-41],[-318,-721],[-290,-14],[-361,-1469],[-471,-1119],[-863,-763],[-884,73],[-387,-815],[-338,-184],[-1261,285],[-1081,-729],[-1409,386],[-354,516],[112,739],[-115,525],[-511,-35],[-19,-683],[-203,-463],[193,-50],[26,-403],[-475,-1019],[188,-372],[89,-1569],[-313,-817],[281,-81],[65,-411]],[[277978,194536],[434,-362],[339,-829],[131,-1075],[-142,-1852],[-455,-1622],[-1119,-1587],[-392,-201]],[[276774,187008],[108,-534],[214,242],[18,-335],[-554,-713],[-487,-27],[-300,712],[-262,185],[65,558],[-399,-214],[-497,822],[-111,-252]],[[274569,187452],[-152,150],[-56,-18]],[[274361,187584],[174,-659],[-426,-164],[127,-183],[-144,-314],[-589,-147],[-181,447],[10,-212],[-217,49],[-145,-761],[-450,-183],[-74,-273],[-308,-142],[-465,215],[-116,-224],[143,-700],[376,-32],[131,-886],[223,-173],[-87,-556],[-289,-45],[64,-284],[-138,-181],[309,-239],[35,-503],[293,-429],[-100,-287],[282,-344],[-107,-308],[-199,25],[123,-134],[-66,-296],[-440,-439],[-88,-705],[-252,-188],[-215,312],[-176,-137],[-37,-221],[160,191],[154,-265],[-83,-674],[-276,175],[17,-184],[-211,-102],[35,-343],[146,310],[321,-431],[-122,-167],[79,-775],[108,144],[324,-128],[111,243],[279,-186],[20,-206],[-211,-111],[155,-29],[23,-414],[-326,-17],[64,-171],[777,109],[427,533],[240,24],[107,771],[-273,33],[-91,353],[-246,121],[-150,518],[129,264],[162,89],[82,-178],[227,545],[1047,169],[126,-241],[-140,-370],[-184,150],[-231,-301],[99,-452],[89,175],[220,-77],[1,213],[176,-161],[55,202],[167,-39],[-52,-413],[274,-24],[-209,-447],[690,3],[229,-480],[-230,-65],[232,-576],[-93,-214],[-234,409],[-997,-212],[348,-492],[224,94],[306,-527],[259,255],[427,-6],[83,242],[484,75],[61,-148],[361,393],[64,-421],[300,237],[299,-176],[-133,-571],[148,-150],[-33,-401],[320,167],[56,341],[276,-13],[82,650],[279,45],[482,-438],[475,-1810],[-91,-1571],[-102,-178],[-181,94],[-440,-556],[225,-210],[-184,-507],[-297,34],[-256,-569],[-226,49],[-116,312],[-159,-948],[-332,15],[-287,452],[-515,-232],[0,-181],[221,138],[288,-407],[-94,-272],[-178,36],[69,-237],[-253,-682],[-489,-26],[-27,-205],[266,-32],[203,-578],[-359,-1287],[-656,-618],[-1700,-381],[-129,-206],[-141,-908],[464,-99],[195,-312],[-105,-2639],[-724,-1801],[-308,-378],[-228,47],[-145,-1594],[-412,-48],[-650,328],[-1078,-439],[-557,35],[-338,587],[-441,300],[-466,-5],[-2136,955],[-535,-48],[-1169,1101],[-1241,1626],[-1875,291],[-3033,-1376],[-1157,3],[-157,-1505],[-409,-252],[-529,-1247],[53,-727],[246,-483],[321,127],[236,-298],[-232,-1518],[77,-1123],[-52,-247],[-270,6],[30,-1138],[-180,-83],[-37,-372],[165,-547],[-345,-771],[-1378,-12080],[6333,-1375],[288,-1790],[994,-261],[690,-430],[288,-584],[472,-279],[643,-815],[1139,-1778],[314,-2119],[-588,8],[-695,417],[-915,-861],[732,-3726],[519,-176],[378,-571],[336,11],[-454,-1736],[-1123,-1926],[66,-854],[-498,-285],[-1037,-1205],[-1415,-1027],[-833,-91],[-4074,-1762],[-196,-1283],[-168,-140],[-884,192],[446,-1427],[920,-1289],[369,-2560],[-87,-765],[1130,-1456],[86,-552],[-873,-771],[-467,-961],[-865,-138],[-150,327],[131,-816],[-249,49],[-247,-242],[65,-125]],[[255884,102363],[-357,77],[61,-427],[204,1],[-151,-240]],[[255641,101774],[199,-98],[-337,-375]],[[255503,101301],[-239,203],[-32,-543]],[[255232,100961],[182,139],[34,-261]],[[255448,100839],[-257,-336],[806,-967]],[[255997,99536],[-363,-659],[991,-238],[233,-286],[30,-720],[208,-163],[-311,-114],[-35,-575],[-401,-165],[148,-276],[-186,-157],[147,-184],[-299,84],[12,-798],[-965,-571],[-2,-668],[317,-672],[-1275,-433],[116,-277],[-328,-537],[47,-257],[180,188],[513,-876],[-706,-177],[-7,-179],[-247,234],[-301,-161],[102,-922],[321,-365],[-222,-226],[-1,-494],[864,-958],[-317,-471],[-7,-400],[611,-970],[-108,-755],[-351,-560],[52,-617],[-123,-285],[-305,-5]],[[254029,83871],[-129,-482],[249,-197],[120,-591],[-346,-864],[179,-1199]],[[254102,80538],[180,-4],[521,-1038],[347,-76],[320,343],[1041,-139],[184,-236],[504,109],[751,-1963]],[[257950,77534],[-747,-282],[46,-501],[-176,-80],[105,-181],[-750,320],[-219,-210],[9,-351],[-438,228],[-298,-615],[112,-568],[-914,-303],[211,-441],[-440,247],[-64,259],[-389,49],[-264,405],[-1166,5],[-613,292],[-388,991],[-478,75],[-85,276],[-503,-145],[-229,350],[-286,14],[-1531,2405],[-555,340],[-42,564],[-646,206],[-75,1162],[-447,69],[-2393,4339],[-682,937],[-352,-8],[-409,1150],[-2349,3216],[-763,1378],[-779,701],[-466,785],[-659,558],[-189,-116],[-111,583],[-941,1047],[-839,295],[-99,441],[-237,-59],[-6,186],[-88,127],[-309,-212],[66,605],[-644,187],[38,296],[-496,-229],[60,459],[-380,-201],[263,313],[-64,60],[-517,-291],[64,204],[-618,-42],[2,298],[-156,-379],[-437,-31],[353,554],[-140,241],[-99,-120],[-47,507],[-216,-43],[-32,270],[-595,273],[-349,-74],[-149,351],[-281,-326],[-74,442],[-231,61],[96,589],[-269,389],[-883,-37],[150,235],[-187,-100],[107,140],[-350,312],[-403,69],[-148,509],[-861,341],[-1142,20],[-1783,419],[-230,-311],[-189,110],[-105,-287],[-175,110],[-200,-282],[-456,-15],[-2994,1080],[-381,-878],[-754,359],[-69,-942],[-333,430],[-298,22],[-4,222],[-162,-44],[218,156],[-223,395],[-197,93],[-115,-201],[-301,586],[-301,-258],[135,259],[-147,283],[-110,-190],[-42,332],[-73,-352],[-547,-235],[-118,341],[-89,-167],[-52,221],[-240,-68],[-205,587],[-147,-186],[2,406],[-518,592],[-935,206],[-551,-242],[-361,427],[-584,29],[-20,401],[493,1154],[-475,253]],[[211660,112023],[225,473],[-341,709],[184,638],[-108,491],[-313,563]],[[209154,164735],[-895,-1372],[-173,-47]],[[207489,163591],[-555,-494],[-301,554],[-358,177],[-229,-38]],[[205897,163398],[-324,1132],[90,650]],[[206735,166462],[500,4516],[1617,14851]],[[255512,75101],[0,106],[93,-44],[-36,-67],[-57,5]],[[238085,94718],[-21,13],[26,41],[12,-19],[-17,-35]],[[237994,94720],[-29,14],[22,31],[13,-3],[-6,-42]],[[237525,95438],[-27,35],[-2,33],[41,-23],[-12,-45]],[[237275,95685],[-6,37],[50,0],[-3,-35],[-41,-2]],[[237148,95864],[-9,27],[16,20],[14,-29],[-21,-18]],[[236663,96141],[27,56],[42,0],[-24,-85],[-45,29]],[[235887,96646],[-51,35],[14,78],[73,-42],[-36,-71]],[[235383,97582],[2,-45],[-23,-8],[3,50],[18,3]],[[235155,97350],[56,-65],[-27,-73],[-78,50],[49,88]],[[234558,97960],[30,84],[29,-1],[-19,-62],[-40,-21]],[[234461,97855],[-1,37],[42,8],[-9,-44],[-32,-1]],[[234463,98102],[18,-30],[-33,-23],[-11,30],[26,23]],[[234346,98061],[-21,61],[4,28],[45,-27],[-28,-62]],[[234087,98186],[11,93],[111,122],[-1,-60],[-121,-155]],[[233736,98351],[-13,64],[227,211],[-58,-174],[-156,-101]],[[232957,98326],[192,256],[261,-25],[-63,-92],[-390,-139]],[[232391,99308],[-10,33],[45,26],[-2,-25],[-33,-34]],[[231359,99950],[-54,77],[140,-14],[-32,-89],[-54,26]],[[228526,102132],[-5,148],[86,62],[-18,-111],[-63,-99]],[[454427,281758],[-85,-481]],[[454342,281277],[-680,-1141],[1471,-208]],[[455133,279928],[857,186],[293,-57],[50,-436],[-97,-982]],[[456236,278639],[-582,109]],[[455654,278748],[-511,-899]],[[455143,277849],[349,-831],[-698,61],[-84,-1022],[-2459,421],[212,-563],[-253,-19],[226,-381],[-296,-513],[-404,-36],[-219,-503],[344,-1127],[-189,-395],[301,-235],[-513,-768],[-96,-748],[182,-402],[-348,-195],[91,-471],[-234,-692],[327,-250],[166,-1069]],[[451548,268111],[507,0],[-3,-371]],[[452052,267740],[-301,-8]],[[451751,267732],[203,-462],[-76,-898],[-2542,-875]],[[448169,265714],[-442,-496],[-644,599],[-380,1423],[-459,758],[116,1008],[-457,654],[197,206]],[[445595,277617],[92,329]],[[445845,278932],[-427,212],[222,199],[-202,475],[403,515],[-259,492],[447,359]],[[445600,282314],[10,531],[-307,-127],[-340,479],[-284,63],[190,233],[4031,-687],[3595,-718]],[[795688,466418],[-287,-232],[146,-393],[-78,-780],[-430,121],[-105,-132],[90,-321],[-888,-689],[-29,-608],[651,7],[-440,-534],[-52,-484],[-619,-186],[-355,-478],[-229,-1129],[-675,-1262],[92,-821],[-202,-619],[-231,-176],[-338,410],[-72,-105],[246,-823],[164,294],[238,-229],[102,269],[192,-776],[455,-854],[-278,-98],[95,-404],[445,121],[160,-487],[144,102],[394,-683],[295,244],[-88,160],[176,512],[407,-79],[51,963],[328,153],[595,-275],[-120,377],[281,-126],[25,242],[1069,-161],[291,227],[-41,432],[342,-220],[99,299],[411,290],[156,-23],[-85,-263],[174,-315],[580,147],[13,-463],[476,443],[881,-820],[385,80],[319,-1655],[467,150],[917,1519],[197601,-136897],[-832,-1018],[-445,-236],[-269,-796],[237,-421],[-749,538],[-2397,-1176],[-1249,-982],[-981,-1147],[-1034,-2043],[-862,37],[-1030,368],[-1724,99],[-1738,-325],[-1494,-721],[-1466,287],[-1326,-124],[-2683,-952],[-2250,-1561],[-1581,-1751],[491,-1342],[-1819,-1009],[-1140,-1150],[-363,-885],[46,-415],[-484,-653],[75,-775],[-513,-367],[-546,-1070],[53,-263],[-279,-206],[7,-474],[-255,-49],[1,-745],[-181,-194],[274,-535],[-167,-88],[71,-201],[-153,-34],[-193,-968],[-262,-392],[-371,-2047],[-334,-934],[-453,-293],[-24,-377],[-247,-47],[-285,-806],[-323,-249],[50,-425],[-498,-289],[-201,-292],[101,-363],[-798,-843],[75,-613],[-228,-324],[116,-292],[-357,-302],[-106,-376],[122,-468],[-253,-1046],[70,-620],[-93,184],[-302,-430],[-779,-393],[-2172,-486],[-3392,-1874],[-1179,-1228],[-173,-632],[-397,-351],[-75,-975],[-168,-783],[-134,-56],[80,-770],[-208,-14],[-48,-205],[-873,782],[-2405,-395],[-2347,-985],[-219,-626],[-116,255],[-85,-553],[-434,267],[-1324,-812],[-919,-1146],[267,-363],[-248,-240],[-108,-530],[-436,329],[-646,-229],[-748,-477],[-331,-450],[-47,-524],[217,-56],[-159,-40],[-164,-2249],[-254,-87],[-217,-465],[57,-284],[-205,77],[-143,-430],[-414,-205],[-1249,959],[-1310,227],[-2530,-532],[-894,-1028],[-1003,158],[29,301],[-161,187],[-1121,160],[-577,-119],[-315,-491],[-919,183],[-601,-151],[-351,-352],[-2156,579],[-2881,-365],[-1804,-583],[-526,-425],[-1156,-132],[-1831,-897],[-508,-441],[-177,-620],[-186,-78],[-90,-384],[181,-193],[-55,-489],[-158,104],[-59,-193],[-327,457],[-324,-642],[15,-505],[-192,-167],[-191,267],[-162,-133],[-314,268],[32,402],[-486,224],[378,1092],[-319,672],[-881,911],[-1251,797],[-3688,577],[-1560,-80],[-732,-347],[-680,165],[-273,-248],[-1527,420],[-5290,126],[-11633,-709],[-1787,125],[-8368,-208],[-2844,-607],[-1336,-497],[-502,-548],[-391,24],[-181,280],[-960,452],[-1059,201],[-2086,92],[-3689,-365],[-4467,-1141],[-2139,-910],[-728,-673],[-106,-585],[173,-519],[-973,-273],[-740,-1504],[-233,375],[142,221],[-86,693],[-1016,836],[-1384,476],[-1751,105],[-4305,-440],[-2595,-872],[-1719,867],[-3212,331],[-3343,-276],[-425,285],[-329,-179],[-2469,273],[-6944,9],[-8441,-370],[-6446,-759],[-7011,-1427],[-4977,-1610],[-4498,-1744],[-6362,-3144],[-5607,-3285],[-809,-362],[-349,154],[-811,-152],[-5366,-2537],[-2795,-1838],[-3142,-934],[-9116,-5507],[-6800,-4665],[-6130,-5016],[-5047,-4809],[-1,363]],[[747424,227437],[826,724],[1204,654],[468,473],[90,431],[-288,1279],[-891,1660],[-2250,-2264]],[[721902,209854],[-1402,-1200],[-606,223],[-265,606],[232,308],[1123,248],[-28,338]],[[720558,211419],[281,1250],[584,615]],[[693676,274221],[-77,1339],[-962,798],[-790,363]],[[691813,277130],[231,133],[-116,464]],[[692401,278407],[2070,16317],[-1005,1521]],[[693027,302847],[-99,1984],[875,321],[-99,150]],[[694426,305841],[166,182],[77,-373]],[[717041,374426],[-315,136],[-354,-175],[-514,307],[-386,-155],[-327,161],[-675,1075]],[[712768,376329],[-167,-266],[-206,74],[-143,613],[235,649],[-105,475],[-788,335]],[[711594,378209],[-263,326]],[[711331,378535],[-332,-159],[-251,265]],[[710748,378641],[-102,595],[-694,1076],[-327,1747],[-328,351],[-229,676],[-796,906],[82,558],[-198,388],[-112,972],[-340,444],[-350,122],[-236,721],[-508,183],[77,648],[-272,395],[-130,765],[-387,425],[373,1650],[-86,924],[-453,556],[212,681],[-426,473],[-67,412],[-412,253],[-103,381],[4750,-92],[477,864],[-154,451],[324,1157],[256,78],[300,-405],[368,604],[203,-138],[589,407],[-132,1445],[53,419],[212,185],[118,1063],[-216,202],[-54,4411],[1122,1208],[-138,169]],[[713014,406971],[27,594],[-442,-169],[66,356],[686,350],[-238,108]],[[713113,408210],[-59,589],[-188,115]],[[712866,408914],[339,419],[-318,769],[107,773],[-256,266],[-954,-156],[-744,162],[-899,-852]],[[710141,410295],[-897,311],[-383,-704],[-199,-3],[-105,742],[-753,117],[-2,443],[-357,192],[-263,-194],[-1068,1007],[-165,-95],[-441,288],[-361,525],[-524,157],[-707,1287],[-473,445],[-516,68],[-498,701],[-449,-38],[-111,327],[-426,32],[-483,-607],[-442,96],[-366,-206],[-448,59],[-139,535],[-519,-143],[1979,15501],[793,612],[498,1206],[-378,1341],[-13,949],[622,804],[260,1164],[363,302],[-45,671],[769,-171],[5,1536],[851,-128],[212,-249],[465,434],[132,512],[-499,719],[-18,412],[380,511],[250,44],[142,708],[520,446],[959,-145]],[[707293,442816],[373,554],[80,415],[-210,908],[257,1027]],[[707793,445720],[-700,1249],[-53,486],[333,768]],[[707373,448223],[-620,1605],[-1296,156]],[[705457,449984],[-334,-507],[-384,-16],[-464,204],[-321,580],[-539,-857],[-946,757],[-1245,202],[1012,847],[155,2227],[-841,1181],[-1202,2251],[-234,1005],[-452,825]],[[699662,458683],[-51,1204],[957,859]],[[700568,460746],[314,1058],[657,-157],[497,522],[231,1775],[-484,690],[103,2451],[173,484],[681,745]],[[702740,468314],[1678,501],[548,-556]],[[704908,466938],[572,-1435],[539,-205]],[[710977,464927],[921,183],[932,-1334]],[[713860,463254],[1248,-1108],[99,-404],[-315,-1792],[765,-908],[0,-263],[771,52]],[[718571,455402],[670,153],[1074,-300]],[[720535,454935],[318,91],[236,271]],[[721411,456188],[-165,455],[594,159]],[[725018,459714],[426,429],[1403,726]],[[727638,460644],[839,775],[138,357],[-69,572],[208,566],[-443,626]],[[985351,309638],[102,173],[173,-451],[-376,5],[101,273]],[[458829,192460],[600,1157],[992,829],[796,2377],[501,4410],[55,3444],[-183,2730]],[[461706,207955],[458,65],[419,-385]],[[465302,210807],[9244,-1986],[-2642,-23747]],[[465614,188758],[-272,-892],[-469,-1600]],[[315650,710049],[176,1005],[-91,346]],[[315333,711222],[-134,240],[46,307]],[[315114,716710],[358,217],[1082,-482],[146,134],[-154,247],[163,182],[595,28],[-38,-657],[619,-1152],[1398,-463],[671,-1078],[1043,280],[74,-483],[-250,-856],[729,-1115],[-241,-536],[59,-513],[259,-24],[305,554],[370,-714],[277,-154],[6,576],[181,178],[577,-1611],[443,-216],[768,383],[796,-1368],[523,-554],[627,337],[299,-126],[-25,-166],[-395,0],[199,-931],[336,255],[398,-159],[-16,861],[560,-414],[-83,-406],[193,-314],[421,218],[222,-384],[648,-4],[531,477],[108,-347],[-378,-244],[174,-860],[226,159],[100,572],[573,240],[435,-103],[332,262],[469,-579],[657,-125],[224,207],[-110,576],[110,277],[653,-753],[159,114],[-86,351],[283,78],[21,-517],[-182,-487],[431,-831],[-369,-236],[-216,409],[-286,33],[-248,-1056],[444,-742],[498,-424],[-179,-591],[243,-321],[349,-1509],[253,-277],[1367,-264],[351,244],[477,-357],[-121,-1208],[398,-612],[-318,-753],[-751,-714],[31,-328],[347,-343],[412,89],[705,-933],[730,-482],[294,194],[-320,818],[365,771],[273,-118],[413,335],[1167,-650],[270,479],[249,-413],[284,453],[112,717],[173,127],[88,-199],[-138,-608],[301,-457],[192,79],[88,543],[234,2],[-23,-352],[220,-367],[-120,-1322],[769,-381],[1134,-1049],[-198,-576],[13,-626],[421,-173],[270,-493],[370,369],[81,-435],[363,-92],[419,-637],[689,0],[688,-619],[475,90],[204,-341],[267,6],[162,-530],[331,149],[131,-889],[-317,-516],[720,-58],[140,-112],[-243,-249],[89,-368],[422,-5],[72,-614],[-349,-405],[541,-1048],[5,-338],[-262,-406],[139,-579],[562,-253],[-287,-650],[27,-297],[978,-1104],[155,-565],[409,204],[-108,-399],[113,-1000],[721,5],[300,-1136],[248,-123],[499,19],[75,314],[-170,197],[672,353],[-339,-649],[442,-21],[384,-953],[-56,-130],[-279,327],[-282,-634],[330,-799],[446,-137],[-17,-610],[291,-463],[186,-817],[-28,-684],[494,134],[556,-197],[290,-523],[262,417],[389,-207],[720,587],[-6,-471],[355,-199],[-386,-256],[356,-295],[-145,-739],[353,-37],[400,-982],[468,-124],[379,406],[123,-650],[303,383],[185,-316],[577,144],[183,-1055],[491,-51],[231,-300],[-603,-453],[51,-282],[336,-217],[-439,-439],[24,-1028],[1075,-730],[546,-1002],[790,-608],[577,-46],[254,-361],[329,-64],[-119,-484],[56,-1130],[211,-230],[418,128],[-180,-513],[346,-522],[-89,-595],[552,-659],[346,-817],[-89,-577],[362,-465],[418,-494],[248,-8],[427,1473],[450,414],[-63,671],[495,158],[359,576],[427,-309],[740,282],[152,-493],[386,-285],[41,-360],[-131,-503],[-619,-989],[84,-708],[196,-30],[106,474],[221,56],[381,-852],[370,-201],[349,1339],[200,168],[239,-166],[-119,-812],[209,-485],[198,95],[2,611],[144,236],[596,-219],[520,120],[143,-210],[-129,-389],[-701,-413],[103,-1073],[-416,-255],[-19,-349],[646,-396],[342,598],[385,105],[333,-849],[263,-196],[323,1048],[246,206],[86,-141],[-186,-1027],[258,-309],[447,799],[237,52],[45,-844],[-298,-605],[129,-261],[584,53],[-190,-1805],[328,-407],[641,457],[-549,-708],[722,-700],[54,-721],[324,0],[276,796],[269,247],[471,-65],[271,-426],[0,-505],[-430,-546],[303,-718],[-370,-658],[-18,-540],[-544,-302],[-66,-260],[125,-233],[1068,262],[2,-626],[-487,311],[-469,-96],[-302,-533],[-148,-955],[199,-626],[233,-120],[347,277],[-96,916],[163,373],[311,-758],[693,383],[292,-180],[-68,-435],[-501,35],[-462,-712],[15,-533],[492,-247],[-598,-66],[-201,-434],[60,-324],[264,-195],[370,402],[332,-23],[573,-666],[-185,-313],[-141,658],[-218,99],[-28,-629],[-584,351],[-345,-389],[226,-663],[1021,-234],[-414,-304],[434,-591],[-340,-1133],[613,-514],[147,160],[34,646],[192,70],[53,-549],[-212,-982],[617,-422],[310,244],[154,-631],[246,442],[757,398],[400,-88],[-66,-337],[-412,177],[-197,-139],[323,-1033],[-573,-277],[-119,-279],[228,-459],[249,-77],[319,268],[208,-226],[-128,-296],[-634,-296],[20,-382],[490,192],[-557,-1064],[157,-303],[585,305],[141,-108],[-522,-504],[592,-529],[148,-1130],[500,-100],[-378,-399],[273,-313],[-41,-259],[-506,242],[-404,-421],[-714,995],[-826,406]],[[380815,630968],[-1534,1448],[-358,-242],[-617,226],[-214,-226]],[[378092,632174],[-527,-13],[-1588,-1046],[-138,-551]],[[375839,630564],[-692,-115],[63,-1523],[-242,-852],[52,-148],[522,99],[216,-780],[274,442],[366,-131],[-7,-593],[-291,-727],[139,-655],[-59,-196],[-279,6],[-66,-731],[-414,-739],[-221,342],[-599,220],[-861,-453],[520,-1281],[-3258,8],[-520,748]],[[370482,623505],[0,297],[-1436,983],[-536,1],[-17,-177],[-1898,-915],[-372,-403],[-174,120],[-208,703],[-296,71],[-856,-637]],[[357810,622204],[-234,-857],[-19,-1012],[-2712,16]],[[278871,613296],[-4802,-61]],[[274069,613235],[-3,-989],[-228,8],[-297,-495],[77,-352],[-490,-873],[105,-304]],[[273233,610230],[-762,-872],[-86,-859]],[[272385,608499],[-249,54],[-63,-367],[-187,23],[23,-395],[-624,-68],[227,-358]],[[271512,607388],[-301,-155],[153,-316],[-100,-326],[-455,151]],[[270809,606742],[-267,628],[-410,-289],[-211,200],[-1811,-4],[4,1414],[-167,1],[8,2878],[-1315,9],[-14,11270],[792,-3],[1036,10287],[-348,71],[677,7128],[-2926,620],[143,1436],[-282,51],[274,512],[-267,413],[-22,529],[-283,379],[91,979],[-197,473],[430,769],[-99,590],[-421,291],[41,1865]],[[265265,649239],[-297,636],[11,253],[260,184]],[[265239,650312],[1,622],[422,550],[-80,412],[190,516],[362,-112],[127,699],[494,716],[-138,843],[387,546],[-191,517],[523,1049],[75,891],[-244,427],[96,363],[-235,195],[-50,536],[-462,353],[-89,535],[-409,239],[-194,425],[-749,453],[-242,449],[-220,780],[234,337],[45,1187],[-291,46],[-101,659],[-836,919],[-248,754],[-152,2229],[193,1145],[408,535],[73,488],[294,225],[-254,756],[-1310,610],[-1295,1636],[15,974],[329,1058],[337,474],[-3986,1862]],[[258068,678210],[-2,13915]],[[450460,239152],[391,3562],[-2181,453],[-586,2169]],[[448084,245336],[-477,983],[365,3291]],[[449136,250814],[512,-119],[1921,-1450],[757,-1204],[742,-374],[673,-1227],[1199,-347],[906,1],[796,-480]],[[457424,241297],[-633,-5648],[-3805,858],[-1204,252],[-1322,2393]],[[33882,335305],[150,127],[84,946]],[[35341,340543],[8,204],[-154,274],[-764,162]],[[28748,349593],[30885,-6072]],[[66958,298946],[426,214],[137,-99],[-109,-427],[489,26],[-65,-359],[322,-116],[-252,-459]],[[68461,296808],[449,449],[3,-410]],[[68897,296650],[-174,-327],[389,315],[116,-119],[-110,-363],[-429,-410]],[[68987,293174],[412,-699],[210,259]],[[75379,292697],[162,-360],[204,2],[136,-285],[-209,-236]],[[75999,291793],[89,-427],[-591,-166]],[[76115,290766],[116,332],[175,8],[-64,-762]],[[77604,288906],[210,-224],[367,-1296],[25,-1188]],[[100330,237569],[491,-1655],[441,-671],[-298,-151],[-9,-280],[-986,92]],[[95274,217290],[-102,-1063],[473,-739]],[[96466,212350],[1703,-3898]],[[100695,172780],[-2694,561],[-4578,501],[-3812,1015],[-3131,81],[-4182,-1209],[114,267],[-286,-390],[-2512,-1512],[-1166,-1310],[-600,-176],[-887,-1355],[-581,-340],[-1435,-1643],[-657,-337],[-2405,-2162],[-911,-1429],[-264,-1435],[164,-697],[1008,-1650],[-111,-548],[129,-328],[-226,-959],[1737,111],[-165,-1217],[217,734],[57,-49],[-388,-1880],[639,-1474],[-197,-33],[885,-1897],[124,-689],[262,-345],[682,-218],[-138,-935],[976,-1934],[-166,-121],[-212,254],[-672,76],[-1419,-267],[-265,-378],[285,-970],[-57,-911],[-237,-243],[-915,1190],[-266,1396],[-359,-229],[-801,366],[-164,-116],[-252,332],[-1108,546],[-1263,102],[-704,-370],[-346,-625],[-457,-2044],[-858,-387],[-271,-2198],[220,-1076],[-191,-192],[10,-529],[-470,-303],[-149,-825],[-347,261],[-484,-427],[-119,374],[-290,1],[-361,649],[-567,203],[-40,269],[-465,414],[-143,373],[61,719],[-204,420],[-259,104],[-13,682],[490,373],[321,848],[-1024,2863],[-2222,2233],[-4236,3161],[-1519,469],[-1437,-123],[-1726,-599],[-1303,-1095],[-250,-837],[506,-1272],[160,-1503],[339,-669],[-71,-974],[-1337,247],[-697,1035],[-636,460],[-1647,99],[-1135,1882],[59,1346],[200,489],[-99,423],[310,928],[359,200],[9,456],[1316,1499],[736,477],[168,566],[670,1042],[-133,1396],[-487,2240],[-1389,3661],[-2438,5023],[-2093,3107],[-685,1301],[-4136,6043],[-3691,5040],[-3798,4614],[-4809,4968],[-503,229],[-3301,3262],[-2414,2046],[-1436,885],[-1103,1064],[-546,127],[-1264,1407],[-1162,964],[-5567,4177],[-4183,2277],[-2774,734],[689,62808],[173,2453],[-161,89],[195,49339],[-78,20056]],[[9379,339329],[5335,-8312],[344,-954],[7836,5786]],[[298499,296395],[1060,9999]],[[299559,306394],[2634,2371],[776,358],[1588,77],[289,-791],[18,-959],[1234,-1168],[804,-1263],[1873,-1482],[1297,-1403],[2628,-1028],[1694,-1020],[1509,-1441],[310,128],[2180,-1324]],[[318393,297449],[233,-437],[53,-233]],[[318679,296779],[-492,-1484],[177,-33],[-152,-1271]],[[318212,293991],[423,-818],[-213,-564]],[[318422,292609],[673,-1685],[-367,60],[-181,-614],[270,-836],[-151,-1026],[267,-88],[47,-534],[334,-734],[527,434],[197,-166],[3,-291],[278,-65],[-113,-354],[334,-302],[-216,-352],[451,-138],[-340,-298],[350,-382],[-299,-744],[757,-71],[-398,-1139],[247,-67],[195,391],[526,227],[412,-627],[383,239],[103,-2326],[255,-535]],[[322966,280586],[-103,-457],[175,-86],[356,354]],[[323394,280397],[342,-377],[-93,-497],[318,-498]],[[323961,279025],[449,-129]],[[325422,273138],[885,-1105],[2,-372],[-172,-170]],[[326129,269108],[21,-168],[-129,-345],[-316,48],[-455,-1324],[-663,323],[-515,-196],[34,-771],[777,-669]],[[325117,264897],[738,-955],[112,248]],[[361096,260593],[615,-119],[-537,-1685]],[[368177,209490],[570,-295],[-239,-143]],[[366445,198434],[-206,-1799],[-98,-94]],[[362624,196774],[-758,-1084],[-616,467]],[[327053,203335],[-193,301],[-125,-90]],[[326017,197068],[-10075,2094]],[[315942,199162],[117,1371],[1213,3138],[275,2406],[452,-59],[-427,2169],[-662,157],[1234,11159],[-6961,501],[-3419,-1464],[-3137,70],[-3934,-466],[-1111,440],[-3714,718]],[[295868,219302],[196,942]],[[296064,220244],[-281,423],[209,179],[291,-179],[84,707],[1228,183],[117,-255],[257,192]],[[297969,221494],[299,-236],[584,343],[48,774],[-247,320]],[[298653,222695],[-331,-23],[279,641],[10,636],[-314,248],[-114,877],[-335,285]],[[297848,225359],[174,656],[-139,275],[-529,117],[-203,400]],[[297151,226807],[-263,-40],[-118,677],[-339,-848],[-224,123],[37,392],[-259,330],[-904,-116],[-98,618],[369,-139],[17,229],[-278,732],[31,454],[-364,167],[200,320],[-156,163],[143,250],[-190,46],[167,342],[-505,167],[-114,212],[131,130],[-198,19],[-387,859],[-1486,-770],[-429,1451],[-12651,2669],[85,206],[-328,412],[316,487],[103,730],[-431,1348],[-201,-129],[-308,287],[-37,330],[-446,295],[-1387,2163],[-548,235],[-369,-499],[-19,431],[-494,498],[128,915],[226,-108],[125,686],[-96,183],[186,146]],[[275788,243860],[-452,1701],[186,818],[622,372],[143,1543]],[[276287,248294],[-751,1264],[-30,564],[-534,845],[33,406],[238,223],[-70,179],[166,48],[69,764],[-321,965],[260,487],[-330,344],[491,450],[10,1051],[218,581],[-161,617],[25,928],[176,301],[-124,1637],[-671,1275],[194,1302],[-138,1000],[119,914],[-166,930],[2666,24317]],[[277961,289751],[-343,180],[127,652],[851,129],[469,364]],[[361753,432092],[-21846,4557],[155,1397]],[[375206,535652],[1578,7]],[[376784,535659],[25,-1202],[271,-78],[-221,-504],[292,42],[101,-485],[429,287],[218,-86],[114,-2351],[3368,63],[1769,2163],[1609,-2893],[-12,892],[26411,18],[-322,-820],[419,-361],[77,-1046],[280,-214],[221,-1211],[-85,-128],[-433,391],[-424,-578],[32,-750],[-158,-324],[-397,-80],[-259,-1424],[290,140],[220,-380],[955,-266],[200,-804],[-164,-178],[-243,102],[-193,-611],[376,-857],[-18,-358],[-134,-271],[-356,-23],[62,-322],[-236,-145],[-252,425],[-201,-39],[-249,-908],[-283,76],[-380,-434],[25,-1044],[140,-313],[-632,-328],[-288,532],[-773,-488],[-624,-1259],[-210,-13],[-286,555],[-224,-205],[-161,166],[-232,-106],[-356,-533],[94,-635],[265,-52],[-106,-413],[367,-989],[-561,-491],[-142,367],[-164,-33],[-28,-222],[-601,-493],[-155,-478],[344,-98],[-208,-417],[294,-521],[130,48],[-8,372],[565,107],[238,-529],[-399,-859],[-234,74],[-484,-449],[-250,-438],[-107,-693],[295,-765],[549,174],[341,-139],[609,-827],[-44,-494],[-229,-182],[-427,470],[-739,-539],[-557,-55],[130,-670],[373,-73],[89,-466],[282,138],[89,-642],[-277,-1023],[-413,-149],[-511,-559],[288,-624],[-64,-465],[341,-92],[-94,-581],[-184,-232],[-304,435],[-477,76],[-1231,-646],[-132,145],[-258,-158],[-9,-891],[980,-1235],[270,-1084],[-1023,-1822],[-427,188],[-211,-335],[370,-1100],[308,-431],[19,-423],[-384,-657],[-552,272],[-430,-463],[157,-712],[-435,-694],[-422,-274],[-95,-310],[105,-231],[-436,-381],[-53,-311],[-389,289],[-159,-121],[-161,-672],[336,-310],[52,-423],[-471,-675],[47,-563],[-413,-149],[-826,-895],[-370,-1509],[-205,-293],[206,-395],[20,-554],[-741,-531],[-94,-508],[106,-256],[-191,-383],[-716,-710],[-617,-126],[-23,-646],[390,-522],[-44,-890],[298,-358],[-139,-1364],[210,-1194],[343,-479],[-262,-743],[-150,4],[33,241],[-576,259],[-409,-752],[461,-1705],[-218,-963],[-561,-877],[-86,-533],[214,-319],[-170,-636],[77,-588],[-209,-613],[16537,9],[-104,-87],[-1,-7098],[1440,267],[4860,46],[651,538],[631,-75],[709,542],[1045,-342],[203,759],[318,392],[1322,838],[544,-379],[-51,-412]],[[422606,464948],[2586,122]],[[431430,440210],[294,-153]],[[396907,413006],[289,-447],[-251,-402],[440,-674]],[[397700,410023],[-33,-742],[289,-385],[-699,-335],[239,-724]],[[397480,406727],[493,105],[136,-340],[-106,-462],[-450,-62],[-132,-668],[-430,-29],[-2207,553]],[[387834,428102],[-212,728],[-198,-610]],[[384256,428608],[-456,205],[-2,546]],[[383539,429968],[-631,482],[98,510],[-264,761],[-601,33],[-626,-1235],[-9,-562],[-363,-563],[270,-794]],[[381198,428294],[143,-469],[-196,-654],[-56,-1494],[-600,-123],[-140,418],[-405,68],[-368,-857],[-192,33],[-171,412],[-222,-16]],[[463120,231450],[753,6940]],[[465355,236732],[6982,-1362],[-33,-299],[338,-331],[378,-1128],[423,-593],[300,-65],[190,-758],[-182,-911],[135,-613],[-86,-1126]],[[473800,229546],[314,-732],[-20,-504],[-136,-529],[-270,-282],[22,-872],[-126,-8],[-89,-596],[-308,-467],[-89,-474],[236,-58],[-148,-1351],[2722,-553]],[[475908,223120],[-558,-4190],[2,-2867],[-806,-7242],[-6426,1377],[-3481,627]],[[379691,166496],[297,903],[619,-211],[466,403],[9,847]],[[365949,195096],[496,3338]],[[366445,198434],[-445,217],[781,7244],[492,-99],[-80,298],[245,733],[419,-230],[179,143],[64,228],[-156,68],[206,354],[-98,243],[189,257],[117,-212],[199,87],[79,422],[-111,117],[290,244],[-307,504]],[[368508,209052],[235,156],[-566,282]],[[368177,209490],[124,187],[-437,282],[75,207],[-213,139],[-2,416],[-418,406],[-470,-549],[-238,272],[-129,-186],[-34,342],[-415,-127],[-260,410],[86,584],[-172,375],[512,901],[-73,817],[109,145],[-54,217],[-155,-50],[-22,352],[184,751],[-226,-95],[-53,695],[-434,70],[250,466],[-18,484],[-283,376],[-211,-89],[-345,630],[-146,1417],[278,-132],[-44,637],[-499,414],[-220,1222],[-234,79],[-55,526],[-198,88],[198,996],[155,21],[-208,295],[168,281],[-72,438],[418,80],[-138,875],[257,340],[-272,401],[224,480],[-144,-107],[-3,334],[-108,-89],[-262,590],[-276,-66],[-8,408],[275,197],[-303,702],[202,546],[-233,182],[109,428],[-559,1165],[118,1502],[-144,745],[113,494],[197,63],[-291,279],[-18,533],[-178,243],[353,423],[-3806,797],[473,4248],[146,663],[452,425],[139,1772],[471,520],[678,276],[484,1320],[442,515],[956,2178],[261,331],[594,202],[-1325,742],[-256,634],[-184,1102],[158,2279],[-418,2952],[-1289,741],[-878,972],[68,542],[701,630]],[[361174,258789],[541,1701],[1111,-227]],[[383959,255896],[-153,-2359],[424,-900],[286,-225],[194,-1078],[117,-86],[270,622],[150,-39],[794,-1047],[65,-597],[480,-171],[166,-754],[366,209]],[[389495,246458],[-156,-757],[87,-254],[259,258],[610,-438],[-63,-1213]],[[391920,230034],[97,-1245],[668,-284]],[[399760,226382],[78,24],[109,123]],[[400642,224910],[-178,-527],[178,-408],[424,-456],[1613,-617],[-1195,-1305],[-475,-946],[-160,-811],[-860,-418],[-80,-639],[-296,-202],[-130,-383],[-100,-736],[-363,-425],[-11,-465],[-880,286],[-1311,-799],[-249,-287],[-145,-428],[-186,-213],[-1602,-791],[-238,111],[380,5],[1527,769],[270,608],[291,372],[-652,-592],[100,-90],[-1595,-221],[-535,-374],[-302,-1111],[162,-591],[-214,-613],[277,-669],[232,522],[106,1065],[-101,512],[142,-483],[-65,-687],[-353,-2459],[-275,-726],[-157,-2821],[-220,-123],[-155,-594],[-164,11],[-182,571],[-576,193],[-450,478],[-750,1276],[-237,41],[-46,-271],[-22,271],[-217,54],[-2,-381],[-142,381],[-330,237],[-391,-349],[-478,-973],[-446,462],[71,323],[-170,443],[-803,-11],[-223,-589],[120,-385],[-217,-132],[-43,211],[-176,-11],[-358,-398],[-636,-1511],[-384,430],[223,214],[-25,428],[-3299,343],[-741,590],[-303,690],[-684,781],[-942,-549],[-694,-1434],[147,-258],[-217,-208],[74,-1112],[-184,-984],[-583,-704],[-420,-1],[-575,-729],[-590,-22],[-99,-225],[516,-432],[88,-311],[-722,-1024],[-19,-1353],[-179,-126],[25,-679],[-302,-1286],[36,-1035],[477,-698],[905,-871],[288,-59],[1512,691],[2,-286],[438,-763],[642,-176],[897,-1132],[416,157],[1093,-151],[264,1047],[-6,1845],[178,1078],[650,1829],[-48,306],[293,-1313],[156,-9],[-107,-271],[445,-1476],[888,-1559],[1534,-1778],[1493,-1130],[1406,-319],[1015,201],[901,470],[826,-179],[1675,471],[728,-152],[502,339],[1702,342],[405,310],[476,-133],[512,316],[698,650],[1150,1718],[2047,2505],[3521,3262],[464,852],[235,58],[1918,-1041],[552,-62],[759,253],[781,-170],[2659,-1471],[790,-1463],[719,-449],[918,-2471],[620,-707],[-389,-906],[-62,-2161],[388,-2075],[-801,-2942],[-670,-4196],[-606,-1815],[-67,290],[174,428],[-590,-753],[216,505],[-344,-173],[-157,198],[628,691],[418,2296],[-188,378],[-363,-83],[-177,205],[64,511],[-447,390],[-1000,-822],[-562,-735],[-164,40],[-443,-918],[-854,-603],[-447,-1404],[-1934,-3249],[-40,-454],[-855,-1165],[-808,-1825],[-214,515],[-394,-109],[106,-201],[-182,-103],[418,-161],[-337,-835],[219,-241],[-2788,-5787],[-2656,1608],[-2888,1229],[-2796,352],[-1833,-624],[-563,-575],[-578,-1153],[-117,206],[-313,-37],[232,-773],[528,-555],[-188,-185],[-1612,439],[-1104,43],[-4000,1206],[-1025,77],[-337,-171],[-179,-468],[-224,48],[-637,-467],[-493,-770],[-819,-241],[-315,-534],[-302,-43],[-266,-392],[-880,-186],[-1516,-884],[-200,536]],[[451513,543809],[13128,-24],[2,11346],[-2033,-1]],[[462610,555130],[-40,19237],[124,1118]],[[462642,576282],[-232,470],[99,386],[168,-119],[56,-482],[418,-274],[-157,439],[311,412],[-274,210],[-39,285],[364,329]],[[472456,579041],[480,358],[436,-41],[111,-452]],[[518026,552288],[18518,1],[6,-6134]],[[536550,546155],[-2559,-21806]],[[533991,524349],[-440,-179]],[[533208,524799],[-250,-59],[-156,524],[67,329]],[[530281,526020],[-450,164],[185,583],[-492,984]],[[471989,484762],[-460,148],[-302,-786]],[[471943,480717],[641,-71],[-101,-575],[280,-455],[-359,-789],[326,-1241],[-166,-255]],[[468340,475270],[-556,-510],[-721,628]],[[466665,479635],[-4085,-30],[4,17016]],[[462584,496621],[2025,24],[-11,5245],[545,78],[-140,376],[53,3808],[391,1446],[-683,651],[-182,5429],[-13067,5]],[[451515,513683],[3,24428],[-5,5698]],[[319458,350258],[-86,505],[-1559,342],[16,148],[-3731,-696],[87,893],[-454,-169],[158,-208],[-95,-171],[-266,521]],[[313528,351423],[-15536,3386],[1893,16422],[586,327]],[[300471,371558],[143,332],[543,-201],[277,328],[291,-275],[590,975],[375,-115],[173,-531],[1187,513],[214,-250],[354,296],[211,-302],[468,134],[88,497],[233,51],[-58,461],[360,222],[69,409],[467,154],[-170,696],[464,718],[314,-1110],[308,937],[1297,-1266],[998,-1898],[459,-146],[161,-270],[551,859],[269,81],[5980,-1349],[208,1791],[1008,-224],[266,163],[382,-1271],[2379,-483],[203,202],[774,7537],[861,1713]],[[323168,380936],[8254,-1556],[-177,-437],[157,-330]],[[331712,377598],[477,-1968]],[[336345,371211],[327,273],[116,-675]],[[339074,366510],[52,-425]],[[378576,383490],[316,-511],[349,149],[-547,-1127]],[[374035,367326],[-617,281],[-447,-824],[-57,-884]],[[372368,362116],[-355,250],[-122,-902]],[[371468,360392],[636,-1047]],[[379109,332197],[-3550,1285]],[[335929,324351],[19,191],[-481,211]],[[330143,325359],[-23,-237],[-1526,332],[-199,-132],[-7247,1143]],[[321148,326465],[-818,324],[386,769],[-138,285],[671,5477],[-1606,358],[661,5858],[1066,-241]],[[321370,339295],[510,4163],[595,6208],[-1076,210],[-1941,382]],[[40890,658602],[18781,-9]],[[114886,706899],[1,-27254]],[[133852,610454],[3,-3966],[462,-59]],[[133512,539309],[64,-19937]],[[112246,500660],[-27178,4241]],[[436415,258234],[1077,-210],[-741,-1157],[-198,-1443],[63,-1403],[391,-682],[-197,291],[145,-528],[352,-315],[-346,285],[-395,853],[249,-911],[680,-560],[-689,400],[-155,390],[-305,-207],[756,-1083],[208,-1432],[847,-64],[190,-526],[250,-145],[-1250,-1349],[-384,59],[-959,891],[-788,-130],[-263,482],[-347,-125],[-103,-319],[-464,867],[23,361],[-672,582],[-828,-386],[60,168],[-585,-681],[-688,-129],[-1082,-1431],[-1691,97],[-1244,-860],[-692,-1013],[-17,-2074],[-342,-573]],[[425487,243200],[-582,208],[-634,-283],[-614,161],[-9,978]],[[423316,244611],[-495,1360],[-295,232],[-317,-151],[-496,250]],[[423179,253449],[542,193],[54,272]],[[424188,253840],[2866,2333],[1477,1716],[3888,1883]],[[432192,257723],[2809,-74],[420,434]],[[97158,503002],[15088,-2342]],[[112246,500660],[3357,-199],[215,436],[-90,576],[561,379],[126,299],[-102,204],[236,366],[-198,66],[-115,673],[433,169],[-342,507],[346,1185],[-102,661],[324,93],[-67,648],[544,-208],[-5,510],[583,342],[-329,719],[690,1178],[-35,397],[274,466],[-111,124],[82,284],[-322,442],[282,145],[17,212],[-314,495],[-370,102],[-261,476],[56,386],[-375,277],[33,1043],[-233,-37],[111,458],[278,194],[5225,94],[371,-633],[590,674],[2623,13],[51,-274],[1995,22],[17,270],[5521,43],[-394,2038],[-5,2382],[159,15]],[[133576,519372],[-8,7117]],[[167259,462989],[178,1]],[[168577,458790],[-59,-634],[208,-1100],[204,-361]],[[172891,448193],[809,-356],[258,-355],[227,-473]],[[174193,446535],[350,-460],[-33,-700]],[[175961,444397],[-22,-624],[262,-128]],[[176159,443319],[363,-463],[332,-210]],[[177193,442168],[473,-571],[177,-88],[142,215],[134,-198],[-78,-269],[171,-837],[329,-233],[-1314,-4]],[[141249,396236],[-9,-4058],[-244,925],[-1151,545],[-159,422],[37,620],[-629,729],[46,2063],[-492,1995],[-602,597]],[[106443,378647],[-91,-957]],[[106267,393777],[-507,989],[-462,255],[-191,-53]],[[97670,384811],[-269,-395],[-346,-113],[-66,-363],[-377,-232],[-746,605]],[[93287,384042],[-32,518],[-192,185],[-178,-226]],[[92593,383478],[-79,-398],[-256,512]],[[90404,383747],[459,-521],[-504,-491],[78,288]],[[86415,484101],[4493,-795],[3859,-679]],[[444953,315383],[437,-588],[-361,-521],[-101,-710],[-427,103]],[[445028,289320],[-127,-559],[315,-222],[91,-344],[-226,-925],[255,-59]],[[445185,286800],[322,-489],[-380,74]],[[444927,285421],[-212,-1339],[332,-309],[-178,-280],[-1429,-226],[-4457,-487],[-1683,120],[-1953,-2642],[-370,-169]],[[434977,280089],[-2457,542],[-146,-1275],[-2365,596],[8,727],[-348,446],[-465,-449],[114,-249],[-507,115],[161,136],[-390,409],[-36,356],[360,164],[-389,485],[-452,-47],[-229,-307]],[[427836,281738],[-924,304],[-78,233],[195,331],[1052,659],[-215,925],[188,589]],[[428054,284779],[-199,372],[-734,151],[-638,-289],[-77,1064],[-252,335],[155,1229],[-340,-358],[67,-482],[-129,-323],[11,266],[-329,118],[-50,364],[-652,-717],[-1116,73],[-543,-348],[-303,1176],[-645,450],[-4,280],[405,566],[-477,4],[-337,-344],[-127,270],[-114,-92],[-443,372],[-136,-234]],[[421047,288682],[-1199,207],[-391,444],[-2067,6563]],[[414788,300020],[-2126,4989],[-1993,4099],[-787,949],[-957,2034]],[[408922,320981],[361,67],[35,-449],[406,-205],[499,295]],[[411932,320609],[480,-118],[251,302],[-204,319],[-226,-56],[53,402],[590,366],[146,-592]],[[414673,323304],[137,566],[95,-650]],[[415206,323782],[878,-84],[128,-291]],[[416855,323526],[234,58],[503,-606]],[[419020,322366],[163,76],[547,-549],[86,-400],[634,-540]],[[433603,317377],[125,412],[-530,295],[237,448]],[[433346,319463],[-46,264],[560,-242],[279,482],[262,-638],[609,79],[165,420],[214,-367]],[[435769,319619],[6654,-1419],[3017,-474],[-309,-442],[200,-739]],[[678035,573442],[1340,-3917]],[[684440,522837],[-261,97],[-428,614]],[[683751,523548],[-513,4424],[-3351,784],[-774,-383],[-234,981],[-3922,-1836],[66,478],[-143,213],[302,101],[-32,288],[-223,24],[235,265],[5,284],[-171,-63],[114,371],[-396,11],[150,298],[-236,115],[-450,-146],[-20,-228],[-171,84],[220,779],[-224,472],[256,325],[-425,743],[203,-10],[-110,399],[376,156],[-263,258],[203,148],[-62,358],[157,0],[291,606],[68,-459],[232,402],[-170,153],[-659,-220],[-2294,486],[-9186,-3016],[-195,-1788],[-1180,253],[-172,-1602],[-686,172],[-146,-1091],[142,-157],[-960,-247],[-423,147],[-541,-882],[-259,174],[-325,-142],[-1167,-3721],[-1841,413],[457,1443],[-1813,408],[-192,-1692],[-1587,308],[-357,-118],[-3313,720],[-25,-917],[-8600,-1513]],[[587962,595214],[-6643,1419],[-273,504]],[[581140,597584],[-455,643],[152,2296],[189,304],[-147,632],[-512,-64]],[[579059,600152],[-274,-29],[-450,2096],[234,1249],[347,157],[185,-359],[-339,-196],[-62,-345],[415,-266],[306,-512],[368,78],[1237,2723],[514,-154],[-477,-16],[-186,-316],[223,-655],[-150,-710],[560,-385],[170,6],[-3,763],[697,1246],[197,-127],[289,-778],[-588,-405],[-24,-653],[174,7],[291,535],[619,-153],[112,202],[-68,865],[273,291],[576,117],[-13,-730],[255,-192],[427,1092],[1018,-45],[29,347],[-255,599],[951,-98],[25,430],[-480,103],[-145,566],[352,221],[143,-365],[244,-96],[200,832],[457,622],[123,-544],[377,-308],[-75,-969],[676,97],[63,-788],[575,-303],[576,805],[-419,501],[268,537],[-184,897],[837,270],[79,-144],[-533,-372],[36,-412],[249,-128],[325,436],[250,1],[211,-163],[18,-480],[314,-499],[-952,-539],[-41,-624],[371,-286],[682,588],[159,-943],[-775,-181],[27,-583],[548,-479],[-538,-76],[-262,-278],[-170,-402],[52,-315],[203,-104],[347,517],[379,77],[57,-1159],[787,-561],[348,587],[-191,208],[-396,-174],[115,373],[-87,581],[428,601],[80,-1078],[352,-217],[157,212],[-11,388],[288,177],[468,-1216],[239,169],[81,1205],[169,-58],[325,-743],[368,237],[602,-342],[243,1379],[-619,218],[-73,257],[661,1335],[379,-198],[442,252],[818,-552],[150,-1725],[540,-854],[246,406],[374,-19],[1234,-1989],[498,844],[676,276],[47,420],[-399,847],[717,-214],[375,360],[186,502],[-97,354],[-793,1001],[-107,976],[219,1966],[769,1056],[399,128],[669,-287],[218,203],[99,447],[-221,1309],[547,1801],[1430,927],[-75,330],[-304,128],[313,474],[-115,643],[127,91],[306,-627],[248,85],[-118,908],[411,-165],[241,248],[-403,1349],[501,420],[1282,-656],[179,-430],[19,-932],[328,-370],[312,285],[278,1879],[727,553],[233,-848],[624,299],[163,-368],[-136,-710],[875,-1133],[-461,-698],[98,-714],[257,-92],[96,642],[352,-550],[437,287],[258,-543],[862,-41],[137,-899],[474,-269],[913,129],[350,470],[-217,978],[-461,-566],[-609,134],[908,1193],[-483,1153],[141,1117],[421,697],[46,1104],[543,-363],[584,-799],[436,153],[215,523],[205,15],[251,-683],[-241,-443],[-18,-605],[336,-202],[379,102],[708,-1111],[-16,-1634],[247,-15],[363,415],[42,-458],[1266,-1518],[708,633],[-82,341],[-518,-44],[-31,407],[390,29],[138,262],[-344,813],[282,255],[498,-94],[184,658],[-185,847],[443,673],[325,-582],[-368,-377],[-20,-820],[528,342],[236,-777],[805,117],[400,-798],[426,-225],[266,116],[72,335],[-354,777],[36,486],[1220,140],[476,669],[190,-981],[272,509],[426,-319],[307,400],[256,-7],[688,-594],[-708,-474],[-173,-326],[138,-226],[461,-14],[-5,-203],[-922,-772],[56,-450],[534,-457],[-31,-704],[160,-341],[179,-36],[210,537],[231,23],[272,-341],[-205,-531],[117,-242],[198,46],[300,560],[241,-682],[557,71],[86,-144],[-366,-417],[43,-202],[595,-391],[434,-770],[250,168],[-148,607],[93,267],[281,-660],[688,-37],[-172,-639],[96,-531],[282,-217],[649,83],[-76,-609],[-550,103],[-288,-252],[53,-426],[247,-213],[557,19],[-313,-584],[84,-310],[640,41],[319,-596],[619,235],[-509,1327],[32,401],[269,228],[76,-994],[259,-568],[123,-24],[201,780],[656,-81],[221,-620],[-649,-302],[-108,-280],[290,-290],[497,144],[51,-210],[-329,-761],[256,-828],[394,-368],[417,0],[74,443],[528,766],[-109,313],[-492,116],[2,318],[768,-152],[215,-443],[464,-37],[499,-464],[322,392],[-200,345],[71,555],[402,45],[418,526],[623,-437],[593,371],[397,578],[164,-72],[62,-461],[-408,-206],[-58,-424],[-669,-485],[-288,-511]],[[463120,231450],[-516,108],[-259,-313],[343,-356],[830,-2519],[637,-1384],[-734,-6792],[-641,-1274],[471,-1346],[1388,-6749]],[[464639,210825],[663,-18]],[[465302,210807],[-179,-1597],[-535,118],[-128,-1614],[-1375,184],[-502,-263]],[[462583,207635],[-530,409],[-347,-89]],[[461706,207955],[68,-501],[-184,-47]],[[461590,207407],[-325,2171],[638,406],[-668,-302],[-755,4103],[-1881,5909],[-911,1805],[-172,237],[-172,-98],[46,180],[-87,-150],[-337,1032],[-1003,1631],[-1155,1316],[-1105,720]],[[453703,226367],[396,3697],[-1944,4884],[-134,1311]],[[452021,236259],[-239,500],[5009,-1110],[327,2849],[5857,-1268],[667,-148],[-134,-2131],[-388,-3501]],[[473844,235043],[-450,-1967]],[[473394,233076],[-376,540],[-379,1130],[-335,325],[84,552],[-200,410]],[[470919,243782],[-455,123],[-226,305],[-176,447]],[[469604,245579],[36,784],[-490,451],[125,373],[-135,7],[201,627]],[[469247,248064],[175,37],[-148,421],[307,668],[-12,625],[263,87],[293,643],[142,-97],[42,213],[-195,242],[128,225],[748,479],[-185,371]],[[471121,252263],[-67,168]],[[471232,252532],[55,1070],[693,1459],[704,68],[1024,-425],[2053,462]],[[478892,255532],[301,531],[1337,-197]],[[482210,254202],[2681,-919]],[[486027,251524],[499,-400],[-456,-717]],[[480492,230606],[-460,372]],[[480032,230978],[-46,729],[142,302],[-703,475],[-437,1457]],[[478988,233941],[-1543,327],[-3601,775]],[[624050,228050],[494,688],[412,-169]],[[625085,227692],[231,-53],[133,488]],[[625301,228836],[766,-174],[116,605],[152,43],[359,-65]],[[626531,227920],[207,-174],[388,414]],[[636617,194752],[201,274],[261,-423]],[[637615,193921],[293,-62],[-325,-1304]],[[637472,190575],[-608,-1305],[-672,-633],[-36,-441]],[[635921,187990],[100,-398],[-656,-820]],[[634601,183236],[-524,-1091],[-412,-402],[-98,178],[-481,-25]],[[631965,180624],[-341,-129],[112,-480]],[[607643,133757],[-273,-395],[-633,-191],[-717,-553],[-74,-129]],[[599921,121570],[142,-361],[-400,-207],[86,-157],[-516,-51],[-278,-333],[-698,-64],[-50,-170]],[[596651,120681],[-361,-26],[-201,287],[-568,120],[-794,883],[-533,1318]],[[591423,122358],[-289,-483],[-270,748]],[[590582,123228],[-217,753],[325,610]],[[584259,161275],[427,1485],[409,452],[381,1391]],[[585476,164603],[1415,1549],[420,3750],[314,273],[374,1002],[-449,1509],[1147,1817],[679,418],[399,781],[52,543],[931,1316],[193,628],[-325,663],[37,409],[390,286],[168,403],[-2039,445],[-65,-527],[-580,-640],[65,-301],[-1184,265],[45,385],[-1084,239],[-113,-919],[-1593,403],[204,1690],[-2008,506],[176,1292],[527,533],[86,589],[484,810],[-435,386],[35,2313],[228,127],[-293,1925],[598,483],[894,-30],[326,475],[533,-190],[416,303],[392,1130],[526,525],[-229,1867],[-226,477],[78,469],[375,586],[-49,568],[521,602],[953,286],[227,282],[441,832],[-219,1478],[1573,1982],[311,885],[1859,-756],[1192,-888],[1187,-153],[723,179],[1550,1474],[1360,805],[1121,-721],[256,-426],[122,-769],[-151,-510],[918,-2668],[338,-9],[207,-363],[921,-665],[1220,607],[498,583],[1752,546],[515,812],[79,870],[-238,501],[-202,54],[-228,-270],[313,-124],[6,-344],[178,-184],[-111,-192],[-467,-98],[39,383],[-249,172],[168,491],[-112,156],[56,1446],[-97,372],[-157,-91],[300,2477],[6054,-1401],[108,798],[-275,202],[194,1639],[-283,562],[89,1693],[-195,608],[882,-32],[532,-442],[889,-50],[1100,-640],[22,231],[1108,-149],[1257,-646],[763,5271],[1735,-397],[204,212],[27,377],[1886,-412],[322,2864],[-568,623],[270,908],[-305,897],[61,329],[858,-207],[1331,10034]],[[354845,620351],[2759,2],[-30,976],[236,875]],[[357810,622204],[-254,334],[260,260],[117,592],[-147,307],[140,114],[-323,289],[127,476],[-380,94],[126,493],[-96,864],[429,848],[2,1016],[538,-946],[614,-18],[901,-771],[514,-34],[724,-406],[740,426],[308,-268],[394,-840],[502,460],[331,-36],[345,-772],[967,-1138]],[[364689,623548],[446,179],[114,323],[592,64],[403,-1160]],[[366244,622954],[-443,-2607],[82,-458],[852,-2136],[1367,-1917],[1259,-2787],[-410,-72],[149,-613],[-417,219],[-4,-548],[-431,122],[-111,-818],[-230,106],[-150,-243],[324,-882],[-51,-210],[-267,14],[-81,-771],[341,-538],[66,-1338],[359,-271],[376,-777],[492,-42],[272,-1085],[751,-1044],[364,-156],[150,-344],[203,126],[105,-777],[199,-272],[-64,-1046],[243,-166],[318,182]],[[371857,601805],[285,-299],[-153,-480],[270,-294],[7,-401],[-417,-50]],[[371849,600281],[-118,-352],[-383,-161],[-2,-394],[-254,-116],[-341,-1055],[278,-147],[159,-577],[-180,-544],[21,-795],[739,-671],[69,-1968],[513,-1209],[35,-1793],[-426,179],[-640,-984],[-235,-925],[198,-333],[-23,-403],[-375,-296],[96,-579],[-362,-594],[-53,-745],[-750,507],[-47,-575],[-352,105]],[[369416,585856],[-296,-762],[130,-419]],[[369250,584675],[-247,-497],[111,-456],[-247,-398],[-151,-1045],[135,-976],[-234,-163],[-170,-516],[236,56],[136,-270],[-161,-967]],[[368658,579443],[165,-919]],[[368823,578524],[333,-91],[-52,-582],[-455,-936],[-136,29],[-298,-492],[142,-357],[-124,-912],[125,-214],[-624,-1263],[230,-1232],[-126,-566],[-323,-228],[-281,-663],[26,-580],[-249,-971],[180,-274],[-173,-356],[42,-1248],[-332,-424],[-98,-533],[29,-242],[377,-142],[281,-505],[-236,-472],[295,-694],[-413,-429],[166,-261],[-37,-942],[457,-671],[-170,-239],[193,-934],[-168,-305],[873,-1468],[11,-12572],[5558,1],[6,-8330],[-222,0]],[[373630,538426],[17,-2746],[1559,-28]],[[375206,535652],[-38,-19673],[-14874,-82],[-577,-5572],[-570,-2],[1,-1566],[-3204,13],[-867,-7946],[1300,-3234],[1150,-6983],[-4918,9],[10,-5577],[-1620,0],[-9,-2840],[-6335,3],[1,-5697],[-111,7],[113,-162],[0,-5391],[-738,158],[-248,-2191],[933,-203],[-56,-542],[878,-1647],[-486,-4499],[-994,-49],[-332,-2869],[-1263,-2066],[-144,-1246],[319,-70],[-1820,-16689],[-187,27],[-129,-1096],[-329,69]],[[340062,438046],[-212,-1419],[-14830,3111]],[[323326,435807],[-1548,270],[-738,159]],[[321040,436236],[300,2750],[-1034,178],[-314,850],[-4838,1231],[-1397,-108],[-2478,1087],[-1219,238],[-288,1335],[203,106],[-101,531],[408,2826],[-4554,1035]],[[305728,448295],[-1734,2688],[-1807,826],[-654,549],[-235,439],[-72,841],[336,2071],[-528,5173],[-103,802],[-798,2311]],[[300133,463995],[507,-99],[262,1408],[-108,26],[130,1365],[-1051,229],[512,3364],[-2438,139],[-1690,361],[42,-1392],[-397,-793],[-90,-649],[-6060,1307],[-584,-2469],[-2016,396],[-224,-609],[-344,141],[21,188],[-664,145],[-4881,-78],[24,-2815],[-3582,16]],[[277502,464176],[-63,1266],[-316,198],[-28,504],[751,1323],[-235,136],[-140,651],[-168,-9],[49,288],[-149,51],[257,751]],[[280741,477167],[444,92],[96,835]],[[279889,488651],[163,555],[-287,136]],[[275179,491532],[-434,-173],[287,807]],[[263988,510775],[-847,317],[-313,745]],[[262852,512192],[-335,449],[34,891]],[[261186,516727],[207,719],[-327,493]],[[261066,517939],[112,60],[1821,-2355],[2425,-407],[180,-235],[555,302],[3009,-546],[-166,-890],[2224,-369],[597,6233],[2034,-347],[134,1387],[541,-102],[57,600],[447,-98],[210,1910],[-297,924],[525,-99],[171,1736],[-556,89],[254,2756],[-310,-13],[588,5928],[-814,169],[-23,4325],[3261,-648],[-60,-613],[1197,-230],[843,7081],[-1119,885],[680,6434],[-2,1259],[3531,-7],[-657,5812],[1731,74],[-6,2854],[1047,255],[483,401],[946,1281],[1638,2825],[895,564],[-2402,462],[286,2805],[-1991,384],[548,5658],[-2564,147],[-3,4091],[-261,0],[-221,1121],[-559,1241],[-48,577],[328,651],[539,38],[9,6172],[-3261,-69],[-57,22893]],[[279535,613295],[-664,1]],[[278871,613296],[-1,1516],[4162,8],[1573,1049],[10058,80],[-26,6674],[7114,15],[1,460],[5135,-18],[16,5140],[7980,-23],[169,-361],[2458,-514],[-31,-304],[314,293],[5262,-1062],[-349,-754],[-32,-547],[496,-621],[-645,-254],[-168,-505],[-197,36],[-173,-841],[-153,81],[-141,-228],[1748,-353],[1580,13],[-3,-149],[2971,2],[0,-550],[460,-4],[-5,-2420],[2103,-6],[-49,660],[24145,44],[202,498]],[[374035,367326],[-57,595],[242,258],[18,630],[264,522],[7,778],[373,1170],[312,1966],[419,448],[598,1394],[400,395],[-44,365],[556,891],[775,270],[861,869],[55,342],[-226,536],[85,362],[-1666,342],[295,2829],[1392,-287]],[[378694,382001],[551,1087],[-366,-97],[-302,478],[-220,1165]],[[397078,393353],[390,-110],[-330,1104],[14,651]],[[437501,327193],[-65,-741],[-207,162]],[[436862,326230],[25,-1091],[-323,209],[162,-302],[-167,-273],[172,-269]],[[436325,321608],[-898,2],[72,-662]],[[435004,320597],[-1,-538],[-265,126],[35,-280],[255,-146],[-18,-351],[-619,-73],[-235,632],[-296,-482],[-566,234],[52,-256]],[[433346,319463],[310,-196],[-516,-215],[295,-520]],[[433435,318532],[-262,-383],[545,-327],[-115,-445]],[[433603,317377],[-10804,2436],[-303,216],[-387,-622],[-70,458],[-386,596],[-262,8],[64,-430],[-137,27],[-248,1307],[-620,-420]],[[420450,320953],[-192,81],[-482,522],[-46,337],[-590,553],[-120,-80]],[[419020,322366],[168,-673],[-117,-130],[-408,441],[-367,819],[-704,155]],[[417592,322978],[-598,650],[-139,-102]],[[416855,323526],[-78,-709],[-419,117],[-265,-182],[-92,249],[211,406]],[[416212,323407],[-163,321],[-843,54]],[[415206,323782],[-301,-562]],[[414905,323220],[-128,644],[-104,-560]],[[414673,323304],[-407,-43],[175,-795],[-531,0],[-145,480],[-405,-708],[140,-571],[-355,57],[-123,-492]],[[413022,321232],[-121,582],[-567,-303],[-112,-433],[237,34],[206,-355],[-322,-289],[-411,141]],[[411932,320609],[-153,-316],[-655,423],[-249,-560],[-249,459],[-403,74]],[[410223,320689],[-358,-323],[-415,107],[-154,193],[20,354],[-394,-39]],[[408922,320981],[-332,353],[-774,-861],[-626,-5913],[1735,-2469]],[[408925,312091],[892,-1926],[852,-1057],[874,-1809]],[[406562,308787],[-7274,1467],[-210,-556]],[[398684,309348],[55,-346]],[[388390,314025],[18,862],[416,433]],[[389225,334127],[-456,113],[-246,-1667]],[[384709,328697],[-373,-380],[-490,344],[-93,437],[-288,238],[0,920]],[[383286,330683],[-4177,1514]],[[379109,332197],[367,2909],[-273,17],[71,739],[-329,752],[462,4362],[3533,-726],[219,160],[187,1252],[-263,1434],[436,4218],[-2914,456],[-126,1515],[456,3615],[-1717,353],[-738,711],[-501,1155],[-956,325],[-2234,1688],[-1119,1465],[-1566,748]],[[372104,359345],[-395,584],[-241,463]],[[371468,360392],[202,855],[221,217]],[[371891,361464],[52,706],[154,210],[271,-264]],[[372368,362116],[-53,501],[309,368],[-122,1517],[412,1397]],[[372914,365899],[-9,517],[437,1139],[693,-229]],[[460148,263441],[-157,464],[-408,229],[-622,1868],[-419,414],[-1538,47],[-115,341],[-232,108],[-430,-554]],[[456227,266358],[-813,-233]],[[455414,266125],[268,1699],[190,203]],[[455872,268027],[481,-533],[123,85],[-143,525],[-371,284]],[[455962,268388],[-59,398],[548,-41],[304,984],[-263,717],[-424,-182],[67,329],[173,164],[577,-204],[-343,451]],[[456542,271004],[260,348],[247,-459],[158,268],[-184,160],[109,512]],[[457132,271833],[1093,-527],[343,928],[255,66],[894,-1058],[775,-157]],[[460492,271085],[243,410],[703,185],[131,574],[384,-363],[-323,678],[-320,-104],[-29,674]],[[461281,273139],[329,810],[334,27]],[[461944,273976],[794,-489]],[[462738,273487],[510,877]],[[464605,274335],[198,534],[402,330],[782,-730]],[[467507,275012],[151,-685],[260,209]],[[474178,275675],[645,-885],[115,358],[-314,507]],[[474216,276528],[-209,1098],[88,207],[219,-52],[555,-937]],[[477660,280664],[32,452],[487,-101]],[[478561,279812],[-379,-1119],[509,-3],[61,472],[421,-76],[190,-298],[66,-675],[374,758]],[[480278,280358],[-238,-335],[463,-110],[-207,-363],[242,-158]],[[480576,277334],[-261,-1049],[-895,-814]],[[480092,269624],[-1261,188]],[[472064,264204],[-408,-4033]],[[467241,261664],[-662,299],[-1466,359],[-432,362]],[[519929,426034],[152,1329]],[[543292,439551],[161,829]],[[543453,440380],[164,-679],[669,427],[645,-603],[536,573],[603,-1011],[895,-578],[244,-381],[4,-468],[341,-866],[323,-46],[291,-456],[388,-1173],[-19,-597],[555,-679],[419,-20],[309,-376],[-87,-371],[169,-582],[-208,-1185],[870,-42],[195,396],[77,3225],[197,463],[340,-215],[671,653],[473,-353],[1036,84],[222,-200],[233,1071],[427,223],[81,278],[-33,2669],[554,1446],[214,222],[542,-356],[712,519],[910,990],[226,533],[431,317],[63,276],[115,-413],[110,-12],[-33,224],[192,-244],[239,361],[122,-105],[357,607],[-156,237],[331,124],[47,391],[155,-74],[429,681],[484,-209],[200,-550],[337,-273],[281,-826],[-39,-1007],[411,-506],[23,-304],[304,-36]],[[562044,441574],[326,-1794],[475,-1040]],[[562845,438740],[93,-772]],[[562938,437968],[580,-1803],[1020,-701]],[[564538,435464],[49,-361]],[[564587,435103],[392,-218],[537,-149]],[[565516,434736],[961,8828],[4544,-869],[-41,-421],[296,-65],[520,-1377],[348,-78],[545,-583],[72,-945],[451,600],[744,404],[252,-386],[138,1110],[-153,64],[-127,578],[1544,-359],[-121,-306],[411,-99],[383,-431],[-231,-1139],[-424,89],[232,-776],[258,169],[790,-302],[166,478],[867,-1153],[473,199],[463,-516],[535,226],[245,-586],[-95,-579],[795,-103],[267,-372],[503,-176],[264,-451],[307,143],[491,-564],[159,-498]],[[582348,434490],[432,-90],[535,-827],[794,-443],[1630,-17],[1271,678],[1295,-622],[294,-545],[409,-23],[828,-1139],[-190,-1288],[349,-579]],[[630682,385424],[-11087,-39702],[-12435,-48355],[-953,112]],[[606207,297479],[-1594,1786],[-396,179],[-487,848],[-453,-580],[-542,220],[-119,361],[-462,-950],[-554,109],[-161,-253],[65,-1296],[-153,-1081],[-675,-1196],[-960,-243],[-320,601],[-355,-255],[-697,531],[-542,-60],[-444,311],[-503,1170],[-381,158],[-559,645],[-75,915],[-493,151],[-234,750],[-496,777],[-1068,128],[-815,1109],[-685,475]],[[592049,302789],[-1210,-1367],[-566,-376],[-546,-794],[-1558,-422],[-903,-765],[-1169,125],[-383,549],[-299,71],[-325,-267],[-352,88]],[[584738,299631],[-62,-231],[-1112,982],[-412,-19]],[[583152,300363],[-1571,867],[-221,819],[-1428,1851],[321,900],[-249,722]],[[580058,306512],[-140,671],[-551,1417]],[[579579,309836],[-84,610],[-314,466]],[[579658,313441],[-549,758]],[[576341,314484],[-206,165],[-947,2558]],[[567717,341126],[-1329,478],[-59,395]],[[566772,342593],[-233,272],[-500,-298],[-49,639]],[[546939,392354],[17,395],[-364,14],[158,763]],[[540555,396317],[-1090,862]],[[603057,396390],[-282,-851],[1104,-119]],[[607116,390579],[-1858,-502]],[[612838,387759],[158,613],[309,418],[170,-67]],[[619118,396898],[423,37],[161,332],[-175,537]],[[608533,396249],[-358,448],[-238,-133],[-46,-333],[-627,-225],[-507,286],[-571,1212],[-557,-354],[-138,-780]],[[437317,265421],[-121,-1193]],[[438369,263337],[335,-509],[-187,-430],[-424,26],[-306,-870],[-306,-1715],[74,-1692],[-1140,87]],[[436415,258234],[-103,-1004],[-662,451],[-229,402]],[[435421,258083],[-644,-525],[-2585,165]],[[432192,257723],[227,2049]],[[432419,259772],[-439,-202]],[[431980,259570],[-1847,3466],[365,-73],[-78,186],[331,539],[379,3948],[281,-61]],[[431411,267575],[68,617],[162,-600],[870,-541]],[[433613,268975],[200,737],[1101,1259],[368,-115],[-99,-979]],[[436178,269059],[494,210],[386,-153],[68,-682],[-603,-545],[-91,-505],[190,-1148]],[[478892,255532],[-992,-21],[-305,-221],[-1171,240],[-663,-364]],[[475761,255166],[-2049,-461],[-1028,424],[-630,-45],[-418,-562],[6,5556],[422,4126]],[[472064,264204],[338,-327],[206,52],[68,650],[1469,-221],[511,4890],[1469,-296],[428,248],[856,-368],[355,178],[370,558],[697,244]],[[478831,269812],[2022,-311]],[[481632,267127],[490,-346],[-213,-458]],[[483326,256318],[-83,-2356],[-1033,240]],[[482210,254202],[21,180],[-1701,1484]],[[480530,255866],[-1441,143],[-197,-477]],[[443722,257021],[-517,-62],[-1733,503],[-1999,-447]],[[438258,254528],[539,-1250],[-520,-490],[-703,1604],[20,448],[-389,-17],[463,-1936],[-886,1756],[-89,-156],[-138,1452],[196,928],[848,1407],[-118,1565],[423,2139],[231,490],[382,-70],[189,362],[-337,577]],[[438369,263337],[-1173,891]],[[437196,264228],[230,696]],[[441353,264834],[-365,1902]],[[441176,267185],[2597,-628],[202,-720]],[[447009,260564],[-793,-7905],[-395,87]],[[444787,256671],[-440,-222],[-168,-85]],[[390025,266110],[1432,14544]],[[398385,308541],[343,410],[-44,397]],[[398684,309348],[394,350]],[[399078,309698],[201,554],[7283,-1465]],[[406562,308787],[-60,-558],[5041,-930]],[[411543,307299],[3245,-7279]],[[414788,300020],[1583,-2977],[1019,-1147]],[[417390,295896],[883,-2476],[1108,-3948],[463,-578],[-229,-9]],[[419615,288885],[1546,-3449],[-216,-2410],[-252,53],[-238,-2415],[995,-210],[-45,-410],[843,-169],[-457,-3074],[-127,-2738],[-230,-349],[-185,-1170],[-211,-100],[-91,-1173],[205,-219],[-810,-10629]],[[420342,260423],[-8126,1438],[-9868,1909]],[[445540,266266],[-4364,919]],[[441176,267185],[-188,-449]],[[440988,266736],[-82,706],[234,494]],[[439573,275498],[48,660],[-245,29]],[[438895,277093],[-402,62],[-235,559],[-207,-192],[-138,877]],[[436677,279979],[-1082,-307],[-248,586],[204,361],[1869,2321],[1563,-160],[5808,724],[-89,-348],[261,41],[349,-483],[295,135],[-7,-535]],[[445600,282314],[225,-194],[-122,-490],[326,-446]],[[446029,281184],[-441,-343],[253,-508],[-412,-550],[211,-440],[-221,-224],[426,-187]],[[445845,278932],[-44,-295],[-261,-107],[147,-584]],[[445687,277946],[-138,-124],[46,-205]],[[445595,277617],[739,11],[-255,-2783],[-444,-1343],[338,-537],[-206,-152],[184,-1120],[-286,-409],[435,-1418]],[[446100,269866],[-189,-245],[449,-615],[-114,-289],[-2,-719],[451,-998]],[[196648,764899],[-5252,740]],[[191396,765639],[-4781,-31],[-762,307],[-2855,-296],[-26,-1131],[-338,-928],[344,-609],[-238,-2378],[366,-1885],[-68,-1616],[-405,-574],[288,-583],[22,-7487]],[[182943,748428],[367,-610],[15,-1444]],[[183325,746374],[171,-668],[-296,-715],[293,-524],[-460,-213],[-2087,110]],[[180946,744364],[-1288,390],[-321,-264]],[[179337,744490],[-1094,16],[-309,200]],[[177934,744706],[-2455,-126],[-1684,205],[-423,-227],[-5964,76]],[[129228,711824],[-1254,600],[-1093,268]],[[114886,713645],[0,-6746]],[[114886,706899],[-55248,-15],[33,-48291]],[[59671,658593],[-59533,9],[346,69403],[-340,215297],[-144,34464],[120,2],[82,22231],[378,-88],[345,-633],[-200,-994],[40,-1387],[211,-220],[628,124],[472,-538],[28,-890],[-550,-529],[-61,-382],[1047,22],[221,-199],[-111,-398],[-515,-354],[-72,-363],[550,-869],[0,-1206],[335,-776],[262,-210],[294,156],[137,1574],[384,619],[274,-74],[466,-634],[832,-249],[-94,-228],[-617,-23],[-236,-318],[-211,-2221],[890,-1181],[790,-395],[139,-411],[17,-1280],[537,-710],[407,109],[58,317],[-432,810],[12,415],[954,801],[-132,1101],[189,947],[172,128],[780,-728],[230,-618],[10,-434],[-453,-1247],[147,-1487],[188,-385],[350,-146],[377,141],[436,692],[972,495],[432,950],[323,-1827],[381,-654],[522,-144],[551,483],[365,-219],[125,-528],[-335,-714],[-25,-423],[279,-794],[433,-324],[633,367],[296,920],[-225,1809],[-367,483],[-554,192],[37,414],[737,844],[369,108],[387,-213],[333,-1357],[318,-546],[1489,-736],[876,277],[1006,1134],[37,-786],[249,-311],[343,-57],[223,1378],[901,363],[-222,-992],[259,-875],[-954,-412],[-110,-285],[254,-352],[559,327],[222,-191],[54,-2550],[578,-476],[774,265],[353,496],[237,1204],[388,208],[109,-404],[-86,-1132],[327,-689],[87,-716],[318,-469],[527,-190],[630,196],[281,647],[-165,839],[-610,767],[550,184],[76,791],[747,408],[232,1284],[442,726],[556,99],[305,-663],[232,-145],[434,724],[272,-6],[13,-1404],[442,-780],[249,-128],[856,574],[149,1303],[220,445],[255,60],[272,-473],[51,-1005],[277,-819],[-615,-1688],[96,-1041],[544,-143],[217,328],[298,1445],[363,264],[467,-116],[382,-607],[630,-2096],[740,-1164],[498,-176],[427,-928],[1647,-596],[-66,-892],[315,-413],[1439,397],[409,-145],[108,-752],[-543,-1652],[360,-463],[649,344],[366,-268],[25,-571],[-336,-644],[10,-853],[192,-233],[354,44],[365,496],[-16,529],[185,501],[942,503],[552,714],[127,534],[-67,1248],[172,543],[1162,306],[408,-429],[193,-1577],[484,-1159],[334,136],[-247,756],[17,443],[229,97],[1090,-472],[329,-547],[107,-1342],[289,-542],[471,76],[1220,1378],[542,-126],[229,-836],[-471,-1887],[148,-858],[502,-689],[580,-156],[1444,1003],[414,-62],[93,-358],[-294,-1301],[79,-1052],[1302,-1559],[475,106],[-29,966],[231,282],[1480,-935],[551,307],[248,975],[1288,-815],[364,408],[-37,807],[181,438],[842,49],[613,-807],[469,-2001],[679,-1652],[737,-360],[140,-258],[-158,-571],[-734,-368],[-448,-936],[110,-687],[773,-778],[438,-957],[-153,-703],[-963,-306],[-263,-408],[-7,-645],[442,-510],[399,67],[662,552],[1268,168],[311,330],[285,1113],[-624,1810],[54,481],[250,315],[499,-245],[712,-1447],[363,-124],[972,685],[193,1034],[247,201],[747,-118],[656,-871],[1199,-540],[260,101],[205,444],[15,1475],[166,282],[190,-49],[147,-505],[338,-391],[464,-94],[363,202],[295,626],[-110,783],[-409,383],[-935,4],[-278,330],[-105,553],[60,403],[359,482],[1043,768],[142,630],[-98,633],[-275,937],[-280,379],[-872,-457],[-497,250],[-235,557],[110,430],[314,126],[885,-783],[1030,1099],[408,-331],[475,-1149],[665,95],[275,390],[-6,962],[-1014,1981],[391,-5],[321,-861],[341,-323],[443,-180],[297,135],[459,1019],[-229,2017],[288,1585],[2443,926],[2527,2987],[1233,-211],[607,699],[1206,581],[278,-73],[351,-493],[90,-2011],[210,-778],[267,-323],[510,28],[360,371],[710,1395],[-18,530],[-397,798],[-82,658],[125,592],[345,231],[533,-259],[962,-1817],[352,-339],[696,192],[625,1086],[398,-145],[-44,-586],[-824,-663],[-154,-432],[76,-736],[404,-395],[641,145],[918,1281],[765,568],[154,-488],[-511,-1845],[245,-584],[394,51],[404,841],[262,111],[474,-674],[1175,-67],[582,-917],[969,-203],[1121,-1228],[1773,-922],[301,124],[412,1080],[320,369],[220,-277],[-130,-807],[195,-253],[311,-16],[796,607],[502,-93],[525,-544],[458,-1148],[471,1313],[609,614],[269,583],[-15,564],[-387,701],[-46,557],[979,181],[789,550],[313,9],[517,-624],[572,-224],[1028,187],[798,-2166],[-461,-1702],[322,-449],[495,-253],[589,403],[101,2452],[221,491],[421,277],[339,-203],[660,-1640],[929,-1348],[522,-189],[372,169],[210,575],[-366,1425],[79,1130],[323,941],[619,465],[739,-63],[900,-1614],[606,531],[1600,-1314],[1037,24],[298,363],[-2,247],[-978,1089],[-309,2134],[381,189],[559,-431],[536,-9],[444,360],[491,872],[303,94],[466,-654],[18,-540],[-881,-1014],[-593,-1491],[81,-1384],[379,-514],[446,-193],[1366,820],[1472,-61],[1446,-1072],[234,-814],[-63,-594],[-366,-693],[-807,-462],[-139,-1143],[250,-576],[781,-317],[321,-408],[581,-3128],[1141,315],[1370,-1084],[770,477],[806,29],[219,485],[-352,2171],[214,859],[386,39],[913,-750],[344,-68],[517,332],[350,1394],[377,546],[2162,-636],[77,-678],[-575,-1549],[-235,-1484],[247,-174],[560,191],[-346,-966],[304,-1260],[1092,-290],[257,132],[217,415],[105,952],[266,191],[798,-992],[863,-519],[861,-44],[1121,558],[294,-44],[532,-1117],[478,-594],[-143,-977],[283,-2524],[472,-57],[115,683],[195,202],[800,-1179],[6,-1283],[-370,-297],[-567,-1100],[84,-310],[593,-596],[288,-776],[104,-1047],[-154,-1523],[-234,-457],[-743,-252],[-276,-1081],[195,-406],[867,-178],[791,-1350],[44,-492],[-518,-1853],[458,-1504],[-99,-525],[-473,-815],[-1049,-625],[-196,-307],[-60,-1045],[440,-929],[294,-164],[1610,325],[1584,2096],[222,-158],[162,-1063],[319,-466],[419,168],[963,1277],[597,-1046],[818,-724],[-229,-330],[-950,186],[-470,-833],[-380,-992],[-67,-754],[431,-1306],[511,8],[655,594],[806,-1083],[1620,-205],[594,-1317],[1033,-471],[1801,417],[544,800],[593,310],[496,652],[728,228],[532,-890],[666,136],[717,-615],[605,-66],[658,-832],[-34,-1024],[-940,174],[-298,-292],[-129,-453],[207,-1611],[574,-938],[-194,-519],[-248,-189],[-408,64],[-434,589],[-955,492],[-863,-832],[64,-367],[226,-199],[965,510],[380,-445],[-114,-483],[-1019,-656],[251,-769],[37,-1672],[363,-939],[-662,509],[-451,-31],[-447,-860],[-885,-891],[-102,-364],[84,-489],[527,-244],[-451,-789],[18,-662],[775,-393],[126,-346],[-137,-445],[-757,-968],[-89,-619],[299,-342],[725,366],[385,-104],[-71,-956],[-444,-826],[892,-673],[-581,-509],[-208,-473],[-17,-295],[496,-1038],[-493,-2340],[-736,-913],[-81,-1030],[334,-524],[894,573],[880,-457],[410,284],[203,616],[156,64],[543,-2199],[-129,-241],[-531,539],[-390,-89],[-246,-704],[-911,-784],[-498,-1258],[-29,-1424],[87,-248],[1045,-759],[154,213],[142,1355],[592,831],[1481,-118],[416,-315],[-894,-1046],[-227,-1213],[-961,-1317],[-124,-604],[251,-592],[387,-219],[403,74],[572,538],[461,25],[690,-1110],[-2,-237],[-1812,-135],[-1470,-480],[-204,-144],[-90,-565],[399,-933],[326,26],[449,496],[-263,-1184],[99,-524],[1096,-800],[402,-770],[254,-47],[813,464],[386,957],[260,83],[113,-1209],[446,-1089],[-476,-1866],[6,-581],[266,-534],[311,-75],[712,420],[626,858],[260,64],[365,-817],[-79,-1158],[171,-428],[507,-261],[1129,126],[530,-1441],[580,-312],[383,343],[22,407],[-774,1524],[-316,2546],[246,315],[423,75],[1117,-800],[345,-495],[526,-2394],[-717,-1213],[-838,-546],[-36,-342],[181,-360],[825,17],[425,-643],[-229,-783],[1,-925],[-691,-455],[-186,-519],[56,-383],[715,-846],[-688,-260],[-408,-640],[29,-384],[536,-821],[37,-613],[-471,-460],[-636,-165],[-169,-553],[133,-396],[328,-226],[980,406],[205,-755],[437,-386],[381,165],[637,748],[376,-199],[21,-379],[-860,-825],[-491,-1762],[-39,-2676],[312,-1173],[683,-368],[1425,276],[336,552],[-45,404],[-907,73],[-132,274],[64,389],[330,167],[649,-445],[423,6],[266,260],[165,929],[244,337],[540,-156],[590,-1145],[-226,-576],[-1078,-171],[-430,-511],[-243,-431],[-86,-797],[322,-1148],[617,212],[231,-233],[187,-868],[463,-987],[-406,-859],[-1155,-470],[16,-780],[530,-194],[868,699],[576,-156],[157,-312],[-1005,-2069],[345,-1123],[5,-704],[-1304,-1997],[-192,-1092],[193,-313],[969,31],[252,-199],[47,-282],[-521,-639],[-21,-503],[1020,-1128]],[[397700,410023],[-182,293],[-133,1167]],[[397385,411483],[-439,659],[249,585],[-288,279]],[[396907,413006],[163,866],[464,520],[1187,-162],[476,778],[2561,-26],[15,850],[612,-159],[508,-664],[371,298],[5,859],[3437,5],[462,373],[694,-50],[580,-614],[137,-627],[206,-202],[52,-566],[357,-500],[692,1021],[616,250],[382,-180],[460,184],[1516,-196],[545,-253],[320,1017],[-134,226],[65,861],[-276,1066],[358,266],[791,-197],[267,438],[929,635],[234,1392],[755,1300],[65,-289],[373,0],[550,-500],[819,-238],[-59,-408],[1463,899],[71,-115],[307,530],[-233,1462],[548,922],[1112,-1395],[279,-659],[552,458],[1052,-3],[0,322],[1788,785],[-588,2609],[1231,-920],[438,223],[-678,3129],[451,2616],[1365,2753],[645,2303],[1647,1348],[1812,2410]],[[431724,440057],[540,-192]],[[434819,442763],[3150,1471]],[[461047,436965],[379,440],[-85,-433]],[[478418,426698],[469,-494],[1078,260],[433,-296],[95,-1677]],[[481557,415697],[630,-263],[-51,-320],[-620,-453],[174,-822],[945,-175],[686,666]],[[483426,414785],[368,17],[-1,365],[-248,394],[344,626],[-144,644],[314,95],[690,-526],[64,1618],[870,2108],[453,2],[236,418],[229,17],[401,-570],[695,-292],[20,-1279],[326,-117],[338,173],[122,1369],[836,1857]],[[491713,420617],[709,-192],[142,-365]],[[492782,418883],[385,-821],[484,-251],[509,233],[1054,-944],[-353,-1049],[555,-283],[210,-2839],[-485,-835]],[[489269,400521],[-10,-1726],[-645,553]],[[473324,390933],[31,-567],[411,-1594]],[[472626,325668],[-646,1576]],[[469108,331014],[-554,214],[345,1360],[-241,2820],[-887,-279],[-532,638],[-254,52],[-172,677]],[[466371,337150],[-457,-351],[-800,401],[-470,-392],[-60,-903]],[[464271,335449],[-80,-1222],[-548,5],[-502,518],[-443,1012],[-335,259]],[[456055,329925],[-8001,1579]],[[446522,320399],[2249,-445],[-391,-306]],[[447073,317405],[-11304,2214]],[[435769,319619],[-380,-158]],[[435389,319461],[-156,328],[-487,155],[33,347],[247,-197],[-22,503]],[[435004,320597],[244,-3],[251,354]],[[435499,320948],[-48,701],[874,-41]],[[436325,321608],[-49,478],[-361,134],[516,336],[-506,448],[296,1181],[-71,479],[581,-160]],[[436731,324504],[-195,390],[190,152],[-201,158],[39,144],[343,-164],[-45,1046]],[[436862,326230],[367,384]],[[437229,326614],[214,-116],[58,695]],[[437501,327193],[-393,80],[-371,-252],[-273,292],[20,293],[-522,323],[685,372],[-135,207],[148,514],[-30,858],[-385,158],[484,589],[-346,315],[378,115],[112,419],[0,393],[-265,-38],[-37,346],[463,516],[-156,454],[169,132],[-375,389],[91,154],[217,-159],[64,178],[-233,512],[-444,-104],[-34,726],[856,223],[142,582],[-212,427],[-100,-94],[18,395],[-323,111],[571,483],[-202,167],[-52,774],[-322,192],[245,254],[373,-68],[-84,346],[387,509],[544,3969],[271,172],[173,1121],[311,511],[90,1393],[211,337],[-682,166],[301,2787],[-2844,541],[113,415],[-625,336],[-8,785],[-229,202],[-30,295],[-216,-10],[32,-349],[-632,-106],[-164,600],[-170,-50],[-69,674],[-415,482],[-142,-346],[-315,179],[-197,944],[-673,-477],[-233,712],[-790,130],[729,7115],[-305,-483],[-818,-410],[-487,390],[-432,-87],[-1024,522],[-327,340],[-324,2331],[749,7015],[-373,823],[-998,235],[376,2121],[-986,347],[130,672],[-987,359],[-92,-518],[-1875,323],[-886,-1304],[-20,921],[-886,-12],[-81,-1085],[-4156,38],[-213,467],[-2845,998],[221,347],[109,-327],[305,86],[217,445],[511,253],[-1,4869],[-172,2],[-44,1369],[-259,8],[30,1469],[-220,9],[17,1786],[999,-186],[809,169],[-115,338],[22,2702],[602,-109],[453,3464],[-800,173],[-1303,1476],[-101,478],[190,855],[-321,648],[-51,549],[183,876],[-1996,30],[-7,-654],[-623,-175],[-42,-662],[-9883,126],[-842,214],[-458,574],[-482,134],[-651,609],[-326,-164],[-380,201],[-378,-501],[-410,-20],[-544,-592],[-326,60],[-385,-438],[-394,-47],[-308,-730],[-805,-523]],[[397152,394998],[-67,-238],[-708,774]],[[396092,397024],[-215,539],[465,61]],[[397414,403886],[174,798],[-167,616],[125,651],[438,65],[98,214],[-60,573],[-542,-76]],[[397480,406727],[16,1110]],[[397496,407837],[-242,704],[691,241],[-243,431],[-2,810]],[[579059,600152],[-6,362],[430,724],[735,-377],[149,534]],[[580367,601395],[346,166],[288,-592],[-164,-446],[-171,-2082],[474,-857]],[[581140,597584],[-94,-447]],[[581046,597137],[362,-702],[-240,-176]],[[581587,593577],[204,-322],[690,-75],[299,-333],[-246,-464]],[[582428,589327],[480,137],[13,-246],[-277,-17],[-75,-245],[256,-362],[22,-667],[-90,-112],[-148,193],[-388,-250],[-94,637],[-374,-126],[93,-1233]],[[584227,584608],[190,585],[643,34],[613,-919],[-286,-484],[299,-158],[232,-482],[-124,-451],[-416,403]],[[585509,577467],[593,239],[-16,-267],[-254,-250]],[[573441,573971],[41,-13196]],[[573482,560775],[-10485,12],[-633,-2005],[-29,-6482]],[[562335,552300],[-44309,-12]],[[518026,552288],[9,19290],[-41195,-28],[-40,479],[-325,186],[131,611],[-378,-185],[-349,334],[207,337],[-165,476],[360,302],[50,375],[-357,-23],[-418,-620],[44,1280],[-336,370],[-68,637],[-228,-133],[1,-741],[-329,282],[-52,1379],[-388,-409],[100,-726],[-288,356],[20,1158],[-312,83],[-6,282],[627,307],[-9,307],[-479,-15],[-440,-1198],[-178,410],[335,669],[-194,89],[-507,-1108],[-160,22],[-101,434],[163,576],[-257,469],[536,409],[433,-105]],[[473483,578906],[0,327],[-269,180],[-758,-372]],[[472456,579041],[-213,-807],[-274,-173],[-403,792],[227,396],[-299,150],[-598,-1199],[349,-275],[-151,-294],[-417,133],[-183,680],[49,428],[-374,120],[-559,-235],[624,841],[-157,114],[-548,-345],[-200,-889],[510,7],[155,-293],[-162,-227],[-894,165],[-59,-276],[269,-897],[-363,-614],[299,-211],[451,371],[166,-175],[-298,-876],[-333,-166],[-367,277],[-657,70],[75,-458],[291,-332],[-21,-385],[-172,-134],[-219,650],[-263,233],[-189,-254],[-446,962],[-42,1312],[330,333],[-245,116],[-307,-313],[-76,224],[382,511],[-783,-381],[59,579],[-218,117],[151,594],[-798,114],[49,292],[-203,179],[-658,-583],[-415,2],[-138,-390],[-130,372],[183,340],[-240,616],[-214,6],[-84,-517],[-175,-117],[-260,973],[-176,-139],[-74,-565],[-143,441],[-248,-319],[226,-897],[-381,187],[-92,-201],[195,-365],[459,-17],[320,-481]],[[463356,577938],[-372,-402],[328,-556],[-318,-278],[158,-333],[-112,-171],[-358,435],[-69,479],[-206,-54],[235,-776]],[[462642,576282],[-375,-35],[-142,-282],[569,-480]],[[462694,575485],[-536,-806]],[[462158,574679],[-390,1230],[-146,-492],[-187,-91],[-411,650]],[[461024,575976],[-390,29],[-177,660]],[[460457,576665],[144,510],[-256,648],[-305,-13],[-304,-431],[-194,282],[-317,37],[-18,554],[-143,163]],[[459064,578415],[-486,-246],[-405,685],[-305,-85],[12,256],[268,162],[-77,392],[-275,-101],[-234,-683]],[[457562,578795],[-412,-153],[-125,-546],[-221,53],[-289,663],[5,-566],[-345,83],[-438,-306],[-305,-669],[-145,-60],[-324,403],[66,-616],[-157,-100],[-157,175],[-17,1200],[-371,-30],[-97,414],[-187,-437],[-333,387],[-611,175],[-129,259],[208,565],[-219,190],[-266,-258],[-105,504],[-87,-716],[-167,-24],[-121,268],[155,600],[-469,-272],[169,755],[-485,-159],[40,-466],[-309,-103],[115,675],[-281,770],[-193,-309],[46,-898],[-271,-76],[-211,280],[-196,-184],[248,-965],[-246,40],[-245,725],[-236,70],[-157,-594],[275,-601],[-295,-59],[-489,1190],[18,255],[369,311],[-395,340],[21,606],[-159,-91],[-100,-711],[-225,282],[100,768],[557,19],[-350,950],[257,400],[-880,486],[-18,-566],[-270,-7],[70,948],[-325,105],[489,630],[51,414],[-441,-33],[-360,815],[-374,106],[196,384],[-21,475],[-291,353],[352,600],[-664,-55],[-348,-656],[73,-381],[-384,-312],[125,-648],[-559,313],[216,-661],[-519,391],[-305,-219],[-190,115],[292,1224],[-648,-229],[-302,676],[-304,118],[-3,235],[346,288],[-387,48],[-24,190],[448,195],[-4,167],[-592,210],[-171,477],[-404,-270],[-411,-1043],[-472,131],[-623,646],[-406,-746],[-348,855],[-533,-22],[141,866],[-622,-137],[393,991],[-701,282],[126,1234],[-566,-406],[-146,492],[-284,124],[284,585],[-499,33],[-7,341],[-298,-8],[-226,563],[-445,-187],[12,597],[-207,697],[-226,-271],[-76,-879],[-197,250],[-28,587],[-281,-9],[-38,-805],[160,-378],[-152,-583],[-255,150],[-133,543],[-227,-165],[55,-562]],[[435905,592893],[417,-415],[-121,-409],[-469,-171],[-590,214],[-255,698],[-724,-1004],[-144,132],[12,712],[-518,294],[-115,-109]],[[433398,592835],[85,-645],[-209,-53],[-349,591],[0,327],[-357,4],[-3,634],[-101,-982],[-843,-82],[206,-540],[-530,-78],[252,-345],[-275,-822]],[[431274,590844],[561,233],[383,-180],[-51,-784]],[[432167,590113],[-443,85],[-157,-197]],[[431567,590001],[80,-559],[-236,123],[11,509],[-178,201],[-284,-801],[331,-177],[-217,-401]],[[431074,588896],[-241,76],[-406,718],[-29,697],[-741,-137]],[[429657,590250],[-231,-425],[-216,25],[-124,342],[617,825],[440,-378],[366,114],[59,795],[-372,259],[457,416],[-261,1028],[44,768],[331,-30],[177,416],[291,-197],[161,127],[-93,900],[-288,733],[265,324],[209,-115],[126,-419],[431,80],[-288,778],[270,753],[189,81],[281,-242],[-327,-488],[228,-543],[204,13],[-98,487],[326,127],[84,549],[-103,1271],[355,-95],[936,380],[954,-807],[342,22],[261,-372],[720,5],[271,238],[402,-240],[251,532],[518,-613],[551,198],[1055,-537],[1065,-241],[151,-394],[414,-173],[56,-571],[-194,-553],[1312,-1371],[387,86],[269,629],[408,-163],[429,262],[443,-79],[946,611],[202,432],[466,72],[209,257],[121,740],[424,917],[-443,2700],[-1657,1320],[-293,988],[110,1496],[-473,583],[-46,1641],[-166,92],[-296,-395],[-343,186],[-46,482],[-961,800],[181,720],[-75,644],[-410,594],[-725,483],[-724,1728],[-630,188],[3,1588],[246,1473],[335,316],[234,753],[587,394],[538,-114],[375,671],[1122,153],[266,313],[4,593],[-385,1030],[142,1165],[-533,866],[115,1318],[-286,685],[444,2004],[-14,886],[651,990],[360,-1],[337,1138],[225,84],[32,792],[-279,1001],[884,1460],[248,869],[-586,1027],[309,775],[-45,318],[-344,337],[82,626],[-168,393],[303,472],[-12,454],[520,52],[428,468],[294,-305],[332,467],[698,-296],[-172,842],[170,-330],[213,70],[78,349],[-210,312],[142,76],[731,-507],[80,1065],[343,-400],[123,-641],[243,-294],[690,-275],[644,197],[418,604],[201,1234],[536,-466],[412,272],[494,449],[-61,731],[197,705],[60,-520],[181,-114],[581,710],[388,832],[213,-81],[-249,-562],[164,-336],[391,198],[-60,491],[800,-413],[1194,788],[255,1255],[152,-103],[-31,-687],[141,-193],[166,244],[-62,608],[788,-117],[306,412],[301,82],[378,-474],[-470,-626],[306,-928],[320,893],[389,474],[124,597],[286,-521],[219,-13],[1121,1546],[157,-110],[-179,-654],[160,-296],[264,210],[337,797],[174,3],[70,-1404],[369,-321],[129,283],[-142,1245],[169,214],[105,-1187],[213,-251],[386,151],[34,-900],[255,-430],[232,222],[95,885],[473,-706],[402,-253],[823,637],[475,-168],[-185,-1358],[-494,-585],[45,-369],[430,195],[1193,-98],[407,739],[1027,-639],[148,240],[31,1068],[797,190],[397,-650],[490,548],[1062,-613],[544,410],[326,-77],[212,-269],[-134,-730],[761,-199],[175,551],[-474,557],[329,185],[219,690],[456,-225],[680,708],[183,-530],[396,-240],[631,647],[752,-908],[861,-78],[-119,-776],[503,-541],[-680,-1118],[34,-504],[407,143],[137,-316],[423,-175],[387,1258],[237,141],[503,-768],[158,-807],[209,-16],[217,421],[280,117],[-219,-797],[107,-326],[959,511],[9,-801],[422,-501],[569,403],[818,-384],[349,924],[669,139],[691,826],[335,-566],[639,-253],[298,-709],[618,-731],[280,-58],[432,458],[240,-29],[258,-1030],[334,-246],[379,319],[204,814],[974,552],[533,-225],[346,141],[289,728],[797,940],[543,-110],[772,207],[645,-239],[644,437],[146,425],[-225,576],[132,666],[-153,660],[168,212],[474,-441],[551,90],[22,338],[-474,249],[-308,559],[24,152],[426,-95],[243,556],[620,-145],[158,-771],[251,-294],[267,122],[318,764],[214,25],[296,-965],[308,-181],[703,1010],[-20,724],[300,1016],[303,1],[376,-884],[637,-170],[209,339],[-42,621],[562,719],[-141,878],[410,446],[68,403],[267,-609],[378,298],[473,-508],[604,180],[480,-489],[257,211],[138,960],[529,-257],[249,172],[466,-511],[542,35],[178,-759],[933,-543],[407,322],[-207,224],[23,384],[497,446],[-150,858],[557,361],[431,621],[-203,-739],[152,-454],[493,55],[245,-195],[-594,-1636],[15,-489],[232,-367],[405,31],[480,1691],[832,-341],[742,339],[211,-105],[12,-523],[-494,-200],[-159,-322],[315,-740],[-285,-598],[74,-472],[345,-17],[344,477],[292,-125],[27,-425],[-375,-567],[35,-493],[498,64],[276,-632],[407,-129],[766,-2020],[1294,-158],[-85,-1243],[-479,-429],[-150,-678],[211,-255],[601,313],[434,-99],[-310,-1145],[26,-448],[629,-1024],[272,-91],[205,196],[-420,815],[11,461],[876,-474],[704,1050],[998,523],[151,-114],[252,-561],[-33,-408],[-1018,-264],[-476,-662],[251,-569],[297,49],[357,423],[332,-79],[236,-372],[-31,-231],[-771,-725],[-65,-681],[344,-125],[430,896],[252,-41],[241,-1539],[559,-239],[327,-952],[374,-98],[464,320],[433,-1274],[695,-193],[453,-2265],[214,-194],[565,103],[63,-1293],[230,-51],[616,612],[256,-29],[-28,-504],[-588,-722],[40,-524],[496,-56],[411,-707],[423,-149],[202,300],[-158,669],[118,321],[868,645],[338,-74],[508,-591],[56,-322],[-125,-208],[-492,394],[-216,-203],[209,-798],[-163,-803],[128,-467],[330,-90],[709,950],[857,-1031],[382,116],[268,451],[668,-1518],[18,-780],[-598,434],[-420,-182],[-179,-533],[121,-538],[520,-179],[367,-498],[585,581],[456,-41],[295,-679],[-539,-237],[-137,-472],[341,-359],[1169,234],[-90,-614],[289,-371],[894,558],[413,629],[562,-648],[143,-865],[206,-147],[245,695],[549,77],[549,472],[352,-685],[-288,-581],[-212,-1089],[851,87],[385,-630],[523,473],[79,-1934],[1037,-174],[337,175],[238,-183],[-138,-926],[366,-543],[506,19],[231,552],[-132,346],[-445,213],[-14,273],[759,345],[709,-461],[407,332],[55,538],[-477,171],[344,748],[404,-299],[513,26],[29,-1016],[438,-218],[510,59],[440,393],[-4,452],[-456,681],[123,304],[302,96],[613,-704],[466,256],[190,372],[-44,346],[-1265,603],[638,484],[-118,861],[160,299],[727,-118],[1106,978],[643,25],[464,-467],[524,465],[524,-380],[492,787],[917,145],[634,-241],[212,-428],[-169,-471],[-892,-604],[-68,-564],[310,-851],[225,-29],[-21,871],[145,238],[858,-1216],[139,149],[-20,820],[1213,-4],[270,-537],[-362,-814],[334,-461],[734,242],[124,594],[368,246],[778,1354],[848,-43],[142,-261],[-87,-361],[-764,-23],[-350,-382],[58,-515],[438,-510],[270,-858],[-110,-432],[-454,-55],[-121,-381],[94,-520],[244,-245],[241,343],[179,-31],[87,-1743],[369,-36],[389,-590],[607,-200],[-708,-1428],[-11,-543],[427,-462],[620,682],[392,35],[240,-534],[-458,-925],[302,-490],[247,120],[111,789],[240,327],[795,-654],[535,-55],[1372,919],[450,906],[387,-101],[418,-553],[335,-2],[470,1230],[1286,1137],[787,-1371],[495,405],[542,-666],[318,200],[10,1218],[108,68],[445,-730],[104,-2403],[222,-552],[265,-200],[432,149],[643,-163],[223,581],[-206,544],[224,37],[89,-1357],[143,-292],[542,125],[453,-364],[459,109],[383,-467],[370,188],[122,579],[-121,325],[-662,474],[-3,476],[213,235],[220,-13],[288,-516],[524,-162],[521,992],[766,214],[-6,-430],[-526,-578],[11,-452],[1225,-704],[129,113],[-62,647],[307,-200],[263,157],[86,813],[474,295],[190,932],[359,230],[357,-347],[330,-890],[-81,-207],[-462,145],[-451,-245],[155,-782],[-215,-528],[42,-427],[239,-81],[370,421],[441,145],[529,631],[68,-1291],[832,-883],[201,17],[121,694],[381,-538],[325,-25],[1138,933],[144,-857],[404,-971],[-352,-2245],[367,-1986],[357,-81]],[[465355,236732],[-1482,1658]],[[463873,238390],[-195,-1316],[-6560,1424],[306,2799]],[[457424,241297],[-1228,264],[446,4053]],[[456642,245614],[316,-237],[341,-662]],[[457756,244489],[764,7652],[11159,-2284],[-171,-211],[106,-125],[-205,-899],[-122,-13],[136,-501],[-176,-44]],[[469247,248064],[94,-243]],[[469341,247821],[-157,-219],[-43,-411],[132,-63],[-131,-246],[496,-515],[-34,-788]],[[469604,245579],[580,-781],[-122,-141]],[[470062,244657],[287,-652],[570,-223]],[[470919,243782],[162,-466],[-111,-485],[-441,-341],[203,-390],[74,-1008],[-114,-39],[82,-286],[-246,-557],[-65,-785],[279,-629],[-52,-692],[221,-385],[-44,-604],[446,-460],[-110,-81],[194,-338],[318,17],[182,-300],[291,80]],[[472188,236033],[198,-538],[-3617,495],[-3414,742]],[[438895,277093],[361,-433],[120,-473]],[[439376,276187],[241,-22],[-44,-667]],[[439573,275498],[436,-465],[206,-1039],[513,-721],[-211,-299],[-475,-47],[73,-364],[-276,-746],[189,-225],[104,130],[132,-330],[209,203],[273,-121],[-210,-1087],[136,-326],[464,-71],[-60,-1486],[-294,-386],[358,-182]],[[441140,267936],[-216,-805],[429,-2297]],[[441353,264834],[-240,-262],[-1874,293],[-857,1559],[-594,-607],[-210,-940],[-152,47]],[[437426,264924],[-250,-483],[141,980]],[[437317,265421],[-695,815]],[[436622,266236],[-207,1371],[198,388],[495,351],[-36,733],[-291,194],[-603,-214]],[[436178,269059],[-469,704],[-526,114]],[[435183,269877],[103,952],[-112,130],[-372,-55],[-971,-1144],[-218,-785]],[[433613,268975],[424,-560],[-175,-612],[-856,-11],[-495,-741]],[[432511,267051],[-888,562],[-177,802],[336,714],[-24,560],[-612,499]],[[431146,270188],[137,1022],[-383,1400],[2689,5027]],[[433589,277637],[1976,2016],[1112,326]],[[436677,279979],[530,-1012],[-76,-436],[255,180],[112,-288],[415,-24]],[[437913,278399],[139,-235],[-147,-191],[112,-405],[241,146],[379,-599],[258,-22]],[[328751,291748],[-788,37],[-411,568],[74,1290],[-223,596],[18,1658],[-408,988],[-1180,984],[-354,1738],[246,2138],[501,-99],[247,2819],[1252,-245],[-168,809],[453,-50]],[[328010,304979],[359,741],[836,-304]],[[329205,305416],[19,258],[246,-48],[21,239],[517,14],[-15,981],[571,-505],[-42,2014],[1043,448]],[[331565,308817],[-48,2005],[-2034,2817]],[[329483,313639],[-47,1150],[297,859],[-198,1965],[411,3645],[-147,876]],[[329799,322134],[344,3225]],[[330143,325359],[5416,-1073],[-92,467]],[[335467,324753],[299,-57],[163,-345]],[[335929,324351],[3727,-863],[-244,-500],[1729,37],[173,130],[418,4211],[1420,-1205],[113,442],[275,-73],[48,412],[295,-76],[-49,-409],[180,-73],[716,499],[331,553],[698,153],[382,965],[163,1414],[469,-281],[-72,1148],[391,305],[1150,-310],[234,843],[415,245],[12,670],[497,547],[-471,1027],[2065,-424],[22,256],[755,-133],[125,339],[545,279],[351,939],[376,-96],[283,518],[851,-208],[412,472],[359,-118],[281,159],[335,-395],[394,596],[251,-146],[395,329],[308,-127],[937,438],[447,739],[368,108],[21,295],[524,-98],[-323,-2083],[3051,-645],[157,1420],[848,-80],[269,-124],[1515,-2226],[1414,314],[577,-100],[1646,-1331],[758,-145],[98,-332],[455,215],[-70,285],[369,-317],[-327,1356],[536,180],[60,551],[1255,1852],[412,1355],[131,-41],[-84,646],[194,567],[213,-136],[206,-594],[561,-14],[123,-739],[805,255],[413,-855],[790,-893],[-276,-627],[-130,112],[-105,-1049],[177,-24],[-37,-369],[547,-114],[-3,-672]],[[375559,333482],[7727,-2799]],[[383286,330683],[179,-427]],[[383465,330256],[-26,-861],[336,-337],[71,-397],[436,-341],[427,377]],[[384709,328697],[393,1260],[395,-132],[813,169],[260,358],[407,-445],[829,2248],[451,567],[266,-149]],[[388523,332573],[120,1501],[260,221],[322,-168]],[[389225,334127],[217,-533],[-306,-1461],[-1148,-11197],[1173,-2024],[-182,-1786],[96,-852],[-251,-954]],[[388824,315320],[-440,-618],[6,-677]],[[388390,314025],[312,-734],[-255,12],[-61,-250],[144,-103],[-263,29],[-71,-447],[-172,40],[-178,-358],[-40,-447],[238,-118],[-68,-231],[2746,-593],[-29,-262],[8046,-1561]],[[398739,309002],[-354,-461]],[[398385,308541],[-185,31],[-82,-494],[-218,-166],[-694,-1794],[-365,-89],[-138,-410],[81,-1402],[-473,-912],[186,43],[41,-242],[-327,-156],[89,-260],[-183,-503],[-307,-178],[-253,-606],[85,-712],[-280,194],[-343,-708],[208,-227],[-81,-370],[207,-96],[-194,-268],[245,-260],[80,-640],[113,18],[-157,-524],[88,-284],[-346,-868],[-137,22],[-116,-664],[-289,-348],[263,-248],[-204,-69],[-86,-1181],[212,-804],[-169,187],[-54,-598],[-246,-182],[118,-169],[-122,-625],[294,-248],[-230,-452],[241,-1243],[-118,-204],[255,-510],[-214,-344],[31,-383],[233,-263],[-213,-44],[116,-380],[-244,238],[-307,-264],[84,-302],[285,-88],[-296,-286],[281,-193],[-129,-332],[-226,348],[-355,-563],[236,-315],[-16,-175],[-218,112],[217,-1346],[256,-50],[-199,-292],[372,-1169],[-373,-1029],[305,-339],[231,-1298],[-470,-332],[-1451,-124],[-347,114],[-365,688],[-561,-257]],[[391457,280654],[-2634,-25760]],[[386296,250078],[-210,154],[-45,552],[-849,1096],[-436,-634],[-240,1166],[-689,1035],[132,2449]],[[383959,255896],[-328,295],[-6,578],[-227,473],[333,356],[-114,430],[126,485],[-413,158],[-279,577],[231,404],[-98,934],[-498,-60],[-262,312],[-169,-172],[-235,349],[-113,438],[230,123],[-24,687],[-332,-764],[-471,-1997],[-4119,850],[-782,-6231],[-181,-426],[-106,347],[-597,307],[-264,-444],[50,-214],[-239,64],[13,376],[-260,-363],[-359,154],[4,198],[-315,-85],[1,-299],[-232,-5],[-95,-224],[-529,472],[-453,-170],[-202,377],[77,298],[-309,-9],[-173,344],[-87,-114],[-411,819],[-153,-237],[-697,94],[-1,326],[-252,-62],[-267,621],[70,247],[-145,-52],[-346,420],[-275,-24],[196,1808],[-3423,695],[-171,832],[-1721,385],[-116,-565],[-995,216],[39,383],[-549,82],[-110,-430]],[[362826,260263],[-1730,330]],[[361096,260593],[152,498],[-9860,1829],[-729,-229],[60,-656],[-120,-171],[-6885,1396],[-624,-7053],[-544,1174],[-3571,679],[-3125,-8],[-1114,-943],[-2354,33],[60,809],[-2151,-76],[-1,1597],[-1050,9],[-1193,875],[188,775],[-136,628],[-648,641],[295,573],[7,911],[-140,-2],[-118,-417],[-132,70],[-674,1300],[-504,249],[-222,556],[-178,-464],[24,-751],[158,-235]],[[325967,264190],[-57,-234],[-135,61],[-658,880]],[[325117,264897],[196,395],[-85,269],[-181,-180],[-164,625]],[[324883,266006],[-746,598],[-78,780],[472,263],[693,-345],[481,1341],[360,15],[64,450]],[[326129,269108],[-603,-89],[179,1037],[215,170],[-278,79],[-90,1260],[49,241],[153,-2],[383,-313]],[[326137,271491],[182,281],[-129,538],[-768,828]],[[325422,273138],[267,264],[-299,463],[114,311],[-181,380],[172,738],[-424,92],[79,939],[341,-179],[-351,902],[248,4],[36,-191],[360,301],[-616,592],[-593,1445],[-112,37],[-53,-340]],[[324410,278896],[-389,113],[19,226],[1074,153]],[[325114,279388],[205,-505],[411,-216],[490,522],[1479,80],[419,561],[679,-195],[1385,347]],[[330182,279982],[138,2378],[518,534]],[[330838,282894],[508,4015],[-1135,159],[-1709,675],[-400,396],[-623,1288],[1458,381],[982,1492]],[[329919,291300],[-247,71],[-921,377]],[[458829,192460],[277,-812],[186,132],[2959,-6597],[531,853],[680,-311],[924,619],[487,-78]],[[464873,186266],[741,2492]],[[465614,188758],[2524,-3378],[3766,-306]],[[471904,185074],[-35,-1560]],[[471869,183514],[1231,-1974],[376,-318]],[[473476,181222],[2694,-582],[-32,-350],[-156,33],[-134,-276],[445,47],[9,-297],[-137,-41],[153,-828],[-312,109],[62,-727],[672,-630],[263,-673],[-1288,-935],[133,-320],[-221,3],[-265,-926],[-772,-1497],[-1589,-2119],[-421,-1583],[-91,-1255],[89,-550],[666,-50],[14,-382],[-233,-257],[-26,-1006],[-241,-206],[-49,-1283],[-1866,514],[-18,754],[-517,639],[-19,498],[-135,179],[-12,-674],[-401,-278],[-370,280],[312,-337],[-206,-277],[220,-379],[141,-1135],[226,29],[54,-283],[-170,-188],[157,26],[107,-382],[-218,-748],[-287,346],[-82,-137],[313,-1297],[-303,-492],[-410,608],[137,-751],[233,-750],[327,-162],[-89,-542],[138,-343],[702,-633],[198,-715],[922,-307],[102,-526],[344,-482],[-608,-1823],[18,-1712],[603,-1273],[504,-149],[-193,-369],[5,-550],[-794,-349],[-418,236],[-544,747],[-503,200],[-353,1190],[-493,191],[-118,-1240],[-879,239],[-87,-549],[1244,-257],[397,-396],[576,-140],[431,-523],[814,-331],[394,-1043],[53,-665],[-163,-385],[429,-359],[-10,-419],[547,51],[200,-178],[124,-1096],[384,-518],[-257,-149],[301,-15],[26,330],[142,25],[-20,-696],[-1320,482],[-1343,98],[-2783,1513],[-1411,479],[-786,-85],[-1414,691],[-1299,201],[-790,367],[-483,-56],[-469,-331],[-110,-313],[-338,89],[-571,-328],[-499,-1128],[-1740,-307],[-1866,-2573],[-307,-1127],[258,-308],[-278,-421],[-1114,58],[-690,-421],[-317,-442],[-753,-44],[-139,-750],[-229,-11],[68,-134],[-324,-581],[50,-349],[-633,-970],[108,-507],[-849,-1614],[-84,-1815],[-599,-1094],[-180,-960],[104,-941],[783,-852],[-207,-476],[-508,746],[-993,8],[-347,580],[-400,99],[-286,-309],[-1303,-544],[-308,-355],[-519,341],[-201,-325],[-339,108],[-477,-348],[-146,-485],[-219,30],[-15,-174],[-333,-16],[-290,546],[-412,169],[-912,-22],[-693,-463],[-184,210],[-262,-79],[-678,-528],[87,-742],[-792,178],[118,-556],[-557,442],[-95,-197],[-746,-87],[-45,-219],[-639,74],[99,445],[-512,376],[-31,475],[-387,203],[-526,-362],[-408,157],[-136,-245],[-760,24],[-682,-936],[215,-370],[-162,50],[-104,-258],[-212,706],[80,335],[-337,566],[158,473],[-120,906],[276,1278],[-1096,1803],[-820,2071],[-2544,3524],[-873,1657],[-4398,5728],[-873,1439],[-257,156],[-166,328],[120,174],[-439,56],[-1430,2162],[-452,337],[-38,496],[-329,-108],[-443,768],[-754,559],[-105,724],[-982,810],[24,330],[-276,506],[57,285],[-287,-100],[-102,240],[-210,-221],[-40,381],[-440,304],[-487,908],[-301,-100],[-1690,1696],[-2146,1737],[-240,635],[-382,146],[-753,996],[-354,-47],[-152,527],[-406,117],[-410,850],[-231,201],[-204,-132],[-20,299],[-1135,1251],[-18,386],[151,46],[259,-699],[1328,-576],[1444,565],[2732,-1935],[277,-494],[915,-196],[368,205],[467,-553],[1223,-361],[539,-411],[96,-1348],[257,-606],[389,-237],[-154,-452],[157,-344],[520,-507],[868,-422],[163,-415],[417,-240],[-132,-538],[106,-480],[389,-547],[867,-596],[4044,-1406],[374,-335],[1569,-331],[1343,22],[2108,587],[5163,2723],[1887,713],[1550,1213],[905,406],[3230,2621],[1354,1725],[614,1258],[253,1304],[-473,882],[-692,378],[-123,417],[1177,2608],[697,1040],[176,1284],[747,142],[813,1042],[1135,2200],[295,1277],[-97,774],[133,715],[-109,758],[-213,158],[101,1244],[-122,258],[378,18],[309,548],[11,973],[194,300],[-124,832],[161,105],[26,-493],[349,-36],[433,349],[421,-66],[909,1371],[948,985],[1064,2404],[297,1636],[490,914],[19,382],[608,491],[473,1443],[323,181],[251,-308],[492,350]],[[437627,128505],[4,58],[66,-8],[-9,-79],[-61,29]],[[437678,128631],[20,-34],[-1,-9],[-50,67],[31,-24]],[[437555,128536],[12,58],[68,39],[-44,-92],[-36,-5]],[[436250,128503],[-19,34],[12,30],[20,-7],[-13,-57]],[[435631,127176],[-24,91],[113,22],[4,-170],[-93,57]],[[435576,126762],[34,-29],[-61,-39],[-5,54],[32,14]],[[435321,127765],[-18,13],[35,24],[6,-15],[-23,-22]],[[435298,128283],[-2,31],[30,5],[-7,-34],[-21,-2]],[[435301,128193],[-15,20],[29,4],[-4,-19],[-10,-5]],[[435286,127846],[-12,16],[13,12],[10,-13],[-11,-15]],[[435272,128092],[-18,8],[1,15],[23,4],[-6,-27]],[[435226,127966],[-46,34],[12,61],[58,-37],[-24,-58]],[[435155,128044],[1,58],[32,6],[-1,-33],[-32,-31]],[[424402,147812],[-2,41],[21,13],[10,-57],[-29,3]],[[419172,155080],[30,36],[44,-17],[-17,-20],[-57,1]],[[419208,154619],[-31,14],[3,15],[22,10],[6,-39]],[[419140,154826],[-15,21],[9,27],[34,-23],[-28,-25]],[[419158,154583],[-12,17],[13,19],[8,-20],[-9,-16]],[[419112,155058],[-1,42],[27,23],[-7,-46],[-19,-19]],[[418690,155355],[-7,25],[10,25],[18,-17],[-21,-33]],[[418463,155743],[1,30],[28,35],[-8,-51],[-21,-14]],[[418173,156185],[4,-25],[-10,-4],[-5,24],[11,5]],[[335899,407708],[-656,930],[-267,1151],[-668,806],[-220,664],[-8200,1597],[-424,-476],[443,4444],[-1931,384],[217,2364],[-5947,1081],[329,23],[255,388],[-211,974],[337,337],[-57,506],[-218,156],[205,987],[552,270],[469,-203],[181,567],[-105,437],[614,75],[893,1424],[-21,207],[-453,343],[8,583],[-385,1307],[-396,525],[132,807]],[[320375,430366],[-364,476],[815,1044]],[[320826,431886],[395,1205],[612,155],[34,1150],[436,500],[-185,585],[95,519]],[[322213,436000],[1113,-193]],[[323326,435807],[148,1512],[1143,-205],[447,301],[-240,622],[196,1701]],[[325020,439738],[36733,-7646]],[[361753,432092],[19,-414],[590,241],[251,-1656],[1102,-3787],[239,150],[6102,-1390],[295,2774],[1249,-264],[160,-493],[1130,91],[6258,-1280],[-157,-452]],[[378991,425612],[228,12],[204,-432],[221,36],[304,813],[401,-69],[135,-416],[493,6],[364,2255],[-143,477]],[[381198,428294],[215,306]],[[381413,428600],[-267,806],[364,561],[3,546],[410,928],[334,362],[486,-84],[263,-759],[-101,-504],[634,-488]],[[383539,429968],[259,-609]],[[383798,429359],[-6,-537],[464,-214]],[[384256,428608],[246,262],[214,-1192],[407,245],[-10,303],[523,1140],[465,-279],[-24,-266],[213,-236],[443,-6],[166,-301],[525,-58]],[[387424,428220],[195,612],[215,-730]],[[387834,428102],[561,-334],[-358,-510],[43,-506],[568,-158],[346,-438],[238,499],[302,-886],[577,44],[161,-351],[-170,-486],[258,-235],[-97,-253],[191,-13],[99,-473],[706,-452],[59,-1100],[532,859],[-473,850],[137,184],[745,-1842],[936,-913],[-1508,-14402],[3487,-712],[-390,-650]],[[394784,405824],[2637,-524],[167,-584],[-174,-830]],[[397414,403886],[-567,19],[-251,-470],[334,-1105],[-175,65],[-72,-203],[-135,-1403],[189,-95],[22,-434],[476,-367],[-488,39],[114,-447],[-151,81],[-3,-464],[-426,-362],[191,-327],[-130,-789]],[[396342,397624],[-395,42],[-70,-186],[215,-456]],[[396092,397024],[186,35],[-231,-439],[363,-396],[-33,-690]],[[396377,395534],[654,-613],[465,-1534],[-149,-196],[-269,162]],[[397078,393353],[99,-490],[-177,-14],[-140,-936],[-394,-619],[-254,-1538],[-491,-610],[15,-1125],[-269,-211],[60,-5117],[-607,-222],[-830,785],[-16305,3305],[-58,-1319],[630,-608]],[[378357,384634],[219,-1144]],[[378576,383490],[-3237,662],[-865,792],[-431,-673],[-288,-115],[-16,-407],[-345,958],[-3949,638],[-878,-8583],[-359,85],[-486,-287],[-146,679],[-2024,407],[23,-218],[-423,98],[9,188],[-6838,1337],[-133,457],[-217,-366],[-400,64],[588,5643],[-325,75],[-258,-262],[-256,253],[-15,-220],[-444,-62],[-78,410],[-505,231],[-1869,208],[42,411],[-1221,-305],[11,147],[-2741,525],[104,1068],[-2925,595],[36,356],[-317,-344],[-2119,482],[-254,-2370],[-229,-591],[-254,-2358],[151,-36],[-68,-783],[-492,-4423],[-312,71],[-124,-1110],[827,-519],[-285,-1348],[123,-1444],[-608,-2310],[426,-1476],[-97,-971],[-95,-502],[-743,196],[-26,295],[-529,-176],[-1000,-1077],[-482,-1475],[108,-1265],[-326,340],[51,708],[-342,443],[-632,153],[-239,-199],[-193,659],[-163,-669],[-348,-95]],[[339126,366085],[36,162],[-88,263]],[[339074,366510],[28,-281],[-206,-128],[-25,431],[-269,-88],[-431,646],[-377,-15],[-65,462],[-259,-182],[-282,284],[108,347],[-102,479],[-724,1330],[151,175],[281,-142],[191,502],[-30,258],[-275,221]],[[336788,370809],[-109,664],[-334,-262]],[[336345,371211],[-213,699],[-513,247],[-363,-308],[-137,450],[-319,13],[76,554],[-392,-348],[-279,427],[-442,-73],[-1292,1480],[-53,484],[-305,389],[76,405]],[[332189,375630],[-141,597],[-336,1371]],[[331712,377598],[-320,437],[10,578]],[[331402,378613],[-155,296],[119,425],[296,175],[129,849],[253,185],[-90,493]],[[331954,381036],[296,519],[359,102],[282,1184],[-109,637],[-266,86],[38,370],[209,94],[-288,401],[216,741],[334,236],[-43,994],[-200,531],[142,1280],[-862,1705],[335,474],[315,1351],[204,218],[-203,1091],[188,1165],[-106,339],[389,970],[-203,633],[261,625]],[[333242,396782],[-135,677],[555,640]],[[333662,398099],[37,946],[225,204],[287,-289],[382,-1157]],[[334593,397803],[189,-65],[274,699]],[[335056,398437],[-72,701]],[[334984,399138],[502,1017],[939,414],[542,1138],[1156,222],[390,463],[-12,1204],[-282,1076],[-473,860],[-600,330],[-1045,633],[-202,1213]],[[96466,212350],[87,874],[-342,338],[-132,606],[-471,860],[37,460]],[[95645,215488],[-479,822],[108,980]],[[95274,217290],[1047,2269],[512,2309],[-21,4749],[-1605,4639],[-335,3515],[1040,1461],[752,341],[3305,-1669]],[[99969,234904],[905,-160],[90,348],[483,211],[923,-387]],[[107602,231138],[3131,-2142],[631,422]],[[183098,260279],[457,366]],[[183555,260645],[2944,-776],[1021,4],[565,-240],[415,-530],[180,396],[1156,-252],[-919,-2597],[4095,-909],[5334,2953],[878,1289],[9091,-1815],[282,2757],[2060,-399],[68,672]],[[210725,261198],[470,-87],[1533,-298]],[[212728,260813],[-457,-4484],[450,-950],[2575,3850],[2303,1830],[385,1135],[322,112],[536,-413],[428,238],[1428,2334],[1230,453],[2488,2769],[309,4],[2178,1405],[1044,-222],[-398,-3902],[1278,-355],[1184,-778],[-430,-4200],[1488,-300],[389,-1404],[1528,-302],[212,2059],[1358,-272],[1957,-2638],[1326,-817]],[[237839,255965],[-29,-915],[-317,22]],[[237493,255072],[-59,-284]],[[237434,254788],[559,-768],[-855,50]],[[237138,254070],[36,-665],[-175,-349],[131,-395],[-344,-60],[-784,-938],[-274,103],[-280,-192],[-140,-1091],[-385,-367],[139,-1118],[270,-578],[-316,-696],[103,-434],[633,-172],[222,572],[410,-618],[293,498],[65,-549],[353,-159],[235,-440],[-395,368]],[[236935,246790],[-969,332],[-689,-1026],[-740,-37],[-244,-246],[259,-397]],[[234552,245416],[-107,-391],[228,1],[292,-670]],[[234965,244356],[-535,-17],[-310,-408],[831,-449]],[[234951,243482],[339,-814],[-166,-237],[133,-60],[-46,-382]],[[235211,241989],[161,133],[108,-455],[868,791]],[[236348,242458],[169,-559],[181,166]],[[236698,242065],[246,-313],[-372,-982]],[[236572,240770],[-325,-144],[-305,-509],[62,-478],[-252,-554],[-386,-229],[434,-485],[-498,-583],[-566,104],[-421,-361],[404,-728],[-247,-443],[-7,-531],[408,-244],[-24,-622],[460,-965],[-365,-277],[-19,-214],[-430,-155],[121,-746],[-285,-415],[-443,-59],[-89,-664],[-730,-85],[-272,-329],[-454,605],[-89,-554],[-401,-223],[15,-1252],[206,-198],[-115,-502],[-103,-283],[-528,-102],[-405,-1086],[136,-268],[343,4],[179,-503],[-605,-212],[-119,-506],[-109,456],[-121,-189],[67,-401],[-293,167],[-254,-522],[161,-988],[633,-363],[29,-314],[388,250],[76,-253],[270,-7],[37,-178],[-351,-489],[304,-268],[-661,-815],[143,-393],[-133,-293],[-461,-10],[-186,-398],[-519,458],[-336,-290],[533,-1007],[-240,-771],[-199,13],[250,-545],[-222,-118],[-113,317],[-68,-149],[23,-678],[374,-8],[-182,-518],[113,-145],[-216,17],[-1,-195],[477,-2],[-163,-487],[-252,-219],[-597,323],[-484,-869],[-264,101],[307,-648],[-167,86],[-61,-390],[-342,98],[-459,-365],[-21,-852],[188,-476],[739,-604],[547,-114],[-39,-323],[-500,-708],[-737,-323],[-226,-584],[-721,-718],[-766,-192],[-824,-1661],[356,-766],[-321,-551],[187,-66],[-155,-235],[388,-409],[-48,-464],[169,-298],[464,-127],[-49,-215],[430,-1093],[-207,-748],[154,-737],[-220,-375],[415,-782],[-52,-1137],[602,-933],[-63,-604],[162,-221],[102,182],[122,-635],[585,-648],[-180,-250],[-13527,2713],[-642,-5698],[409,-496],[391,-1882],[-152,-2646],[-571,-3010],[-836,145],[-2720,-857],[-1569,252]],[[208852,185829],[-2117,-19367]],[[206735,166462],[-1202,-265],[130,-1017]],[[205663,165180],[-82,-708],[316,-1074]],[[205897,163398],[149,392]],[[206046,163790],[256,29],[331,-168],[270,-560],[586,500]],[[207489,163591],[235,663],[241,-324],[121,-614]],[[208086,163316],[193,60],[220,203],[50,431],[605,725]],[[209154,164735],[243,-188],[944,233],[-237,-911],[119,-229],[477,480],[166,-427],[486,486],[245,-172],[159,514],[1011,169],[-3600,-33705],[1952,-409],[372,-505],[51,459],[3423,-711],[-1069,-390],[-97,-605],[-495,61],[-581,-489],[-327,401],[-318,-482],[-674,332],[-245,-1261],[-803,-128],[45,-785],[-567,-454],[278,-694],[-48,-288],[-1377,-174],[-301,-1091],[-698,-202],[433,-1159],[-323,-773],[88,-1196],[-343,-507],[1621,-2358],[681,-173],[-24,-1159],[773,-968],[713,-380]],[[211307,114897],[369,-717],[-132,-975],[340,-690],[-224,-492]],[[211660,112023],[118,-715],[658,-1882],[80,-789],[298,-508]],[[212814,108129],[481,-301],[-499,-1106],[38,-376],[-259,-297],[-563,-43],[96,213],[-215,-22],[-10,794],[-385,267],[-217,-42],[-116,-377],[-566,13],[24,285],[-317,-203],[127,304],[-182,392],[170,39],[-131,226],[182,316],[-647,786],[-69,486],[-276,128],[-112,-267],[-114,251],[-79,-187],[3,244],[-171,-112],[-75,334],[-593,514],[-821,-155],[-458,225],[-353,446],[176,117],[-85,184],[207,94],[28,348],[-133,225],[-270,-35],[46,277],[-212,392],[-462,-27],[-300,-557],[-52,469],[-894,1061],[-372,-22],[-176,-478],[-232,117],[-21,-154],[-525,394],[77,497],[-540,-307],[-119,469],[-304,-50],[-370,757],[-501,327],[17,172],[-223,-69],[137,422],[-336,-138],[-358,785],[-447,239],[-945,1280],[-374,2],[-357,507],[20,246],[-492,336],[-271,665],[-1372,1577],[-1565,2244],[-872,948],[-522,294],[-213,472],[-689,-111],[83,568],[-634,648],[100,609],[-244,-211],[-344,121],[-42,662],[-395,250],[-287,686],[-516,374],[-217,-302],[72,357],[-330,-175],[186,628],[-299,-240],[-120,514],[-276,-243],[-276,254],[-568,1033],[-1694,1819],[-363,639],[-1998,2142],[-459,103],[-165,438],[-506,306],[-107,541],[-686,500]],[[166758,164686],[-143,-1402],[-1492,-502]],[[162019,151908],[-1990,1889],[-3539,2536],[-2095,-126],[-1075,-230],[-753,-408],[-191,-439],[82,-308],[-188,-215],[-722,256],[-1221,-557],[-429,554],[-413,152],[-1041,-733],[-637,52],[-893,-879],[-26,-404],[-209,603],[-436,199],[-782,3],[-1283,-437],[-1168,-1095],[-741,-1501],[-144,-842],[104,-1080],[296,-305],[494,266],[-115,-405],[380,79],[174,-254],[-1124,-1019],[-371,362],[165,467],[-556,-682],[-391,234],[54,220],[-158,178],[-430,-75],[-356,225],[-227,-347],[-221,262],[-353,-27],[-147,-419],[-211,-75],[-387,103],[-124,287],[-350,-187],[-222,216],[-87,-198],[-872,-285],[-385,244],[-380,-49],[-60,215],[-155,-336],[-239,538],[-700,322],[59,-280],[-172,-61],[-647,399],[-809,-330],[-103,180],[-257,-229],[-909,320],[-153,-307],[-682,445],[-168,-365],[-251,944],[-776,1133],[-751,130],[-311,534],[-299,-142],[-495,722],[-738,514],[-800,14],[16,296],[-853,868],[-2718,1856],[-1586,1580],[-1040,1353],[-626,408],[-810,1276],[-2520,2916],[-4010,3615],[-4256,3124],[-3805,2026],[-240,315],[4,-240],[-406,96],[-1663,835],[-1701,382]],[[100695,172780],[3,10350],[-2068,-86],[-9,7100],[11,5738],[2049,1],[-6,6097],[-1988,5142],[-14,1191],[-504,139]],[[98169,208452],[-82,417],[-1621,3481]],[[473766,388772],[-333,1097],[-109,1064]],[[473324,390933],[208,266],[144,-803],[1272,-1258],[-1,471],[104,-361],[914,409],[535,1208],[1168,-229],[587,-1098],[653,-232],[15,680],[618,191],[0,1829],[285,703],[129,667],[-126,294],[357,1072],[45,788],[-251,839],[82,805],[-112,524],[1647,-4],[134,-792],[1851,-15],[-37,660],[246,-289],[954,424],[1110,-9],[5,-315],[1248,-6],[331,360],[8,362],[1146,4],[21,1270]],[[488614,399348],[638,-579],[17,1752]],[[489269,400521],[269,0],[2,1700],[1996,-21],[6,6283],[903,841],[494,170],[393,568],[240,969],[481,153],[1088,910]],[[495141,412094],[473,650],[-198,3024],[414,170],[146,-205],[-119,-252]],[[497400,414386],[106,-669],[359,-12],[800,608]],[[500003,412783],[2258,-328],[82,547],[390,492]],[[515276,427618],[38,623],[506,5]],[[519749,427726],[344,-395],[-164,-1297]],[[519929,426034],[303,-1498],[-71,-967],[530,-1592],[229,-15],[198,-672],[1395,-422],[-92,-612],[1686,-464],[-525,-3608],[814,-250],[-64,-410],[1112,-303],[349,-3068],[1247,-1101],[-680,-1466],[245,-217],[-257,-17],[2134,-1923],[2,-316],[1003,4],[-3,-664],[339,146],[2380,-312],[679,-1715],[325,-317],[66,-494],[438,-663],[598,-2879],[492,-213],[870,-1395],[918,-393],[641,-1308],[487,-205],[232,-409],[592,-258],[466,120],[458,1021]],[[539465,397179],[222,-34],[593,-735],[275,-93]],[[540555,396317],[726,-1289],[874,-389],[115,574],[756,491],[109,-482],[2513,-181],[670,-1504],[432,-11]],[[546750,393526],[-177,-671],[348,-22],[18,-479]],[[546939,392354],[-409,-731],[-45,-650],[175,-542],[-21,-1110],[228,-630],[-991,-1547],[-447,317],[-187,534],[-378,-384],[-513,177],[-401,773],[-57,834],[-265,308],[156,-592],[-231,-437],[-408,77],[-479,466],[615,-792],[392,-108],[-94,-503],[793,-506],[139,-618],[-226,-692],[193,-435],[-149,-357],[692,-334],[245,-428],[-65,-240],[-249,-70],[-679,153],[-507,-623],[-603,304],[-221,-364],[-366,115],[-216,-326],[-625,-13],[251,-286],[-7,-537],[453,295],[378,-141],[231,299],[1058,487],[472,-223],[195,-1138],[546,-863],[-1369,-886],[-422,-640],[917,696],[7,-908],[207,295],[-1,794],[664,267],[627,-349],[-234,-610],[141,-462],[-227,-808],[147,285],[472,199],[745,-419],[386,961],[543,-266],[412,-1032],[625,-146],[250,-968],[-351,-331],[247,-201],[17,-409],[783,-114],[537,-436],[228,-1196],[777,-493],[179,617],[346,-83],[1283,-865],[1241,-1396],[521,-70],[303,-681],[691,-848],[-747,-1398],[-411,-309],[157,-782],[-82,-399],[458,-329],[-102,-951],[301,-649],[-133,783],[256,828],[-333,1183],[157,277],[206,-45],[7,638],[494,715],[925,775],[337,29],[1183,-611],[34,1721],[189,435],[241,100],[274,-387],[50,-1476],[1118,-383],[155,109],[-12,-900],[347,-445],[-175,-325],[345,-107],[212,-363],[-522,-486],[662,-183],[-92,-416],[126,-212],[-65,-288],[-536,-517],[-78,-413],[-386,112],[-40,-329],[323,-163],[-158,-412],[409,181],[-380,-1478],[66,-825],[343,18],[-60,-471],[234,189],[46,-416],[334,202],[48,-481],[419,-600],[-41,-287],[503,-203],[-96,-385],[193,-128],[-482,-978],[-245,-179],[295,58],[479,714],[38,-296],[163,406],[203,-197],[-258,-392],[212,-128],[-98,-1453],[845,-1363],[-93,-451],[214,345],[294,-590],[413,-245],[-259,-346],[145,-1291],[384,-687],[463,-314],[59,-708],[256,105],[439,-1485],[450,-384],[-466,-645],[-658,131],[11,-524],[484,-1553],[-302,3],[-238,-381],[-313,-59],[-22,-505],[234,-737],[-424,-288],[592,-358],[134,-597],[-115,-680],[661,300],[375,-1321],[-282,-450],[-305,216]],[[565990,343206],[52,-650],[508,305],[222,-268]],[[566772,342593],[-443,-594]],[[566329,341999],[69,-410],[1319,-463]],[[567717,341126],[-382,-763],[478,-205],[-74,-335],[205,38],[22,-841],[186,488],[158,-49],[-24,-832],[245,209],[83,-515],[362,211],[6,-748],[-226,-428],[468,221],[127,-1386],[412,-321],[69,-578],[793,-431],[96,-619],[453,-629],[104,-1221],[693,-1038],[157,-1108],[473,-65],[750,-918],[251,-1309],[323,-322],[245,162],[666,-1180],[-96,-753],[-767,-1151],[-112,-603],[269,-1319],[-31,-577],[211,-283],[526,-3062],[331,-847],[21,-812]],[[575188,317207],[812,-2392],[341,-331]],[[576341,314484],[190,322],[223,-515],[364,25],[713,791],[532,-308],[294,-553],[452,-47]],[[579109,314199],[428,-547]],[[546666,314147],[-764,1080],[5,477],[-623,1917]],[[544556,317782],[283,-2233],[-472,-472]],[[541820,316685],[148,-893],[-425,-415]],[[540806,314215],[-274,19]],[[530121,307503],[-256,14],[-206,-367]],[[494397,314294],[24,954],[-132,62],[-1564,-173],[-140,-1833],[-919,-824]],[[491181,312703],[-325,-706],[-350,276]],[[488840,311621],[-2282,788]],[[474517,322744],[191,1935]],[[472980,325337],[-354,331]],[[472626,325668],[276,2789],[510,-97],[-182,807],[693,1398],[-14,978],[269,1218],[1021,873],[690,979],[527,180],[1019,1157],[22,9009],[-423,27],[-165,334],[-295,-122],[-150,676],[1649,-19],[1,1600],[314,-5],[3,826],[-454,4],[7,1572],[294,147],[353,1310],[-620,-170],[4,346],[983,182],[0,1079],[-269,-52],[-735,1041],[334,12],[-302,57],[-497,-120],[-459,-417],[-4,2376],[-581,-6],[-1,1223],[-534,-1],[-2,1183],[-2708,-27],[-15,2092],[-3542,27],[19,3056],[-324,-201],[-634,211],[11,1257],[-714,-7],[7,1420],[-978,-364],[11,-2356],[-425,-555],[-565,724],[281,1614],[328,508],[-90,603],[319,-45],[285,500],[-96,698],[-712,731],[5,403],[532,368],[-72,369],[175,161],[-376,807],[-50,502],[1046,832],[-43,346],[-808,1450],[-356,1305],[-302,493],[23,300],[168,138],[477,-426],[267,89],[277,544],[160,1116],[-121,636],[1804,213],[582,-442],[-2,1199],[643,9],[-16,2447],[604,12],[8,-774],[1321,6],[8,960],[650,7],[2,592],[264,1],[-52,300],[243,269],[558,422],[733,173],[-5,1614],[-971,13],[-68,197],[1,1983],[366,-5],[-320,858],[-129,1061],[174,296]],[[458002,285319],[102,415],[-679,-330]],[[473615,319805],[489,-115],[-41,908],[259,431],[195,1715]],[[474517,322744],[979,-280],[-36,-342],[986,-197],[-316,-2953],[-240,-651],[1192,-243],[225,2039],[321,251],[901,-182],[91,869],[2006,-404],[-171,-1603],[572,-280],[-104,-1036],[1860,-360],[-1005,-1234],[1094,-202],[-246,-318],[957,-110],[-52,-570],[880,-187],[-55,-546],[643,-126],[-134,-1349],[688,-117],[282,-631],[669,-128],[54,555]],[[486558,312409],[2058,-747]],[[482904,281828],[579,-1288],[221,-171],[-343,-145]],[[482660,278981],[-100,-304],[-1013,-149]],[[480801,279070],[-21,203],[-462,222],[173,451],[-123,126],[-252,-195],[-76,161],[238,320]],[[480278,280358],[118,925],[-670,-207],[-393,-975],[248,-600],[14,-515],[208,-115]],[[479803,278871],[-335,-718],[-130,69],[-21,688],[-381,282],[-206,-53],[-39,-449],[-468,-35],[338,1157]],[[478561,279812],[-336,320],[-46,883]],[[478179,281015],[-503,97],[-16,-448]],[[477660,280664],[307,19],[-242,-373],[-296,-174],[-144,197],[-404,-114],[-237,-378],[-409,-31],[187,-411],[-53,-402],[-240,-552],[-453,-245],[-122,-449],[-603,344],[57,-815],[-139,-436]],[[474869,276844],[-661,1067],[-178,-172],[186,-1211]],[[474216,276528],[628,-198],[-220,-675]],[[474624,275655],[308,-486],[-87,-370],[-350,265],[-317,611]],[[474178,275675],[-820,-30],[-205,-282],[374,-868],[-55,-219],[-472,500],[-603,0],[-442,-529],[-1199,-553],[-425,432],[99,386],[989,337],[385,328],[55,412],[-375,442],[-644,-288],[-504,148],[-353,-646],[24,-1278],[-137,-198],[-616,647],[-8,607],[277,389],[-39,194],[-417,-80],[-254,377],[-348,-111],[-329,216],[-380,-789],[162,-683]],[[467918,274536],[-235,-200],[-176,676]],[[467507,275012],[-1233,126],[-287,-669]],[[465987,274469],[-868,721],[-514,-855]],[[464605,274335],[-171,231],[-610,-328],[-576,126]],[[463248,274364],[-229,-510]],[[463019,273854],[-169,518],[102,757],[295,218],[-315,209],[322,2729],[-462,895],[-362,1430],[-251,235],[-9,465],[394,377],[975,-176],[371,3599],[-685,-91],[-775,-560],[-1307,-272],[-1223,-817],[-1356,-245],[-376,-453]],[[458188,282672],[-434,806],[-1215,653]],[[456539,284131],[-1061,161]],[[455478,284292],[106,148],[3438,-652]],[[459286,284854],[181,149],[-361,278],[-207,-100],[-379,281]],[[205769,521294],[693,-566],[21838,-3908],[153,1687],[3354,-643],[172,1777],[492,-16],[-188,811],[402,407],[-1605,3617],[2081,-400],[961,111],[33,337],[6712,-1253],[661,7028],[922,632],[10093,53],[-1,788],[1067,6],[532,-296],[3643,40],[78,-304]],[[257862,531202],[326,-1],[77,-448]],[[258265,530753],[353,-78],[-325,-258],[189,-1069],[-356,-130],[-42,-208],[48,-315],[447,-156],[-239,-685],[131,-462],[-85,-405],[350,-382],[-270,-597],[339,92],[613,-284],[-244,-397],[20,-324],[462,-161],[-168,-381],[314,-493],[3,-1148],[308,-302]],[[260113,522610],[-190,-396],[461,-98]],[[260384,522116],[253,-1803],[-100,-1135],[375,-599]],[[260912,518579],[140,-620],[325,-375],[-191,-857]],[[261186,516727],[582,-712],[84,-675],[365,-414],[-68,-242],[246,-15],[-332,-670],[35,-343],[453,-124]],[[262551,513532],[-61,-776],[362,-564]],[[262852,512192],[-24,-355]],[[262828,511837],[299,-723],[861,-339]],[[263988,510775],[411,215],[818,-266],[-415,-640],[743,-572],[411,-826],[662,-377],[885,-1220],[443,-199],[211,-838],[799,294],[-19,-933],[509,-53],[1084,-1837],[934,-174],[250,-659],[1115,-234],[38,-306],[-257,-436],[770,-405],[12,-889],[395,-186],[-113,-591],[214,-356],[-246,-768],[249,-817],[470,-384],[315,-872],[-52,-309],[260,-363],[-309,-368],[-34,-399],[236,-91],[180,-472],[-229,-39],[-250,-415],[109,-341],[-225,-186],[124,-362],[408,-92],[-368,-448],[103,-205],[281,80],[122,-270]],[[275032,492166],[-302,-777],[449,143]],[[275179,491532],[56,-802],[558,-118],[65,-775],[267,-427],[196,231],[-75,355],[395,97],[517,576],[411,53],[95,-457],[279,152],[79,-285],[212,102],[69,-456],[740,-658],[626,38],[96,184]],[[279765,489342],[276,-122],[-152,-569]],[[279889,488651],[240,-234],[10,-695],[264,-262],[-206,-181],[75,-456],[-154,-109],[158,-361],[373,-74],[-47,-584],[210,-208],[-130,-218],[190,-674],[280,85],[285,-560],[-164,-504],[144,-266],[-71,-359],[459,-15],[-192,-252],[181,-406],[-164,-168],[260,-240],[-18,-305],[-318,-605],[177,-194],[-13,-335],[-263,-309],[244,-529],[-269,-70],[-441,-1101],[292,-368]],[[281281,478094],[-88,-809],[-452,-118]],[[280741,477167],[-219,-634],[-211,-47],[138,-377],[-348,-1158],[106,-859],[-991,-1190],[-433,-148],[66,-656],[-185,-8],[10,-637],[-626,-787],[185,-13],[60,-312],[-416,-388],[-77,-475],[-340,-143]],[[277460,469335],[-264,-800],[156,-2],[-65,-254],[178,-16],[146,-660],[235,-159],[-379,-491],[-384,-1085],[54,-251],[302,-175],[-39,-398],[176,-458],[-94,-362],[285,-944]],[[277767,463280],[250,-252],[368,57],[454,-922]],[[278839,462163],[495,-376],[-257,-568]],[[279077,461219],[336,-711],[675,-637],[375,-2259],[432,-558],[201,-650],[253,149],[280,-429],[135,-1325]],[[281764,454799],[393,-254],[272,-973],[-51,-529],[-364,-187],[4,-751],[-591,-796],[60,-1219],[211,-290]],[[281698,449800],[-144,-1138],[82,-569]],[[281636,448093],[1065,-1968],[-78,-556],[164,-1378],[-381,-674]],[[282406,443517],[116,-929],[185,-297],[-309,-999]],[[282398,441292],[45,-950],[-360,-203]],[[282083,440139],[91,-192]],[[282174,439947],[-385,-1220],[-620,-496],[-43,-223],[-393,-14]],[[280733,437994],[-262,464],[-213,40],[-90,-258],[113,-156],[-282,-299],[47,-247],[-475,-338],[323,-1037],[-610,-801],[-436,-246],[112,-511],[-254,-314],[-758,-266],[-53,-1029],[230,-1667]],[[278125,431329],[-247,-995],[354,-157],[226,-1046],[-3205,653]],[[236936,389388],[-129,-1372],[-110,-1127],[-565,66]],[[236132,386955],[-745,1269],[-452,-369],[32,294],[-1441,325],[-871,-7693],[-1080,226],[-49,-718],[-6145,1290],[112,1105],[-2432,494],[88,888],[-330,554],[-1014,55],[-90,-841],[-308,56],[173,-742],[-586,-6340],[-3255,678],[-135,-230],[-451,507],[-21,-152],[-3964,761],[59,267],[-847,169],[43,398],[-4307,718],[-21,618],[-705,2199],[34,305],[-919,200],[59,534],[-3211,644],[-38,-357],[-1215,251],[-210,2165],[-539,98],[28,348],[-966,183],[131,1154],[-202,39],[103,1042]],[[200445,389347],[-432,180]],[[200013,389527],[-137,-520],[-191,282]],[[199685,389289],[-378,-354],[-228,-1139]],[[199079,387796],[-655,702],[-442,-343],[-676,131],[-80,591],[-523,482],[-1993,-21],[5,-2782],[-19337,-23],[2001,-3647],[541,-1516],[1307,-2558],[1045,-3179],[670,-349],[256,-373],[330,-1315],[99,-1474],[237,-400],[-643,-345],[-267,-900],[429,-2868],[-77,-331],[-358,-113],[449,-867],[-1611,-1299],[-190,-722],[494,-826],[-74,-208],[-293,99],[439,-568],[228,-811],[685,-395],[-211,-762],[117,-68],[238,408],[10,-279],[379,-499]],[[181608,360368],[-9588,-185]],[[141210,390247],[147,1401],[-117,577],[9,4011]],[[141249,396236],[3998,-44],[538,1746],[1376,1856],[1311,-1879],[882,1],[17,2414],[754,0],[1987,2698],[1293,-1857],[3313,4449],[3589,46],[-12,2380],[-1750,-50],[1,619],[527,6],[13,2803],[1024,-474],[642,-697],[7,2551],[-655,3],[-16,975],[-2715,177],[4,1211],[-1342,18],[-4,-1022],[-773,-19],[-59,-1358],[-2867,464],[149,1507],[257,-511],[910,26],[-28,2035],[-744,-3],[6,2302],[1275,6],[3,2118],[1866,-34],[789,-457],[568,877],[1564,-11],[3,988],[-4042,23],[-2,1443],[1957,-6],[4,1436],[160,-1],[151,2036],[-499,17],[99,3972],[-1890,97],[26,4483],[1745,-14],[7,2540],[-641,-295],[-335,117],[-313,497],[-481,-4],[-3,-1573],[-603,4],[8,2270],[625,-2],[2,771],[594,-5],[368,324],[617,86],[236,-408],[840,-5],[-150,683],[-415,255],[6,1396],[2295,18],[537,-852],[1314,-921],[569,-24],[440,-428],[859,-1645],[-4,3901],[1131,-19],[866,-1165],[0,-4405],[709,-1],[-6,-3677],[2724,-13],[-20,3690],[1459,0],[5,-1744],[1541,-6],[-201,-835],[647,-853],[-75,-307],[-193,159],[-1195,-78],[-35,-4900],[675,504],[886,-92],[7,-1799],[3026,-13],[2240,1262],[5,12193]],[[177227,440183],[1308,39],[-323,198],[-227,1304],[-186,-214],[-606,658]],[[177193,442168],[-211,-129],[-128,607]],[[176854,442646],[-695,673]],[[176159,443319],[42,326]],[[176201,443645],[-281,174],[41,578]],[[175961,444397],[-301,273],[-378,-165],[-126,357],[-354,110],[-292,403]],[[174510,445375],[29,712],[-346,448]],[[174193,446535],[-8,474]],[[174185,447009],[-461,806],[-833,378]],[[172891,448193],[-367,1047],[45,458],[-336,291],[-39,359],[-638,854],[-76,753],[245,1447],[-239,315],[-503,121],[-246,1027],[-245,139],[-368,910],[-692,364],[132,565],[-365,274],[-269,-422]],[[168930,456695],[-166,257],[-245,1197],[58,641]],[[168577,458790],[-185,34],[-99,735],[171,282],[-88,592],[114,218],[-190,103],[153,197],[-208,-84],[-33,241],[-104,-153],[-45,472],[-110,-142],[-55,243],[-444,213],[-17,1249]],[[167437,462990],[28882,24]],[[449136,250814],[-151,-1424],[-1013,220]],[[447972,249610],[-335,-3352]],[[447637,246258],[-527,105],[-176,-1635]],[[446934,244728],[-631,142],[-1035,1715],[9,577],[175,87],[-201,8],[-265,1189],[262,169],[14,260],[-657,1096],[162,334],[-247,687],[-675,789],[-3022,2446],[-177,66],[-70,-315],[-163,104],[-209,-785],[80,976],[-395,190],[-214,-707],[186,956],[-931,67],[-591,-501],[-81,250]],[[438258,254528],[328,457],[-239,886],[543,347],[583,797]],[[439473,257015],[1484,443],[2261,-501],[504,64]],[[443722,257021],[457,-657]],[[444179,256364],[608,307]],[[444787,256671],[53,-461],[409,-734],[572,-2730]],[[445821,252746],[265,-58],[130,-29],[-98,-963],[3018,-882]],[[249269,386011],[-360,123],[-82,-403],[-271,85],[-81,-421],[162,-306],[-506,-331],[-101,-881],[-496,197],[-169,-446],[41,-392],[422,-631],[-554,-144],[60,-569],[-567,-318],[-234,-433],[81,-488],[-355,-146],[-1156,728],[-23,177],[-247,-21],[83,411],[-235,121],[50,514],[-304,563],[-729,13],[-195,-248],[-272,403],[-252,41],[-9,538],[-193,217],[-701,-313],[-376,-17],[-263,248],[-120,-626],[-1062,196],[-263,779],[-441,282],[-795,1451]],[[238756,385964],[-67,540],[-1992,385],[239,2499]],[[236936,389388],[-1278,3443],[375,680],[1287,3867],[-249,5594],[-471,1825],[702,1893],[-921,1276],[-7,1451],[564,3252],[147,1],[-7,2071],[413,156],[1,1742],[-408,3],[-1319,2327],[-5,2358],[2010,-298],[-129,160],[-1,871],[-310,101],[-324,593],[-271,170],[-131,-165],[-383,377],[160,278],[-307,676],[644,-37],[1250,11342],[1931,-376],[194,1480],[6035,-1196],[129,1391],[3527,-655],[-102,-1125],[2832,-492],[260,156],[263,-253],[-392,1564],[9855,-1974],[1827,-499],[-23,-237],[231,-47],[46,442],[725,-149],[-183,-1758],[2475,-491],[-147,-1494],[2429,-20],[1672,1221],[3490,-653],[211,-446]],[[275253,429784],[3224,-657],[31,-391]],[[278508,428736],[3830,-748],[-53,-506],[3992,-746],[105,1015],[3753,-855],[524,634],[1283,-2136],[-2091,-2477],[319,-518],[-195,-1900],[428,-131],[1666,-1288],[997,-204],[-181,-1850],[-871,173],[-233,-2360],[-1367,273],[-451,-4330],[-213,-193],[-1247,-149]],[[288503,410440],[-1166,-11690]],[[287337,398750],[1470,-290],[-488,-439],[160,-370],[-263,-1654],[302,-946],[7,-621],[168,-74],[74,533],[273,227],[241,-149],[112,-485],[216,111],[112,507],[512,-401],[90,-1582],[307,-434],[-89,-526],[227,-704],[-268,-1426],[-713,-628],[-387,-1458],[-451,-465],[-336,132],[-255,-514],[-438,-306],[-200,-591]],[[287720,386197],[-394,80],[175,-772]],[[287501,385505],[-264,-1015]],[[287237,384490],[259,-541],[-402,-1045],[196,-412]],[[287290,382492],[-71,-413],[3823,-786],[-347,-3318],[6474,-1270],[-471,-4350],[3240,-673]],[[299938,371682],[-3704,-31949]],[[296234,339733],[-433,-201],[-146,-1140],[221,-103],[-97,-423],[196,-337],[-609,-5024],[-140,32],[-364,-2092],[332,-723],[-314,-2579],[-1162,-165],[-33,-256],[742,113],[618,-225],[-136,-1173],[-222,-473],[-555,-4748],[-2026,-5105],[476,-132],[750,-1347],[1773,1888],[374,-836],[779,-614],[1888,-75],[-71,-613],[2191,-429]],[[300266,312953],[-1767,-16558]],[[298499,296395],[-110,-4416],[-523,-78],[-523,237],[-27,-786],[-5177,1157],[83,-392],[-299,-120],[-35,-306],[-301,55],[-43,-414],[-287,62],[-79,-703],[-5558,1045],[-353,-3097],[269,-455],[-4543,1125],[559,789],[-1327,322],[202,1606],[-753,161],[-743,-792],[568,-271],[-29,-166],[-405,118]],[[279065,291076],[-789,-472],[-481,53],[-185,-672],[351,-234]],[[277961,289751],[-4,-294],[-188,-43],[-113,272]],[[277656,289686],[-297,-408],[-167,101],[-240,-221],[-271,99],[-64,272],[-958,-1362],[-39,-537],[-286,178]],[[275334,287808],[-274,-318],[-171,126]],[[274889,287616],[-915,-365],[-26,394]],[[273948,287645],[-296,-72],[-263,345],[-288,-437],[-480,114],[-164,-265],[-344,70]],[[272113,287400],[-275,-456],[-499,294]],[[271339,287238],[-337,-238],[-159,759],[-305,-87],[-223,253],[-366,-334],[-724,184],[-375,-265],[-616,351],[-518,-517],[-224,70],[-27,-315],[-2109,376],[-277,-3136],[-185,-42],[-404,-886],[-121,55],[4,-420],[-537,-347],[-12,-300],[367,-484],[-313,42],[192,-453],[-199,31],[-128,-359],[112,-336],[188,138],[42,-865],[-133,67],[-231,-522],[-682,407],[-263,-737],[-400,472],[-175,-335],[-304,205],[-240,-224],[675,-529],[-530,-456],[441,-109],[168,-370],[-53,-669],[-440,-586],[-3,-463],[-509,115],[143,-110],[126,-1229],[496,-271],[-352,-115],[-513,390],[-142,-99],[162,-629],[462,100],[121,-1038],[-774,-297],[140,-339],[-156,-297],[-329,168],[-19,-313],[-572,112],[116,-317],[-338,-192]],[[259977,271903],[-131,-369],[135,-337],[-162,-377],[-163,567],[-134,-341]],[[259522,271046],[-340,187],[-105,-356],[-728,248],[-659,-465],[-244,634],[-593,-368],[-267,571],[-318,-48],[114,655],[-408,201],[176,631],[-250,61],[-171,352],[28,537],[-415,394],[388,1006],[-206,-218],[-500,14],[-654,450],[172,-192],[-30,-302],[-794,-659],[185,-394],[-229,-639],[-295,190],[-200,-424],[85,-190],[-329,-189],[-87,242],[158,144],[-583,556],[-115,-227],[-176,197],[-329,-57],[323,-282],[-302,-519],[13,295],[-306,-150],[-329,199],[97,236]],[[251299,273367],[-338,713],[131,70],[-48,449],[-681,61]],[[250363,274660],[-153,-249],[-229,686],[-359,-226],[-971,227]],[[248651,275098],[-268,-402],[-451,207]],[[247932,274903],[-176,345],[-349,51],[-328,-241],[-483,735]],[[246596,275793],[-450,-125]],[[246146,275668],[-13291,2569],[421,324],[1070,2588],[275,2143],[-108,1717],[340,2089],[357,1719],[852,2323],[415,572],[1003,742],[653,1268],[884,3387],[2005,3910],[507,2546],[1373,2211],[560,1334],[1465,1517],[1553,5340],[1031,1301],[-1517,368],[1377,11238],[615,7731],[1063,-444],[396,440],[313,999],[625,165],[114,902],[326,481],[578,331],[825,1010],[953,724],[456,915],[51,597],[259,349],[-101,447],[121,396],[-1625,803],[438,1697],[914,2063],[-12,527],[-1955,875],[51,202],[-3298,-10],[-19,6217],[-800,653],[1070,1210],[531,317],[567,41],[-1,519],[854,10],[11,-1022],[437,9],[457,1000],[244,1215],[-3,569],[-551,1406],[-35,506],[907,1049],[1021,509],[364,-166],[1187,782],[784,-579],[1098,-224],[516,-535],[564,1],[678,888],[-190,1999],[-598,2248],[275,2404],[-38,2502],[-391,1594],[-1177,1896],[51,674],[-311,637],[43,730],[-282,709],[404,1131],[-689,1587],[-96,1279],[-1204,878],[-425,981]],[[253731,383698],[-689,-354],[-475,437],[-527,713],[-136,693],[123,609],[-257,542],[-389,272],[-386,669],[-335,195],[-314,-205],[-1077,-1258]],[[411088,173187],[111,544],[-101,664],[-442,308],[-52,479],[1652,2701],[235,9],[109,-464],[-332,-1399],[71,-607],[390,556],[429,-77],[348,273],[66,417],[-156,124],[131,217],[587,72],[175,233],[396,-79],[206,-287],[-452,-961],[-1007,-668],[-982,-265],[-1020,-872],[185,432],[-514,38],[106,-762],[105,198],[-230,-805],[243,-158],[67,607],[279,-604],[-119,-280],[-484,416]],[[413111,176364],[-139,119],[-38,109],[389,-162],[-212,-66]],[[405266,171519],[1223,2573],[1213,-1657],[-307,-84],[-233,-557],[125,-83],[1009,18],[692,616],[418,-32],[368,238],[259,392],[532,-34],[436,271],[608,-584],[-469,-81],[-427,-366],[-487,-1223],[-1720,419],[-1593,-259],[-1080,-546],[-588,-1460],[145,-826],[-256,-869],[-1457,852],[1589,3282]],[[410972,173885],[-218,-281],[-290,226],[258,-4],[226,346],[24,-287]],[[407791,172213],[75,115],[48,-138],[-61,-14],[-62,37]],[[525384,147845],[-419,710],[-165,723],[348,964],[-102,948],[-337,538],[-2140,442],[-777,743],[-1203,1442],[-511,902],[-306,1840],[-291,607],[-1131,-244],[-565,566],[-55,450],[-553,407]],[[517177,158883],[-2017,738]],[[515160,159621],[396,3427],[-236,-107],[590,5734],[252,-468],[466,-208],[318,89],[361,489],[618,-78],[881,768],[-46,-454],[4674,-916],[135,1423],[1048,-166],[-144,-1357],[1008,-196],[110,1057],[3657,-718]],[[529248,167940],[301,2859]],[[529549,170799],[2873,-561],[-273,268],[23,683],[346,817],[-283,659],[1367,-273],[111,988],[3064,-611],[110,-961],[393,104],[148,-269],[113,141],[128,-241],[417,-118],[-31,-249],[247,-365],[-203,-276],[430,-982],[-110,-280],[204,-365],[-50,-259],[341,-451],[28,-350],[224,-25],[-120,-513],[629,-854],[82,-615],[384,-630],[-353,-3278],[3850,-783],[49,504],[1496,-303],[131,1404],[826,-111],[-91,-992],[173,-34],[-138,-1298],[598,-102],[-139,-1438],[1992,-429],[-608,1436],[150,170],[-42,806],[4285,-825],[134,1428],[1326,-246],[42,445],[1244,-231],[228,2223],[1160,-206],[-128,-1261],[1219,-239],[-131,-1313],[2273,-399],[75,-299],[416,-279],[179,268],[1235,352],[264,-342],[851,-87],[2209,1577],[-510,577],[1599,1935],[1005,-1567],[150,854],[1808,-2732],[668,510],[2858,-6614],[2828,2362],[1382,-283],[191,1681],[2998,-639],[385,3271],[1008,-225],[235,2126],[1436,-825],[194,216],[1288,-285]],[[584439,161691],[-180,-416]],[[584259,161275],[2434,-533],[-102,-2233],[-241,53],[-432,-3511],[-1334,370],[-579,-1143],[50,-346],[-360,-764],[-458,-420],[-640,-87],[-342,-367],[1042,-777],[1860,-236],[466,-681],[-718,-288],[164,-771],[-148,-56],[-643,-5518],[455,-100],[-242,-2140],[-464,60],[-365,-2926],[5435,-1248],[-288,-2020],[-3595,768],[-186,-1419],[489,-115],[-165,-1375],[2679,-583],[-297,-2453],[-263,58],[-307,-2456],[4109,-774],[107,-450],[-195,-434],[-634,-323],[-29,-1317],[168,-129]],[[590690,124591],[-322,-581],[214,-782]],[[590582,123228],[-119,-515],[401,-90]],[[590864,122623],[346,-739],[213,474]],[[591423,122358],[228,-298],[256,76],[766,1072],[305,-102],[682,382],[51,-239],[483,14]],[[594194,123263],[347,-981],[671,-954]],[[593505,117737],[-77,-379],[521,-536]],[[616749,90771],[-215,-217],[317,-290],[61,239],[31,-323],[276,-27],[-246,-337],[-828,-90],[-1449,551],[-62,370],[312,680],[-66,798],[-592,-888],[-281,-137],[-228,1457],[-293,-928],[156,-622],[-37,-1724],[-582,68],[-117,-326],[-699,105],[-1074,-195],[-450,-397],[-14,-227],[-397,-68],[-223,482],[-1325,-49],[169,507],[-37,628],[-375,-551],[-203,347],[-886,107],[245,-522],[-23,-492],[-1164,-746],[-1125,-401],[-62,-378],[-840,-831],[-420,-1285],[384,-152],[422,286],[-217,-570],[-558,-300],[-1507,532],[-361,-217],[283,-22],[-609,22],[-344,268],[-153,242],[176,569],[-44,1486],[-489,1097],[52,2027],[-283,629],[305,69],[107,392],[-413,410],[3,391],[-455,42],[-353,-546],[-1007,628],[-351,901],[-736,618],[-513,-301],[-178,-394],[-761,493],[19,-1214],[-709,-145],[-150,-1195],[516,-499],[240,186],[-46,-221],[244,-108],[-814,-43],[3,303],[-316,425],[-354,-203],[-664,53],[-46,-321],[-1052,-442],[-705,4],[-1280,-680],[-2713,1420],[-114,-602],[-588,26],[46,453],[-58,192],[-44,45],[31,-507],[-286,-420],[-499,453],[-197,-1147],[414,37],[-208,-342],[-1051,268],[-202,1513],[302,850],[-158,162],[-411,-418],[-204,-739],[-385,115],[-395,-297],[-417,120],[348,-557],[46,-609],[-387,89],[-551,-316],[-855,119],[-184,146],[19,302],[-101,104],[-60,5],[176,-532],[-150,-321],[1335,-219],[368,270],[132,-122],[19,-779],[-324,-476],[23,-310],[-556,-246],[-369,-625],[-1007,-37],[-683,-561],[414,-390],[236,418],[373,-807],[245,139],[-107,-587],[-336,549],[-265,-629],[-406,13],[-508,764],[-318,-533],[-159,-718],[76,-393],[-185,193],[-244,-509],[682,-581],[212,286],[59,-1012],[616,685],[497,190],[-85,-592],[-271,-227],[46,-419],[-356,-98],[669,-491],[-281,-52],[-371,-467],[70,479],[-445,343],[-126,520],[-225,-129],[30,-363],[-351,69],[-116,363],[305,279],[9,308],[-507,428],[-440,-475],[-340,-2351],[561,-131],[-13,346],[187,-187],[552,-2102],[443,-471],[-59,-545],[341,-1156],[303,-433],[1339,-816],[148,-941],[348,-273],[507,-4321],[611,-1652],[874,-404],[1066,243],[1491,846],[980,-106],[-393,-358],[-162,-1374],[118,-452],[-156,-463],[-362,-359],[-30,-354],[703,-7086],[1806,-1212],[64,-710],[686,-1607],[-578,-1190],[-99,-1921],[452,-1782],[868,-500],[1838,126],[891,459],[767,1655],[15,566],[233,540],[-78,307],[396,373],[68,1013],[1146,902],[64,664],[591,756],[1103,430],[687,1148],[1478,60],[645,721],[599,1066],[338,-121],[-15,-206],[1411,385],[418,-600],[246,235],[387,1207],[309,2340],[81,2742],[-49,238],[-221,-11],[114,1408],[288,190],[11,263],[-38,523],[-231,421],[692,318],[64,723],[899,484],[155,598],[-133,400],[164,133],[105,859],[-232,896],[197,395],[338,-235],[363,431],[527,-580],[1036,-14],[214,-269],[750,282],[715,-1714],[136,-103],[-92,175],[178,157],[254,-300],[148,-644],[-26,-1116],[-659,-3436],[48,-1157],[-308,-1686],[93,-914],[500,-1152],[-146,-63],[-629,-3415],[-124,-2038],[173,-1170],[163,-241],[197,108],[101,-666],[618,-279],[323,198],[269,-292],[-312,-453],[-117,-1133],[173,-303],[350,130],[232,-383],[-157,-1831],[151,-531],[-175,-404],[390,-361],[-305,-456],[-241,244],[-453,-262],[-101,-536],[-241,-263],[-346,156],[-1325,-2827],[-1238,-3276],[-732,-2413],[-918,-3993],[787,-1943],[334,-1337],[-58,-1101],[-402,-692],[-1082,-246],[-62,-465],[122,-1115],[482,-824],[633,-213],[247,857],[820,-435],[989,60],[351,-508],[509,-182],[470,-767],[86,357],[132,-67],[105,-401],[-340,-228],[-349,480],[-500,-523],[-180,41],[787,-1030],[-37,-280],[-620,-95],[-246,302],[-279,-438],[432,-1039],[405,550],[265,-281],[42,-631],[254,-420],[219,464],[301,34],[-52,-992],[-302,-556],[-8,-610],[116,-68],[402,504],[133,-934],[192,-15],[152,-600],[-276,-242],[-130,-942],[-438,732],[-228,-419],[-311,349],[-212,-72],[-271,409],[-337,57],[-919,1400],[-918,-623],[-318,-1273],[-325,-144],[-355,168],[-797,-380],[-546,-1881],[-69,-1551],[1180,-1241],[205,30],[94,494],[331,-481],[-122,-433],[-340,-329],[-287,-2709],[-333,-303],[-554,197],[18,-609],[443,-353],[82,-302],[-440,236],[-411,-231],[-246,-1526],[337,-316],[-4,-318],[174,-166],[-50,-689],[-171,-111],[-264,213],[-127,778],[-544,64],[-345,-459],[-530,-218],[-171,-379],[-913,-176],[-372,-489],[-636,99],[100,442],[-302,401],[42,862],[-402,-864],[-341,-7],[-208,-722],[-194,-23],[-410,-634],[77,561],[-712,-40],[-99,384],[-428,-37],[-424,634],[-260,181],[-107,-159],[-430,694],[-722,-25],[-220,828],[58,1411],[-222,650],[-282,-9],[-568,773],[-42,926],[-267,549],[-802,938],[-359,1175],[108,1068],[-186,367],[76,478],[316,222],[1193,-435],[420,517],[205,-105],[176,1014],[143,28],[-62,2041],[674,56],[95,239],[165,-75],[104,191],[-262,-73],[-271,-279],[-1191,144],[-219,273],[-80,993],[-530,710],[-926,-754],[-448,261],[1045,2151],[-520,950],[-848,847],[618,643],[267,-70],[127,214],[101,-121],[133,31],[81,109],[152,-107],[73,3],[63,71],[-286,57],[-160,-117],[-160,122],[-90,-191],[-111,106],[-511,-176],[-365,-534],[23,-285],[-163,30],[-412,-1007],[-413,-236],[-85,562],[330,860],[25,740],[-457,907],[-424,101],[-315,-311],[-517,399],[-305,-912],[-76,250],[-483,199],[275,840],[274,271],[333,-6],[72,647],[-307,402],[233,119],[-1132,1248],[-236,908],[-261,182],[-70,555],[-245,338],[-1018,207],[-59,-483],[-204,-175],[-605,940],[-927,-418],[-44,400],[484,77],[39,245],[418,-49],[56,223],[388,193],[692,-157],[178,551],[-135,404],[344,968],[-386,831],[243,767],[-542,882],[-1081,2634],[-886,3141],[-1439,3827],[-1553,3071],[-3961,6423],[-1437,1393],[-4184,4805],[-2682,2402],[-2665,1676],[-2456,873],[-2524,29],[-758,-302],[-984,-751],[-1725,-1722],[-1258,-3971],[-80,-2203],[113,-436],[375,-232],[-47,-1065],[351,-1427],[263,-384],[-39,-310],[-272,-28],[-242,-674],[-396,-144],[-503,-692],[-1211,-965],[3,-277],[-365,-533],[-865,-369],[-675,157],[-286,-506],[-661,479],[-813,-46],[-339,232],[-728,-147],[-345,-245],[-367,-875],[-675,-890],[-166,168],[-540,-755],[-4,478],[-236,15],[-47,517],[-424,333],[174,353],[-237,443],[-244,-24],[243,347],[60,609],[-177,258],[-273,-84],[308,993],[-84,194],[191,145],[-100,605],[343,536],[-182,1510],[-724,2760],[-414,640],[-148,1062],[-470,429],[117,704],[-321,981],[90,422],[-421,2509],[-844,1697],[-374,2043],[-1527,5288],[-4041,9142],[-4413,7914],[-3396,4423],[-3604,3360],[-80,466],[1838,347]],[[530733,99591],[7825,-811],[151,567],[-171,339],[154,239],[-352,545],[61,307],[312,-31],[38,170],[-259,-102],[-116,179],[95,164],[-214,402],[87,1137],[-692,-141],[-41,287],[932,8294],[-5356,-3953]],[[533187,107183],[-463,801],[1297,6164]],[[534021,114148],[-2059,330],[530,5360],[-3694,639],[182,1875],[-1022,196],[-295,-2663],[-2186,379],[236,3927],[-144,102],[-96,1108],[-453,755],[135,692],[-258,150],[-130,791],[-319,89],[-161,510]],[[524287,128388],[-861,498],[-318,509],[-388,1608]],[[522720,131003],[208,-79],[258,2637],[-262,48],[69,709],[1339,-188],[37,1340],[-326,69]],[[524043,135539],[362,3417],[979,8889]],[[68897,296650],[-118,145],[134,52]],[[68913,296847],[-15,423],[-437,-462]],[[68461,296808],[-78,418],[-348,143],[-129,357]],[[67906,297726],[243,494],[-313,81],[7,410],[-431,-77],[51,510],[-505,-198]],[[66958,298946],[-63,-283],[-201,121],[-81,-390],[-192,44],[-127,-448],[-300,-199],[55,266],[-494,88],[-249,344],[-274,-333],[-389,510],[-407,-136],[116,640],[-360,-81],[95,362],[-408,735],[-573,-136],[-118,369],[-583,283],[16,189],[942,711],[791,-327],[583,1774],[-251,1754],[-1496,1515],[-1710,2333],[437,1044],[1745,746],[196,639],[462,173],[669,1284],[-464,4391],[-1354,2541],[-442,1940],[222,1158],[-302,720],[-77,1086],[734,2815],[755,1327],[-5644,1031],[1416,13975]],[[59633,343521],[-7530,1515]],[[72172,384898],[-70,-269],[359,-413],[168,1056]],[[73300,384745],[1033,2207],[242,-1727]],[[83999,381501],[612,-877],[314,312]],[[87082,382596],[428,-219],[258,1109],[893,-459]],[[88877,383189],[525,-903],[419,36],[225,-230],[267,87]],[[90173,382648],[-270,115],[118,841],[164,-18],[150,-830],[196,51],[335,482],[-462,458]],[[90404,383747],[1073,590],[102,-356],[-262,-341],[50,-334],[891,286]],[[92258,383592],[209,-531],[126,417]],[[92593,383478],[455,296],[56,398],[-219,347]],[[92885,384519],[115,211],[236,-123],[51,-565]],[[93287,384042],[387,159],[-34,-887],[450,-638],[502,522],[-51,617],[-345,309],[57,347],[794,-621],[237,-516],[582,979]],[[95866,384313],[779,-600],[1025,1098]],[[97670,384811],[-268,376],[-4,642],[-480,147],[-115,423],[307,405],[-69,230],[435,446],[416,51],[972,866],[553,-258],[-27,494],[144,146],[637,-710],[692,491],[515,-51],[681,289],[429,356],[-20,313],[242,429],[612,511],[621,-50],[232,613],[386,-283],[496,204],[67,512],[-354,688],[175,406],[-488,572],[168,876],[352,370],[130,653]],[[105107,394968],[156,59],[570,-343],[434,-907]],[[106267,393777],[417,-273],[214,-739],[-116,-377],[178,-496],[-287,-1723],[547,-1268],[-466,-1385],[415,-695],[184,-1398],[502,-273],[-81,-212],[178,-105],[-640,-202],[-179,-361],[794,-138],[93,-184],[-620,-1047],[5,-647],[-1192,-627],[46,-642],[-889,-713],[-136,-1630],[332,-515],[-77,-273],[863,-164]],[[106352,377690],[80,948],[11,9]],[[106443,378647],[1866,-351],[-113,-1276],[526,-123],[347,-656],[933,380],[3970,-709],[210,-158],[515,-1813],[442,-330],[1826,230],[1036,-166],[916,206],[620,-219],[619,376],[815,-146],[1356,838],[1677,-977],[472,772],[144,813],[390,532],[1,469],[-465,950],[325,1141],[-83,1612],[418,1653],[194,2236],[649,799],[939,347],[281,429],[67,637],[-276,2576],[326,948],[-253,2067],[733,3559],[364,34],[497,426],[873,40],[774,-137],[223,-315],[246,-18],[1330,942],[1145,228],[974,-548],[543,204],[500,-653],[398,176],[237,-521],[207,311],[-166,313],[433,261],[179,885],[947,1660],[12,1237],[464,256]],[[138046,400074],[626,-682],[468,-1910],[-64,-1990],[283,-538],[364,-264],[62,-913],[1329,-857],[240,-1155],[-144,-1518]],[[141210,390247],[641,-762],[-90,-1071],[142,-434],[755,-400],[797,-915],[459,-94],[1793,-2432],[3780,-3680],[806,-1128],[1343,-868],[628,-1202],[2362,-2669],[346,-1208],[1136,-656],[2546,-556],[1269,-1082],[2178,-4386],[3554,-1032],[921,-2053],[243,-1067],[2740,-1148],[1229,-969],[287,185],[945,-437]],[[172020,360183],[427,124]],[[172447,360307],[-271,-1039],[33,-1376],[-350,-549],[-325,-1224],[-330,-266],[-11,-416],[-507,-301],[-33,-1961],[-336,-1435],[13,-1203],[-175,-708],[52,-1425],[-294,-1160],[168,-794],[-141,-943],[-195,-949],[-533,-780],[-6,-455],[-415,-194],[-156,-2053],[-442,-1569],[-911,-1976],[-315,-262],[-123,-729],[-727,-883],[-133,-863],[-642,-1556],[-632,-86],[-1376,-2025],[213,-868],[-742,-894],[-292,-946],[-102,-763],[175,-440],[-56,-603],[-920,-576],[-15,-1015],[-443,-553],[-815,-1963],[-1583,-838],[-168,-567],[-442,-426],[-856,-2126],[-312,-1104],[-176,-1633],[-304,-217],[-206,-1606],[-725,-2291],[319,-2428],[-121,-419],[347,-795],[-199,-346],[-64,-1011],[-428,-875],[-574,-1943],[-281,-328],[102,-1360],[-287,-738],[11647,-2497],[5,-766],[1015,12],[-116,562],[1196,-263],[677,124],[159,-307],[11335,-2463],[13,-1705],[3060,-1677],[438,-456],[33,-5253],[-378,-2959],[-1542,-1970],[-321,-2650],[-454,-1062],[-85,-1724],[278,-1132],[-40,-1388],[-244,-2566],[-420,-2135],[347,-2080],[462,-929],[1203,-891],[478,-1223]],[[183125,264057],[234,-3612],[-261,-166]],[[183098,260279],[-1699,351],[-916,682],[-4022,875],[-453,-3870],[-1107,-714],[-149,82],[-364,-445],[-350,-3108],[-7101,1567],[-1836,-16126],[-1162,608],[-788,1149],[-991,24],[-1622,2134],[277,-1630],[-173,-1266],[220,-3561],[186,-123],[-22135,-424],[-2,-557],[-1015,251],[-205,-315],[-1089,-266],[-518,357],[6,-183],[-1134,-556],[32,-700],[-447,-305],[-422,290],[-392,-87],[-231,693],[-336,299],[-44,-812],[-778,-478],[1,-1007],[-460,-198],[-256,421],[-358,-190],[-483,387],[-534,-34],[88,-811],[-321,-464],[-2332,-55],[212,1887],[-9250,-225],[-1444,-1924],[-883,438],[-296,-135],[-180,-568],[-1059,109],[-311,-851],[-555,-394],[23,-439],[-357,-674],[-305,166],[-126,-270],[-768,-14],[-378,-234],[-642,382]],[[111364,229418],[-694,-422],[-3068,2142]],[[107602,231138],[-1827,-336],[-1788,2362],[-1617,1752]],[[102370,234916],[-854,376],[-247,-89],[-448,711],[-327,1017],[-164,638]],[[100330,237569],[309,286],[2825,813],[-3,2139],[2263,38],[457,4934],[-1965,-5],[-641,418],[-1264,263],[-443,766],[-702,328],[-1999,76],[-3009,1625],[-183,-1901],[487,-1616],[-13,-1178],[-4567,757],[-1211,-2226],[-4451,949],[-759,-6],[-718,9529],[44,2502],[848,5102],[-188,2329],[-709,4091],[132,1155],[-638,450],[-179,894],[-299,532],[764,7991],[-772,500],[37,316],[-220,298],[-328,-382],[1,383],[-199,79],[188,291],[-285,632],[101,144],[-207,391],[-215,-278],[-222,174],[-162,-154],[-418,584],[173,216],[-57,188],[-174,-180],[-316,85],[-315,-552],[-151,71],[22,237],[-199,152],[174,409],[-364,624],[67,433],[281,179],[-195,300],[88,351],[-366,568],[-322,-286],[-244,174],[-13,215],[487,425],[84,328],[-331,51],[-168,604],[-656,545],[-628,-331],[-109,-410],[-379,220]],[[78206,286198],[-22,1161],[-287,1174],[-293,373]],[[77604,288906],[-21,-301],[-494,-207],[-106,304],[143,407],[-470,286],[-150,-115],[315,706],[-479,358]],[[76342,290344],[24,790],[-251,-368]],[[76115,290766],[-236,290],[-155,-255],[-152,62],[-75,337]],[[75497,291200],[590,196],[-88,397]],[[75999,291793],[-327,25]],[[75672,291818],[200,302],[-493,577]],[[75379,292697],[-423,-144],[-41,-194],[-261,285],[-167,-395],[-253,117],[70,-367],[-618,-104],[-256,336],[125,209],[-307,374],[137,157],[-76,176],[206,-106],[131,267],[-195,277],[-60,-259],[-349,326],[-338,-204],[-87,-469],[-198,-116],[-69,246],[-170,-4],[-89,624],[-211,-100],[78,-1056],[-182,-270],[-157,684],[-335,204],[-178,-164],[-23,261],[-211,128],[56,-364],[-253,-333],[195,-268],[-76,-265],[-318,116],[-67,247],[144,141],[-145,221],[-268,-66],[-10,-424],[-209,-13],[-36,237],[-159,-135],[-117,224]],[[69609,292734],[-220,-251],[-402,691]],[[68987,293174],[177,304],[-111,573],[436,748],[-136,445],[-209,205],[-297,-98],[24,289],[-182,106]],[[68689,295746],[496,659],[-73,233],[-420,-275],[205,287]],[[451621,255226],[666,-304],[148,-1293],[222,-319],[495,-196],[1443,-1237],[25,-678],[319,-315],[-119,-1100],[266,-482]],[[455086,249302],[160,56],[501,-1358],[538,-220],[648,574],[743,296],[508,-74],[-428,-4087]],[[457756,244489],[-457,226]],[[457299,244715],[-419,747],[-945,597],[-995,34],[-1219,362],[-653,1212],[-645,272],[-845,1297],[-347,257],[-1583,1202],[-3530,1001],[511,5027],[357,-662],[615,-241],[444,161],[356,-184],[77,626],[549,-457],[330,580],[478,-332],[290,114],[957,-1161],[539,59]],[[440442,474927],[6054,-9],[3366,5971],[-40,-1352],[420,-1189],[2453,-15],[-7,1901],[-564,-5],[666,4161],[4869,-4787]],[[457659,479603],[9006,32]],[[466665,479635],[12,-2853],[1015,17],[-629,-1411]],[[467063,475388],[701,-631],[576,513]],[[468340,475270],[-257,1166],[484,1068],[3070,117],[927,-290]],[[472564,477331],[170,524],[-330,972],[348,698],[-269,546],[145,457],[-149,220],[-536,-31]],[[471943,480717],[-420,1221],[-939,380],[302,364],[331,-240],[254,104],[-757,1049],[513,529]],[[471227,484124],[365,830],[397,-192]],[[471989,484762],[159,98],[-28,304],[1215,-16],[4,920],[8189,9],[-199,674],[-276,-224],[-51,1031],[728,378],[264,-89],[-93,299],[331,382],[-19,723],[111,71],[-336,533],[16,475],[204,316],[-179,-24],[-96,232],[590,596],[-754,122],[1578,209],[3846,10872],[24946,27],[1,278],[224,39],[-28,-177],[692,-348],[423,-557],[190,-651],[4407,-1],[-18,12408],[11128,2],[-62,10892],[-785,1576],[21,1905],[1192,-295]],[[529524,527751],[445,-761],[72,-452],[-224,-249],[65,-133],[399,-136]],[[530281,526020],[552,264],[709,-383],[373,142],[631,-372],[154,143],[169,-221]],[[532869,525593],[52,-811],[287,17]],[[533208,524799],[343,-629]],[[533551,524170],[504,184],[8,-432]],[[534063,523922],[242,-88],[-254,-205]],[[534051,523629],[137,-166],[326,324]],[[534514,523787],[209,-314],[527,316],[375,-127],[256,-290],[135,-808],[311,41],[-307,-523],[368,-41],[-13,-286],[250,-333],[178,51],[80,421],[131,-276],[221,328],[148,-325],[264,521],[83,-182],[263,45],[6,-210],[496,-60],[237,337],[424,-61],[146,351],[-6,-17487],[-424,-3635],[3986,-942],[-1290,-10658],[783,-182],[-626,-5187],[-661,157],[-277,-717],[254,-2641],[-286,-870],[-1342,-1748],[347,-1666],[-480,-1366],[207,-2060],[-205,-664],[-468,-290],[59,-966],[-715,-2396],[-75,-1034],[247,-1975],[593,-634],[363,-955],[-163,-1561],[347,-1304],[-1,-645],[-294,-562],[864,-270],[1,-1914],[719,1],[843,-1916],[251,290],[349,-576],[439,526],[894,-1461],[440,493],[774,23],[-826,-1238],[-13,-1177],[1011,3],[2,-1459],[-1150,-20],[-224,-1304],[35,-284],[534,-456],[-203,-851],[50,-2341],[-280,-1197],[90,-1950]],[[543775,443296],[-237,-2478],[-246,-1267]],[[543292,439551],[-332,-494],[592,8],[-14,-1708],[540,1],[-5,-1550],[-530,3],[-92,-1568],[-7785,-4264],[-1125,142],[-845,-320],[-381,384],[-1496,-200],[2,900],[-942,10],[-31,804],[-2191,-9],[-44,-740],[-1045,-23],[-106,595],[-1335,12],[-552,-980],[-501,-215],[-1717,40],[-819,-421],[-971,-57],[-669,-659],[-455,-1792],[-362,-87]],[[520081,427363],[-332,363]],[[519749,427726],[-715,-24],[-279,-191],[-80,-462],[-955,805],[-146,889],[-188,173],[-889,-62],[-74,-334],[-269,109],[-334,-383]],[[515820,428246],[-380,111],[-164,-739]],[[515276,427618],[-643,-1123],[-266,12],[-298,-794],[-485,-570],[-469,-117],[-554,-700],[-345,310],[-1242,-180],[-464,592],[-201,-210],[-3341,1],[2,-3833],[307,-519],[-247,-989],[-213,-236],[42,-410],[-221,-730],[-529,72],[-125,-277],[-451,337],[-237,697],[-198,62],[-740,-310],[-412,108],[-581,-344],[-200,-984],[-770,-632],[-143,-673],[288,-654],[-167,-1257],[360,-773]],[[502733,413494],[-386,-484],[-109,-564],[-2235,337]],[[500003,412783],[-809,684],[-529,846]],[[498665,414313],[-821,-619],[-374,45],[-70,647]],[[497400,414386],[-352,-32],[-641,488],[-113,547],[-437,92]],[[495857,415481],[118,260],[-154,206],[-405,-179],[-552,275],[361,1027],[-475,359],[-159,381],[-461,242],[-487,-239],[-482,255],[-379,815]],[[492782,418883],[161,942],[-379,235]],[[492564,420060],[-138,361],[-713,196]],[[491713,420617],[-237,-340],[-421,-127],[-123,1209],[-723,131],[-474,-157],[-396,371]],[[489339,421704],[-839,-1867],[-82,-1297],[-262,-202],[-469,138],[-8,1255],[-677,262],[-380,557],[-240,5],[-246,-427],[-499,-43],[-827,-2077],[-58,-1602],[-684,516],[-295,-47],[-56,-372],[170,-330],[-342,-612],[243,-382],[12,-366],[-374,-28]],[[483426,414785],[-105,-455]],[[483321,414330],[-683,-665],[-617,12],[-436,275],[-76,678],[633,492],[40,321],[-625,254]],[[481557,415697],[-74,825],[-1182,-547],[-131,597],[224,443],[-158,704],[-523,341],[161,1454],[-334,1409],[173,891],[-65,1494],[845,1183]],[[480493,424491],[-98,1684],[-430,289],[-1064,-265],[-483,499]],[[478418,426698],[-1136,531],[-349,1090],[154,484],[-217,535],[-302,132],[-985,1257],[-271,-121],[12,232],[-643,678],[19,871],[-675,1464],[-11,472],[-885,-812],[-1884,-5833],[-940,209],[-324,269],[-7936,62],[80,1728],[557,832],[-199,199],[-435,-266],[-612,122],[-70,640],[-334,246],[495,800],[-502,75],[-190,469],[209,565],[392,96],[256,531],[445,129],[-196,442],[-578,-42],[251,419],[-102,483],[227,408],[-129,566],[-269,312]],[[461341,436972],[60,486],[-354,-493]],[[461047,436965],[-49,328],[192,288],[-1387,22],[-1065,1726],[-1264,1265],[147,1636],[-2326,552],[-1388,1131],[-1066,1265],[-1561,72],[-1169,533],[-876,823],[-1461,-9],[-1052,1457],[-195,523],[-5964,124],[-142,-280],[2,-2492],[211,72],[-80,-322],[249,-87],[781,77],[160,-224],[15,-927],[-751,-23],[-861,-626],[-433,378],[-1745,-13]],[[437969,444234],[-1166,-661],[-560,-55],[-1424,-755]],[[434819,442763],[-798,-1850],[-279,263],[-1478,-1311]],[[432264,439865],[-834,345]],[[431430,440210],[229,854],[-701,186],[-761,1134],[90,135],[-1153,1506],[108,817],[-1306,-146],[212,391],[-300,322],[-716,1761],[-121,689],[-828,-2],[-563,1397],[-1246,5271],[-62,1086],[583,0],[-34,3798],[-769,-95],[4,1906],[1102,-3],[5,2438],[-264,402],[266,278],[-13,735]],[[425192,465070],[6340,5]],[[431532,465075],[8886,536]],[[440418,465611],[13,2338],[11,6978]],[[323587,170484],[-3006,-1592],[-857,-667],[-332,10],[-791,-605],[13,1658],[817,7625],[-165,2121],[671,6276],[-67,2797],[635,1906],[-76,824],[792,7221]],[[321221,198058],[4796,-990]],[[326017,197068],[718,6478]],[[326735,203546],[145,96],[173,-307]],[[327053,203335],[-158,-121],[63,-448],[248,-142],[377,149],[661,-1079],[674,-318],[151,261],[251,-143],[218,225],[176,-235],[222,198],[127,-193],[1346,124],[295,-294],[-57,-529],[277,-194],[-13,-445],[703,-252],[150,786],[337,-64],[161,-176],[-101,-451],[471,-106],[217,-278],[-100,-309],[107,-280],[181,-138],[288,416],[420,-636],[297,556],[287,-43],[261,-359],[272,564],[413,266],[358,917],[-208,270],[311,588],[307,-225],[605,327],[593,-337],[263,-328],[248,-1077],[280,112],[115,313],[899,-170],[58,1098],[345,-90],[311,215],[54,410],[-125,52],[133,139],[523,-159],[272,484],[395,-92],[61,-293],[439,-314],[68,292],[193,-177],[-102,-117],[116,-384],[701,1036],[335,-247],[429,172],[-94,673],[562,-213],[2192,132],[1235,959],[648,797],[61,-463],[-510,-961],[-368,-1595],[110,-361],[366,-259],[268,-1039],[493,5],[799,530],[101,1087],[-166,284],[330,691],[580,-1114],[506,1165],[481,-1798],[493,414],[44,-639],[218,-130],[43,948],[-299,1011],[258,318],[541,-664],[711,-10],[-124,-390],[312,-1034],[450,-313],[169,-635],[459,158],[316,-1098],[599,-289],[140,-444],[662,331],[463,-495],[596,61],[502,-1085],[-602,-311],[14,-641],[572,362],[765,-521],[59,458],[842,388],[289,253],[10,593],[617,299],[301,-94],[148,-310],[126,-736],[-290,-180]],[[361250,196157],[652,-470],[722,1087]],[[362624,196774],[-22,-349],[287,-63],[-35,377],[249,153],[68,540],[557,343],[261,-639],[-224,-638],[2116,752],[260,-709]],[[366141,196541],[-192,-1445]],[[365949,195096],[140,-505],[-819,-1299],[-206,-2428],[-244,-569],[235,-413],[-1250,-11977],[18275,-3763],[-607,-5427],[-391,-277]],[[381082,168438],[-64,-963],[-430,-291],[-551,252],[-346,-940]],[[379691,166496],[-1095,-573]],[[378596,165923],[362,-1143],[-754,-989],[-4308,-2394],[-564,-973],[113,-565],[-282,-963],[196,-766],[-818,-353],[-177,-264],[39,-434],[-976,7],[-727,-517],[-637,-772],[-109,-728],[-854,-959],[-372,-1276],[-687,-916],[-764,-437],[-751,-1130],[-1023,-442],[-561,-1094],[271,-1363],[-3190,-680],[-2800,-1483],[-599,-651],[-190,-892],[-620,36],[-747,-856],[-140,-1404],[156,-331],[365,-156],[-4018,-325],[-1551,-800],[-620,-979],[-330,-1265],[-583,-552],[-264,-1728],[-840,-682],[-587,-1500],[-4243,94],[-2313,-699],[-1164,-826],[-208,-522],[106,-410],[-108,-683],[-258,113],[-51,-412],[-705,-887],[-674,-310],[-637,-869],[-1218,-2570],[-305,-199],[-1072,-1741],[-1020,-2249],[-287,-1985],[1076,-1139],[-72,-554],[-302,-548],[-888,-290],[171,-201],[-16,-815],[-279,-833],[-264,-313],[-584,-33],[-178,-734],[-548,-938],[-1267,-190],[-292,-531]],[[331055,111930],[-13486,2478],[190,1785],[1288,-284],[587,683],[-53,360],[278,902],[600,351],[148,430],[-105,2862],[478,1142],[-1139,221],[229,2120],[-1347,245]],[[318723,125225],[4253,39363],[611,5896]],[[203222,755349],[-5038,9293],[-1536,257]],[[196648,764899],[1,5515],[214,4843],[249,677],[473,5004],[-5082,94],[4,5419],[-122,304],[1,1844],[123,303],[7,9484],[-122,16493],[-306,916],[308,914],[1,1065],[122,-1],[8,7213],[-239,0],[-438,604],[-1477,-195],[-579,286],[-1042,-321],[-1104,132],[-275,-461],[-1075,524],[335,2187],[-230,821],[-660,333],[-89,509],[-12957,26],[-174,21067]],[[172523,850498],[1025,-964],[349,237],[459,1066],[580,-1894],[1259,42],[21,-1200],[712,-1255],[449,210],[262,988],[446,433],[1034,-888],[1031,213],[1008,-395],[1292,-1612],[1142,-905],[707,-56],[914,270],[875,796],[571,963],[210,2311],[-379,846],[-373,277],[-1469,-607],[-648,679],[-143,537],[31,1899],[-354,1505],[56,1103],[168,436],[574,238],[951,-1206],[585,-247],[580,652],[1066,426],[1025,1497],[258,-307],[55,-1352],[352,-1083],[418,-356],[863,-280],[632,511],[222,507],[-1120,943],[-69,434],[301,860],[353,104],[1010,-949],[433,47],[507,387],[-188,732],[-988,613],[-481,668],[99,869],[569,926],[64,650],[-982,2046],[-368,1921],[182,1538],[400,386],[473,-102],[1305,-1213],[637,-351],[252,78],[284,644],[16,1519],[-254,1108],[-788,548],[-673,-124],[-691,1434],[906,2233],[-268,979],[454,897],[193,1304],[222,246],[534,-51],[132,163],[-151,736],[-1668,-148],[-321,255],[109,495],[1116,-4],[379,434],[-182,1197],[-308,802],[48,729],[193,320],[286,29],[1168,-554],[333,316],[215,945],[427,314],[783,-1292],[1389,-741],[1096,51],[677,466],[482,656],[-13,1217],[-337,387],[-1139,-121],[-355,247],[-171,683],[326,1445],[216,96],[914,-681],[1039,305],[1569,-314],[196,147],[-23,575],[-1210,744],[-294,649],[217,570],[424,-273],[409,71],[381,1075],[512,454],[151,500],[-96,1014],[289,927],[143,-69],[252,-868],[1247,-508],[521,-1343],[-820,-750],[-696,-1392],[21,-405],[390,-371],[136,-592],[-1115,-423],[-595,-482],[158,-1219],[884,-1368],[285,-99],[187,26],[385,1660],[797,-38],[130,-449],[-189,-690],[-753,-1289],[3,-883],[225,-417],[1499,-764],[183,468],[-182,1313],[237,487],[273,70],[228,-322],[-126,-820],[112,-505],[234,-259],[934,-195],[296,-370],[271,-2454],[487,-145],[283,1234],[537,177],[373,-289],[552,-1389],[818,112],[-678,-1235],[-583,-542],[-178,-582],[171,-776],[261,-270],[151,137],[-48,855],[216,238],[166,-98],[101,-951],[830,-1215],[-255,-1326],[-919,-1012],[-81,-533],[403,-376],[567,586],[317,-9],[55,-1216],[359,-858],[1173,536],[79,-259],[-216,-730],[177,-503],[784,196],[6,378],[-351,567],[65,397],[559,-277],[419,351],[-90,508],[-559,281],[-117,328],[209,344],[584,226],[123,1500],[958,753],[901,88],[616,531],[97,-336],[-391,-939],[120,-391],[1146,187],[288,-1016],[946,-240],[168,-856],[402,-623],[393,59],[532,815],[229,32],[-128,-1182],[539,-884],[536,-3127],[544,-643],[510,375],[568,2032],[-101,996],[-691,1298],[1196,476],[360,1123],[157,-186],[19,-906],[408,-1088],[211,-26],[280,720],[237,118],[1349,-281],[442,-490],[-44,-568],[-985,-1809],[3,-930],[238,-555],[584,-227],[704,381],[267,1919],[289,221],[632,-222],[-302,-864],[-39,-859],[1114,-2078],[546,639],[-762,1472],[24,613],[298,505],[324,-144],[53,-1076],[347,-942],[442,-419],[431,77],[423,378],[691,1445],[235,1920],[420,211],[120,-2129],[485,-1265],[375,-390],[1468,-637],[474,956],[1021,755],[498,2159],[171,64],[971,-1271],[-624,333],[-449,-280],[-559,-2389],[75,-380],[282,-28],[1362,1547],[636,181],[-13,-361],[-1024,-705],[-117,-418],[91,-495],[307,-112],[553,473],[852,106],[165,-1393],[1381,-1346],[149,167],[-87,984],[634,667],[300,1160],[590,275],[254,-214],[202,-573],[22,-985],[-258,-1587],[187,-546],[640,-410],[229,106],[270,1257],[594,718],[34,-424],[-375,-647],[152,-444],[1384,877],[343,-142],[581,-684],[-374,-732],[82,-1509],[384,-923],[521,-182],[812,760],[657,190],[400,-569],[-843,-585],[-112,-589],[823,-849],[-240,-1882],[95,-500],[491,-675],[505,188],[-175,1368],[157,556],[324,182],[687,-94],[307,361],[302,-465],[86,-1354],[529,-574],[346,98],[523,779],[726,408],[220,510],[969,-797],[-603,-64],[-99,-567],[415,-447],[17,-235],[-736,-878],[-1184,-505],[-238,-1189],[74,-387],[547,-721],[471,275],[81,683],[1142,-547],[-133,-628],[484,-511],[-276,-727],[-12,-580],[351,-614],[769,-571],[356,45],[-283,1880],[352,42],[527,-1023],[226,-96],[300,1049],[831,825],[484,228],[428,-156],[82,-1310],[536,-639],[384,-20],[816,886],[189,-215],[60,-795],[184,-313],[394,-40],[983,518],[641,-644],[51,-328],[-496,-1714],[43,-514],[489,-647],[561,-277],[281,-929],[-881,-1216],[287,-1269],[-398,-862],[100,-822],[-1145,-1511],[236,-374],[451,350],[840,76],[24,-264],[-718,-81],[-388,-1088],[238,-508],[578,-414],[-516,-750],[79,-515],[-570,-219],[-564,-848],[-126,-961],[623,-134],[-239,-401],[280,-220],[-126,-396],[-381,-89],[-255,397],[-51,-771],[-227,-273],[207,-243],[-347,-506],[-90,180],[243,349],[-689,674],[-135,-349],[-316,47],[-46,-548],[-223,-314],[118,-590],[676,-715],[-298,-498],[215,-260],[-5,-357],[547,-705],[-304,-319],[242,-243],[127,-637],[333,-517],[259,201],[193,-197],[216,-1038],[-355,-1437],[410,-1211],[-192,-570],[-384,-245],[-8,-641],[417,-22],[-298,-721],[-214,-204],[-267,740],[81,332],[-228,194],[-130,-509],[-295,268],[-175,-477],[-341,-251],[-285,241],[57,-740],[-298,-342],[318,-555],[-141,-221],[-364,27],[-79,-260],[253,-447],[13,-2514],[397,-335],[-199,-639],[263,-986],[-78,-536],[-225,-145],[-74,-486],[-251,-238],[59,-1323],[511,-227],[342,260],[373,-535],[97,-479],[584,-954],[254,-1526],[-445,-815],[-88,-594],[200,-459],[-361,-626],[50,-270],[290,-212],[-225,-313],[259,-279],[-78,-690],[161,-857],[-610,-10],[-313,688],[-532,-297],[-87,-255],[224,-239],[412,5],[-376,-782],[124,-143],[436,249],[-181,-531],[93,-331],[383,58],[266,492],[223,-32],[-357,-568],[-314,-1491],[223,-226],[225,167],[-42,871],[290,295],[346,-1332],[-342,-922],[95,-284],[440,-207],[-91,598],[136,127],[280,-584],[697,-593],[-131,-1009],[-290,314],[-30,479],[-541,247],[-315,-704],[-2,-424],[510,-282],[209,-427],[-289,-475],[8,-499],[-615,-254],[389,-390],[300,-9],[-223,-501],[375,-375],[-335,-14],[-120,-270],[549,-1022],[-526,-165],[-30,-208],[411,-137],[-29,-528],[421,-1214],[220,197],[-213,462],[67,270],[430,-462],[27,655],[874,-656],[22,-151],[-306,-23],[-55,-189],[226,-682],[-98,-522],[363,-621],[-19,-491],[444,-656],[311,96],[570,-541],[304,-1242],[1153,-1652],[-38,-1083],[438,-369],[55,-400],[-189,-601],[-532,-487],[-268,-685],[522,-662],[-392,-203],[-87,-380],[536,95],[-542,-1474],[-55,-659],[243,-145],[49,517],[329,-201],[252,267],[447,-1196],[-258,-580],[-498,-409],[71,-572],[128,-183],[238,296],[225,-142],[-239,-616],[503,-807],[163,-17],[392,598],[412,-740],[587,-114],[301,189],[475,-302],[284,122],[707,943],[339,-838],[350,-256],[247,297],[-8,548],[595,247],[650,-122],[495,175],[82,-917],[638,-482],[250,-478],[110,-885],[607,154],[160,-2342],[593,-879],[1396,167],[1097,-312],[396,343],[435,62],[385,782],[1195,193],[292,247],[495,-1291],[234,-280],[473,-32],[742,546],[813,118],[573,520],[149,407],[-354,785],[59,279],[724,98],[656,570],[441,40],[820,-849],[528,-975],[496,-453],[103,-1108],[-565,-1227],[38,-759],[205,-302],[-311,-116],[-258,-523],[-941,-174],[-32,-366],[280,-434],[-332,-639],[677,-521],[35,-861],[438,-1121],[-343,-1741],[78,-471],[237,-230],[152,124],[-7,593],[368,-387],[561,471],[-302,-800],[182,-710],[300,-128],[511,243],[116,-298],[-339,-596],[-267,3],[-98,-425],[648,-253],[64,-252],[-465,-577],[8,-352],[-286,38],[-219,-275],[-276,-1529],[295,-463],[-586,-78],[96,-923],[-421,-39],[-335,401],[-233,-218],[387,-691],[-555,-490],[-114,-1025],[-399,-800],[91,-854],[-259,-418],[304,-547],[-14,-962],[-229,-810],[353,-1084],[193,-275],[335,126],[242,1034],[164,77],[72,-624],[259,-76],[327,244],[218,-192],[337,-1044],[550,-221],[103,-618],[752,-138],[182,-306],[-134,-493],[688,-1339],[-82,-632],[311,64],[293,-290],[143,-665],[428,455],[269,-235],[60,-619],[-362,-940],[633,-985],[59,-927],[229,-243],[342,41],[-60,927],[238,413],[150,-22],[251,-712],[344,251],[180,-602],[-411,-527],[-172,-590],[345,-758],[596,16],[282,-939],[719,383],[229,707],[546,106],[-164,665],[358,106],[168,1137],[371,-180],[311,182],[361,-299],[171,155],[-255,685],[111,587],[-292,285],[277,236],[93,969],[768,-57],[226,200],[281,-541],[405,-116],[19,977],[158,164],[502,-599],[62,-1159],[394,-115],[32,-1165],[427,24],[106,483],[487,694],[176,-532],[-293,-1268],[228,-462],[245,85],[397,970],[283,-144],[12,-375],[-285,-381],[-5,-759],[650,-71],[1301,527],[407,-65],[179,-689],[326,236],[515,-142],[502,571],[152,835],[39,-453],[569,159],[63,-894],[285,-10],[341,-387],[565,484],[231,-110],[-174,-1502],[656,-239],[-195,-583],[20,-410],[184,-232],[-424,-407],[-382,-45],[-291,-912],[143,-479],[637,315],[-32,-447],[-358,-617],[45,-328],[279,-85],[391,330],[341,-417],[523,-21],[1491,306],[19,-453],[257,-229],[116,-645],[359,-62],[363,-729],[402,-195],[533,227],[1160,-1011],[-16,-266],[-714,-865],[21,-292],[304,-206],[110,-382],[-836,449],[-715,-198]],[[315114,716710],[-421,-1339],[-273,-99],[279,-546],[-22,-285],[432,301],[20,-418],[-411,-150],[-150,-285],[-359,94],[-246,-369],[64,-369],[-200,-207],[243,-418],[239,274],[110,-507],[134,159],[251,-278],[396,57],[-137,-492],[182,-64]],[[315245,711769],[88,-547]],[[315333,711222],[81,312],[125,-238],[196,104]],[[315735,711400],[76,-925],[-161,-426]],[[315650,710049],[262,1],[105,-255],[-120,-335],[238,-1344],[-660,-1],[-1,-1542],[-4982,-6],[-1227,732],[0,386],[-4518,27],[1580,-2887],[1244,-3104],[-665,-844],[-9949,22],[11,-2685],[286,-18],[8,-5633],[-27193,58],[-287,-538],[-11716,42]],[[258066,692125],[-2,-15404],[-9748,26]],[[248316,676747],[-374,2656],[245,989],[-99,742],[-159,711],[-492,708],[-573,3303],[413,862],[-3,2544],[144,719],[698,990],[15,1791],[336,1421],[-388,2459],[-110,266],[-1385,1045],[-662,11],[-379,321],[-512,57],[-797,-482],[-1292,191],[-1350,-409],[-283,213],[-363,1114],[216,1499],[-433,213],[-299,783],[-488,473],[-130,1804],[436,881],[351,1688],[70,2036],[-14870,-6],[-11,22592],[1464,35],[-433,11914],[403,857],[-36,959],[-443,425],[-278,9873],[-16298,1956],[0,1566],[-2923,-736],[-980,57],[-356,736],[-358,-303],[-7,-817],[-658,-430],[-1663,-1675]],[[679375,569525],[-1933,5793]],[[673727,587839],[806,1094],[-11,952],[735,107],[218,-835],[251,89],[290,1430],[-616,406],[246,1518],[774,158],[-172,775],[580,579],[-389,1632],[255,1523],[237,105],[105,-610],[213,28],[-18,1000],[237,579],[315,-589],[321,-115],[158,616],[297,265],[77,562],[679,144],[-506,169],[-39,229],[506,260],[348,-142],[242,768],[290,-718],[281,72],[3,539],[-416,570],[-27,573],[237,22],[70,-621],[294,34],[244,811],[-285,394],[-28,376],[377,-66],[44,586],[392,589],[-619,272],[-664,733],[160,267],[383,-403],[228,418],[26,385],[-299,450],[189,551],[-74,616],[258,27],[115,-829],[366,178],[225,502],[-100,908],[-759,-127],[-56,431],[784,-108],[251,-366],[198,17],[149,577],[-462,320],[46,594],[639,-653],[411,111],[-73,754],[-410,542],[528,466],[267,-368],[185,14],[288,1128],[177,-39],[-203,-505],[272,-530],[-299,-704],[474,-340],[-224,-559],[365,-642],[-115,-1228],[378,-380],[60,-846],[624,-801],[495,-25],[362,-502],[-207,-883],[171,-371],[255,169],[293,949],[663,-770],[657,911],[361,86],[1815,-1276],[769,-166],[-17,-785],[638,-500],[243,198],[881,-1078],[313,-127],[958,664],[664,-360],[433,11],[800,1183],[758,-181],[389,934],[1043,-599],[1670,429],[1456,-758],[303,612],[276,131],[247,-784],[364,143],[644,-381],[134,-380],[254,333],[164,-519],[368,45],[-280,-505],[502,-736],[-13,-644],[454,-748],[272,-4],[262,517],[-468,888],[192,193],[548,-387],[-52,-695],[189,-524],[272,570],[855,768],[320,1387],[1273,934],[372,1047],[631,967],[-113,580],[-619,811],[-60,1115],[360,1125],[706,601],[28,1061],[-262,691],[496,1258],[60,574],[909,919],[500,803],[439,8],[-62,508],[-251,-194],[425,449],[76,326],[-292,-230],[1083,1065],[979,-192],[-115,285],[133,1],[48,317],[-461,752],[-79,555],[531,231],[127,345],[-165,277],[-501,-168],[-112,174],[192,443],[418,322],[-253,874],[164,556],[395,-279],[188,389],[879,686],[376,-910],[751,241],[292,-322],[463,-36],[1004,-803],[462,-9],[500,-563],[379,63],[213,-571],[626,-428],[334,123],[272,461],[-192,1194],[523,899],[548,542],[794,161],[718,-169],[-151,141],[276,146],[302,-1262],[766,97],[348,940],[279,59],[498,-597],[252,-750],[475,-395],[237,-520],[10,-534],[490,-818],[491,676],[718,-432],[313,-426],[23,-351],[-509,-491],[-655,-1626],[553,-735],[-50,-650],[149,-625],[812,-108],[1012,-1359],[917,-581],[321,-1203],[351,-167],[514,307],[1331,2066],[1231,634],[491,749],[-289,1278],[-1775,-111],[-355,863],[-370,318],[-1246,-1185],[-8,783],[466,688],[-366,428],[70,819],[503,-512],[766,-301],[562,754],[196,4],[-384,-653],[25,-235],[967,19],[-34,-624],[258,-501],[428,181],[-1,830],[236,371],[1480,-354],[393,-509],[-105,-773],[514,-511],[2117,2228],[1914,1057],[195,419],[320,1976],[484,714],[843,377],[1987,295],[274,-399],[582,30],[755,1137],[738,420],[1166,1233],[493,280],[320,-288],[308,-1014],[408,-632],[-99,-840],[200,-503],[313,-271],[786,-116],[1411,-1733],[907,-190],[824,522],[727,-780],[1088,-10],[20,-232],[-606,-212],[-131,-579],[174,-236],[510,89],[431,-713],[242,121],[139,402],[875,-259],[918,659],[1077,-236],[560,-433],[254,-825],[255,-47],[-284,-807],[474,-724],[454,199],[395,-327],[124,222],[647,-156],[188,153],[743,-980],[84,817],[258,-512],[283,222],[531,6],[58,-319],[-437,-175],[236,-1080],[823,169],[350,325],[198,-988],[200,29],[50,337],[239,142],[414,-759],[332,500],[995,-1079],[-72,-543],[160,-462],[363,188],[-119,490],[397,117],[981,-421],[186,838],[-386,483],[678,100],[511,-662],[682,124],[159,-515],[-605,-680],[330,-268],[290,241],[267,-612],[-284,-836],[344,-404],[-477,-1328],[376,-372],[-632,-259],[508,-332],[-395,-681],[421,-345],[282,161],[691,-307],[832,-1184],[-60,-217],[-368,232],[-438,-100],[94,-351],[392,-48],[-394,-275],[-68,-636],[705,-337],[436,-657],[371,290],[8,722],[613,-284],[114,-461],[162,-64],[401,86],[64,490],[348,-71],[233,398],[430,180],[100,-245],[-357,-101],[-36,-240],[309,-5],[175,-346],[471,-198],[194,189],[-67,475],[563,65],[342,884],[-114,-1508],[685,-22],[263,1192],[-4,-868],[274,349],[434,-87],[-90,-182],[-297,142],[-74,-235],[80,-248],[272,-61],[-159,-600],[86,-412],[237,-113],[-55,550],[115,45],[233,-656],[124,126],[-26,619],[410,106],[229,462],[198,-86],[-258,-343],[-78,-531],[126,-444],[-74,-645],[229,-408],[-301,-272],[104,-282],[-140,-272],[-163,319],[-33,-321],[-342,-258],[117,-168],[247,155],[-14,-279],[-434,-151],[-120,-401],[6,-380],[276,92],[-195,-539],[231,-358],[-115,-191],[-301,27],[13,-592],[-180,-216],[-520,339],[-96,-417],[296,-591],[-440,-681],[63,-360],[463,-463],[463,164],[-252,-274],[59,-310],[709,71],[-295,-565],[188,-314],[60,447],[235,-151],[56,-376],[-219,-520],[577,331],[-375,-770],[202,-398],[-397,-62],[177,-732],[-349,-128],[-162,-343],[515,106],[65,-365],[-335,124],[-111,-561],[168,-217],[468,189],[24,-177],[-564,-132],[246,-412],[-527,-454],[128,-329],[360,-46],[272,-340],[261,208],[80,-124],[-131,-789],[425,-569],[-131,-768],[262,-913],[490,-87],[-64,536],[198,364],[73,-669],[374,371],[216,-322],[278,-25],[204,-468],[195,4],[140,339],[272,-12],[269,-233],[76,-586],[286,304],[-357,337],[60,143],[452,-539],[196,328],[343,78],[-41,-369],[-264,-336],[65,-416],[-171,-403],[194,-335],[-65,-407],[-410,586],[-280,-1133],[-370,146],[-120,303],[-183,-80],[194,-1089],[276,-509],[445,92],[404,-334],[-122,-343],[-363,-19],[-142,-737],[-436,49],[-167,-468],[300,-504],[-26,-470],[-307,382],[-176,-493],[137,-608],[-112,-355],[263,-270],[-24,-364],[153,-174],[-135,-434],[95,-126],[170,286],[84,-231],[188,57],[327,-1050],[313,131],[183,-393],[-179,-197],[146,-391],[299,3],[-81,-825],[259,-947],[-82,-315],[-316,-166],[199,-697],[-286,-370],[114,-430],[-440,246],[-362,-1304],[-285,180],[-154,-251],[81,-546],[530,-614],[46,-722],[320,-256],[-101,-690],[150,-579],[-643,-526],[-78,-702],[219,-449],[398,-254],[183,-457],[-179,-464],[470,-727],[17,-560],[-666,-722],[131,-152],[-117,-472],[250,-703],[-251,-500],[233,-696],[293,-292],[-292,-27],[-144,-320],[241,-505],[465,133],[-199,-1049],[187,-592],[-452,211],[-78,-148],[459,-1271],[338,78],[168,-188],[-303,-188],[149,-764],[-202,-322],[-296,165],[-338,-1034],[387,-771],[529,243],[354,-373],[66,-620],[359,-110],[507,456],[453,-653],[-99,-447],[-755,-424],[34,-823],[451,-1076],[-331,-373],[126,-971],[-342,-153],[-315,-805],[41,-541],[-325,-493],[294,-257],[114,-509],[-474,345],[-285,-644],[25,-613],[-500,-1138],[50,-284],[430,81],[281,301],[141,-251],[-292,-132],[-341,-763],[386,-601],[-615,-726],[760,-501],[34,-240],[-787,-1025],[-83,-453],[566,-408],[418,292],[73,-1076],[292,-510],[456,-6],[486,-371],[32,-1141],[-424,-382],[589,-1323],[1811,-474],[445,-793],[-103,-592],[242,-231],[165,-856],[425,-233],[108,-587],[57,-489],[-220,-473],[153,-403],[-109,-558],[94,-1332],[1568,-1008],[512,158],[550,-183],[734,-749],[381,-36],[367,-657],[-248,-1223],[174,-326],[105,-1254],[-135,-273],[-514,-240],[778,-467],[14,-266],[-280,-742],[-411,-343],[-263,-807],[802,-624],[115,-518],[272,-236],[-22,-1140],[204,-904],[1090,-2365],[-365,-1011],[37,-400],[-348,-308],[36,-912],[-597,-494],[66,-829],[-546,-912],[1001,-2393],[5,-750],[259,-99],[194,360],[1051,436],[261,336],[-27,521],[157,104],[155,-538],[766,-871],[-240,-1155],[660,-237],[-207,-1340],[489,299],[88,737],[388,138],[211,-858],[534,119],[340,-487],[1214,662],[119,-252],[-179,-602],[82,-744],[736,-143],[538,-478],[191,321],[272,-94],[-268,-355],[134,-745],[221,-216],[425,149],[90,-452],[676,-535],[-111,-290],[-423,-235],[351,-713],[-497,-366],[-178,-772],[-183,-113],[14,457],[-152,61],[-365,-334],[-90,-365],[808,-144],[477,399],[-99,-846],[319,-314],[-233,-650],[518,249],[196,-1328],[-472,-587],[-148,-1135],[-352,313],[160,-852],[317,-463],[-449,-35],[-65,-643],[-209,-352],[-5,-370],[216,-186],[-48,-511],[-313,-118],[-202,-495],[-385,-26],[90,-510],[-380,-598],[340,-527],[-658,-479],[-151,-578],[345,-500],[-8,-359],[-1001,-532],[-77,-776],[-456,-794],[-157,-10],[114,-425],[285,-148],[-208,-357],[368,-31],[-465,-822],[-209,-107],[-103,157],[-132,-983],[-859,-1033],[-152,-1528],[-232,-559],[-170,-144],[-272,545],[-343,-45],[-84,-772],[-806,-909],[-605,95],[-78,-435],[-399,-460],[-164,-715],[-469,-798],[-338,-111],[-193,191],[-400,-557],[665,-725],[-248,-1024]],[[795688,466418],[-19330,25358],[-46407,-24166],[47,-905],[-394,-750],[-340,-1241],[-1010,-757],[57,-417]],[[728311,463540],[367,-347],[76,-339],[-208,-506],[34,-726],[-340,-488],[-602,-490]],[[727638,460644],[-791,225]],[[726847,460869],[-1387,-715],[-442,-440]],[[725018,459714],[-142,-605],[-1206,208],[-1538,-494],[-117,-221],[105,-870],[-280,-930]],[[721840,456802],[-614,-194],[185,-420]],[[721411,456188],[-102,-957],[-220,66]],[[721089,455297],[-554,-362]],[[720535,454935],[-220,320]],[[720315,455255],[-1050,294],[-694,-147]],[[718571,455402],[-1002,1153],[-177,940],[-262,-96],[-242,379],[4,468],[-510,370],[46,215]],[[716428,458831],[-758,-66],[-13,277],[-633,601],[-127,482],[310,1617],[-150,509],[-1197,1003]],[[713860,463254],[-211,501],[-819,21]],[[712830,463776],[-823,1293],[-1030,-142]],[[710977,464927],[-1206,413],[-2014,-228],[-1087,496],[-651,-310]],[[706019,465298],[-612,286],[-499,1354]],[[704908,466938],[58,1321]],[[704966,468259],[-477,486]],[[704489,468745],[270,1500],[-434,2260],[121,529],[279,237],[30,1111],[-707,2452],[-296,7],[-281,483],[-783,320],[-624,695]],[[702064,478339],[-110,-271],[-386,-150],[-952,233],[-290,540]],[[700326,478691],[-433,138],[-290,551],[-831,-77],[-652,1187],[-761,-793],[-641,311],[-543,-248],[-414,103],[-663,619],[-965,-189],[-366,172],[-972,1211],[-782,2832],[-1232,1050],[-424,704]],[[690357,486262],[-439,-56],[-761,354],[-102,1128],[-615,617],[-31,999]],[[688409,489304],[832,1742],[-109,673],[151,1093],[-361,889],[-431,3019]],[[688491,496720],[240,732],[-384,783]],[[688347,498235],[-199,66],[-9,1335],[-417,944],[-662,448],[-749,70],[-51,823],[-623,838],[-656,239],[-355,394],[-514,-65],[-304,234],[123,2441],[233,1092],[-645,901],[-243,695],[280,846],[-616,119],[-425,1536],[-266,1586],[689,740],[-430,63],[-157,771],[-289,16]],[[682062,514367],[-133,357],[138,238],[-373,948],[153,485],[533,459]],[[682380,516854],[-419,187],[-99,321],[152,1402],[456,477],[185,-241],[268,421],[54,758],[795,-452],[-427,591],[-109,1073],[319,893]],[[683555,522284],[-23,1242],[281,-13],[309,-518],[318,-158]],[[684440,522837],[272,116],[509,-206],[745,266],[-31,509],[-417,448],[403,315],[-36,690],[606,178],[201,478],[-286,802],[189,229],[40,786],[544,702],[181,636],[-266,1067],[378,663],[-222,827],[577,539],[-55,826],[-346,722],[399,586],[-96,478],[465,47],[-63,1225],[-391,1238],[116,539],[528,662],[-158,409],[153,783],[-155,448],[159,523],[-69,284],[1231,-386],[-142,636],[315,154],[200,501],[321,72],[176,762],[1292,1960],[-34,968],[-297,1066],[-928,1229],[-368,1441],[26,498],[-468,467],[5,979],[-446,1452],[-645,136],[157,1357],[-1593,1732],[-73,650],[-589,1072],[-612,1691],[-88,1044],[-2368,661],[-2,705],[-654,915],[-204,734],[-668,159],[-104,290],[156,1208],[-1304,340],[447,2651],[-576,825],[-1102,904]],[[573496,555358],[-55,18613]],[[573441,573971],[10269,-17],[94,266],[-397,11],[4,478],[1456,-6],[35,-675],[-136,-350],[290,20],[102,-455],[81,262],[-139,363],[342,1211],[615,-102],[-317,365],[374,171],[-53,342],[192,28],[-421,1306]],[[585832,577189],[292,468],[-615,-190]],[[585509,577467],[-97,-569],[-154,441],[-149,-375],[-311,280],[-341,-115],[-167,641],[325,81],[33,314],[148,-63],[1,-270],[314,368],[-56,416],[178,448],[-182,266],[280,260],[-305,109],[190,427],[-251,160],[528,444],[-100,514],[-210,-117],[-41,536],[86,162],[271,-505],[121,107],[-71,883],[-338,241],[167,585]],[[585378,583136],[455,-374],[92,521],[-239,383],[-268,61],[255,581],[-513,881],[-696,38],[-237,-619]],[[584227,584608],[-534,523],[-387,-29],[-143,298],[-1560,318],[243,1318]],[[581846,587036],[-133,1139],[361,255],[186,-337],[-83,-320],[432,235],[222,-154],[-6,740],[-248,471],[372,199],[-174,292],[-347,-229]],[[582428,589327],[-102,275],[-196,-191],[-143,346],[-233,-4],[-69,-221],[-59,181],[210,452],[438,8],[-140,668],[297,-17],[63,229],[-305,257],[263,93],[316,-388],[146,231],[-186,1010],[-184,-381],[-340,423],[330,85]],[[582534,592383],[242,410],[-253,368],[-568,21],[-368,395]],[[581587,593577],[-301,-183],[-162,231],[-212,-274],[-192,162],[-49,272],[374,195],[224,548],[-104,871],[173,677],[-170,183]],[[581168,596259],[300,385],[6494,-1430]],[[587962,595214],[1771,-152],[-158,-1417],[2018,-507],[-1163,-10569],[23820,-5152],[260,102],[127,-455],[763,414],[429,-327],[1124,-233],[-144,-1174],[1205,-293],[-73,-593],[893,-207],[-53,-425],[-390,-249],[-530,127],[-296,-2396],[82,-562],[-139,-1372],[-344,-1289],[1163,-2529],[-138,-602],[-1390,-644],[-768,-1967],[-282,-335],[6559,-1342],[-1507,-14502],[378,510],[1016,71],[711,1341],[630,360],[821,60],[643,1000],[1192,636],[965,-226],[408,227],[384,1442],[1204,-156],[237,-929],[-327,69],[-82,-740],[-399,-279],[-274,-2565],[-374,-105],[-267,-2316],[452,-117],[-400,-2756],[-345,-94],[-114,-589],[-298,-475],[395,-123],[-678,-1633],[250,-1003],[-994,-1737],[1082,-21],[-239,-2875],[550,144],[-15,-171],[1614,-1580],[1023,142],[335,286],[-63,-701],[1405,-412],[-30,-316],[416,-109],[810,297],[1124,-742],[-115,-750],[862,-194],[28,-262],[488,-548],[130,865],[537,-122],[-33,484],[228,144],[-26,257],[335,-159],[14,-297],[2936,-612],[86,-7824]],[[639417,521361],[-489,-1244],[120,-596],[-315,-707]],[[638733,518814],[-19,-899],[-606,-387],[-348,-540],[-833,188]],[[636927,517176],[-271,-156]],[[636656,517020],[-595,354],[-476,-299]],[[635585,517075],[-266,-465],[-267,180],[-567,-111],[140,-296],[-1242,-1264],[-394,271],[-890,49],[-241,292],[-105,-473],[-251,284]],[[631502,515542],[-355,-59],[-320,-242]],[[630827,515241],[-187,-1751],[-359,78],[-88,-880],[683,-138],[-141,-1301],[-208,-359],[-691,-452],[-563,-1303],[1061,-1126],[148,496],[344,198],[687,-464],[205,504],[-43,831],[620,-675],[179,-856],[777,-1444],[-306,-59],[-180,-787],[-516,197],[38,-1144],[-268,-597],[-98,-935],[953,-1005],[454,-70],[-174,-591]],[[633154,501608],[130,-1443],[-850,-700]],[[632434,499465],[-266,-932],[-1398,-2486],[-71,-1230],[242,-829],[-503,-1666],[-8,-893],[-625,-698],[-277,-903],[-1151,-846],[-474,-855],[106,-1550],[-488,-598],[111,-398],[-300,-479],[-147,-1176],[429,-922],[-77,-1201],[344,-765],[90,-746],[384,-268],[150,-576],[404,-481],[-21,-776],[-704,-434],[149,-393],[-468,-665],[-376,-1148],[14,-384],[-894,-1041],[-203,-8],[53,-509],[-142,-316],[-353,14],[95,-528],[-367,-200],[-207,194],[-41,-468],[-3701,-5381],[7214,-12392],[1228,-1452],[-228,-607],[81,-2553],[-233,-512],[-175,-1409],[125,-1004],[-97,-468],[-1181,-1231],[-176,-289],[15,-379],[1030,-2264],[356,-252],[632,-32],[50,-1568],[-270,-773],[131,-1203],[268,-625],[-403,-1610],[-198,-2053],[515,-885],[38,-1164],[589,-988],[-516,-877],[-239,-881],[540,-842],[183,-948],[395,-651],[160,-1465],[-277,-604],[300,-704],[-81,-1542],[396,-121],[364,-615],[166,-763],[547,-730],[495,-210],[183,-25203],[-573,-300],[-862,166],[-525,-587],[-427,124]],[[631283,394458],[-368,-1428],[-1144,-680],[-49,-1007]],[[630443,386170],[239,-746]],[[630682,385424],[-34535,40588],[-2070,-31],[-243,894],[-593,275],[-593,-264],[-1230,1380],[-88,-100],[-308,1217],[-1027,212]],[[589995,429595],[-350,789],[96,743],[130,9],[-42,292]],[[589829,431428],[185,-24],[40,379],[-580,880],[-321,1588],[-450,-347],[-837,1017],[-638,174],[446,2993],[-37,613],[-629,790],[56,656]],[[587064,440147],[-1004,1103],[-208,870],[54,1710],[347,2400]],[[586253,446230],[414,589],[106,1010],[-433,4635],[116,2881],[-389,2917],[-336,651],[-234,1042],[266,642],[-91,475],[351,1081],[-123,1447],[412,143],[427,495],[-92,1300]],[[586647,465538],[537,1069],[-244,188]],[[586940,466795],[-306,840],[-44,2124],[-535,1281],[-1309,279],[-201,346],[77,1075],[-112,351],[494,1145],[30,1088],[-2363,9590],[424,3471],[504,663],[-360,117],[675,5094],[-813,109],[-357,349],[-427,-92],[200,1581],[-985,4],[-1,340],[-1002,26],[8,4630],[544,296],[-3,3868],[-526,-2],[11,3683],[772,586],[-5,2099],[740,6],[99,1224],[-827,703],[-326,948],[-1625,1546],[-970,2576],[2471,1325],[-343,834],[3275,2447],[-745,1978],[199,150],[-1724,5253],[683,283],[1012,10061],[-721,-423],[-588,-986],[-273,-15],[-135,458],[131,682],[-62,2442],[-849,2287],[-354,-632],[-696,-179],[-711,140],[-4,7748],[-1192,391],[-707,-664],[-1865,-56],[-1727,3095]],[[166758,164686],[3053,-584],[-63,-695],[1258,-222],[308,318],[100,-169],[315,129],[483,-1335],[673,-1122],[-274,-2633],[531,521],[-406,-4329],[470,431],[865,133],[2814,-757],[-274,-2438],[2056,-385],[-260,-2750],[2672,950],[2358,-155],[-681,-579],[1295,-237],[-115,-1908],[-316,70],[372,-1918],[-1002,185],[-194,-1890],[-296,44],[-255,-2529],[491,-149],[-31,-816],[-404,-350],[327,-189],[198,271],[153,-224],[-253,-2481]],[[182726,136894],[-645,359],[-206,625],[-320,-47],[-721,1117],[-401,227],[-107,367],[-311,-44],[-169,388],[-500,365],[-46,299],[-1549,1440],[-94,338],[-298,69],[-2018,1830],[-1655,1187],[-2052,516],[-1485,1644],[-931,282],[-818,-230],[-382,-596],[-62,-694],[41,-255],[483,228],[-493,-259],[-163,-307],[15,340],[-227,174],[-6,-514],[-118,2],[-496,1063],[-320,-63],[-135,347],[-421,38],[-268,343],[-339,-133],[175,515],[-233,367],[-367,191],[-307,678],[-549,303],[-966,1371],[-1243,1143]],[[162019,151908],[1079,3634],[-353,424],[-370,113],[36,3433],[344,3596],[2368,-326]],[[165123,162782],[1486,501],[149,1403]],[[707220,363722],[5303,12349]],[[712523,376071],[245,258]],[[712768,376329],[1702,-554]],[[714470,375775],[722,-1115],[1849,-234]],[[717041,374426],[-379,-129],[148,-1386],[-655,-1419],[294,-341],[22,-782],[573,-1438],[-9,-841],[430,-376],[98,-758],[-189,-947],[184,-289],[-193,-368],[447,-330],[260,-691],[575,-289],[364,327],[94,447],[317,111],[357,484],[906,-601],[220,-1194],[-719,-1462],[261,-115],[130,-372],[-2172,-21618],[-2226,636],[-214,-1510],[-348,-145],[-166,-380],[147,-316],[-215,-14],[-89,-440],[-390,-141],[100,-370],[-260,-316],[319,-257],[161,-762],[-163,-160],[533,28],[400,-506],[125,-515],[-607,241],[-246,-536],[117,-684],[-316,-22],[97,-461],[-395,375],[-324,-240],[7,-666],[-311,-456],[-45,-416],[490,-225],[-138,-244],[309,-695],[-237,37],[152,-600],[-310,-81],[-68,235],[-269,-316],[111,-606],[369,-74],[357,-401],[-989,-33],[204,-570],[-826,-154],[367,-240],[37,-645],[-613,187],[62,-299],[465,-222],[-55,-1227],[315,-294],[303,-713],[-597,-231],[-51,-784],[-461,84],[372,-452],[-226,-388],[231,-149],[112,-1674],[-493,-395],[485,-442],[-226,-496],[114,-490],[234,560],[233,57],[172,-941],[-205,-185],[455,-673],[-237,-658],[257,-123],[7,-1273],[516,139],[-27,-290],[-245,-163],[316,-233],[-119,-1238],[-395,327],[-113,-145],[234,-427],[129,-992],[-590,-252],[422,-479],[-268,-388],[-5480,1128],[-300,-2893],[-1018,-257],[-1008,-1556],[-323,50],[-497,893],[-323,-153],[-123,-634],[-977,264],[-423,745],[-161,-166],[66,-519],[-552,-695],[-167,86],[-261,988],[-912,-51],[-263,234],[-68,-412],[287,-510],[-178,-558],[-284,7],[-354,656],[-494,-310],[-380,-530],[-470,-236],[94,-263],[-312,-116],[70,-439],[-506,-542],[157,-291],[-117,-216],[-200,257],[-127,-219],[-161,160],[-553,-500],[20,262],[-369,-166],[-19,175],[-372,-239],[-31,-518],[-225,13],[9,187],[-247,-87],[-54,-403],[-165,220],[-536,38],[-219,372],[-658,24],[-38,425],[-277,-97]],[[694669,305650],[-69,373],[-174,-182]],[[694426,305841],[-332,78],[34,-221],[-149,87],[42,-205],[-203,-5],[-114,-273]],[[693704,305302],[119,-133],[-896,-341],[100,-1981]],[[693027,302847],[-1068,-3],[10,-679],[-641,-41],[-159,-1533],[123,-206],[-398,-169],[-47,-282],[140,-246],[-100,-518],[129,-67],[-209,-977],[439,-790],[-8,-488],[369,-872],[770,-289],[564,115],[266,423],[259,20]],[[693466,296245],[1005,-1486],[-2070,-16352]],[[692401,278407],[-243,-3],[-230,-677]],[[691928,277727],[147,-331],[-262,-266]],[[691813,277130],[34,-409]],[[691847,276721],[1700,-1026],[167,-648],[-38,-826]],[[693676,274221],[380,-421],[-369,-437],[-350,156],[-309,-164],[323,-398],[1236,264],[139,-359],[26,199],[325,87],[154,-699],[237,-51],[501,505],[114,-277],[472,122],[438,-326],[508,486],[856,-1436],[188,307],[364,-113],[-72,-285],[201,-193],[-172,-254],[-555,-83],[-1714,-2160],[-517,85],[-347,-420],[5311,-1009],[-1167,-10348],[484,-165],[14,-785],[-601,-106],[-126,-581],[472,-1052],[-332,-587],[35,-587],[-451,-860],[252,-37],[215,-687],[-440,-425],[-200,-546],[615,-658],[-259,-794],[252,-744],[651,-54],[-255,-940],[105,-370],[279,626],[498,-222],[101,407],[247,106],[102,-194],[-128,-100],[220,-45],[-362,-765],[4,-797],[-382,-615],[341,-665],[312,26],[9,-318],[-249,-389],[-600,37],[-135,-736],[698,-190],[283,504],[24,-814],[150,-120],[-105,-367],[-196,-118],[-130,305],[-304,63],[-253,-548],[445,-196],[87,340],[314,-352],[-12,-275],[-753,-328],[-60,-760],[-667,-521],[174,-756],[360,-240],[609,194],[965,682],[2346,1078],[798,-44],[4612,-1219],[-83,-541],[295,-35],[-126,-475],[358,-8],[124,-378],[-194,-285],[118,-224],[-119,-745],[290,-142],[423,-651],[83,-686],[211,-250],[-30,-1153],[348,-313],[-212,-503],[118,-630],[-492,-541],[313,-291],[-335,-730],[168,-708],[248,-250],[-226,-616],[466,268],[535,-1203],[-183,-468],[103,-463],[549,-161],[230,-482],[471,466],[287,-217],[183,534],[530,148],[792,-550],[202,-845],[-436,-403],[237,-703],[-313,-1825],[330,-476],[743,-196],[868,99],[1585,-1030],[2128,296],[728,-1020],[477,-2122],[-605,-874],[-29,-596],[135,-388],[447,-384],[115,-1333],[-83,-649],[-491,-353],[-157,-399],[656,-401],[161,-431],[-468,-95]],[[721423,213284],[-597,-645],[-268,-1220]],[[720558,211419],[112,-573],[290,-372],[-256,-238],[252,141]],[[720956,210377],[16,-377],[-1078,-195],[-261,-280],[203,-595],[439,-299],[469,144],[1158,1079]],[[721902,209854],[904,-51],[991,782],[430,-823],[715,157],[398,-200],[1098,2433],[471,623],[318,48],[882,798],[945,-995],[1083,200],[897,763],[558,-258],[728,170],[402,-260],[408,214],[1269,1711],[723,1502],[883,611],[1025,1267],[642,454],[-30,1670],[187,879],[295,292],[512,-373],[302,80],[951,963],[628,1042],[1559,1175],[101,2372],[986,1284],[2348,1364],[242,642],[830,4]],[[746583,230394],[2094,2172],[193,86],[854,-1654],[286,-1205],[-88,-505],[-2498,-1851]],[[747424,227437],[135,-610],[-388,-1045],[48,-606],[265,-370],[647,-282]],[[748131,224524],[-123,-543],[-8746,-9326],[-4785,-5510],[-8245,-10043],[-5295,-6938],[-5044,-7295],[-19428,-26779],[-7145,-9446],[-5494,-7897],[-2816,-3569],[-5954,-8370],[-6313,-9451],[-6453,-10632],[-5373,-7422],[-177,-16],[5,874],[324,558],[-17,503],[266,842],[379,371],[718,-54],[333,265],[353,636],[-140,1137],[601,-59],[661,592],[567,629],[309,798],[447,392],[28,300],[-498,-217],[-420,-816],[-1154,-972],[-63,-262],[-519,-44],[-209,-329],[88,-630],[-202,-205],[-1009,106],[-218,331],[-147,-352],[-149,21],[270,-300],[-106,-227],[-253,565],[218,243],[138,708],[-533,375],[-241,14],[-183,-396],[-677,-450],[-192,354],[-2545,104],[-438,330],[375,-745],[-374,-88],[27,-521],[-246,-874],[-952,366],[-251,372],[-310,-103],[-81,559],[-257,90],[-1085,-399],[-119,-394],[-651,-236],[-145,-446],[-625,-309],[-185,-345],[-214,104],[213,-242],[-172,-650],[108,-739],[-342,220],[143,205],[-206,665],[-492,-274],[-246,309],[-491,7],[609,-556],[527,53],[-932,-1391],[53,-731],[338,-833],[-454,-546],[122,-146],[-130,-378],[-694,-19],[-218,281],[-19,-219],[-923,-346],[-295,-438],[360,46],[-197,-676],[735,-38],[240,-74],[-27,-57],[-1060,0],[-1000,630],[-495,-315],[-267,-470],[-198,-1180],[-335,-301],[-383,397],[-405,-282],[329,-547],[-1195,854],[-808,1418],[-340,-43],[246,871],[-98,118],[-595,227],[-198,-292],[-258,158],[-45,-1108],[431,-1426],[-476,-437],[-94,-739],[-179,-27],[-242,470],[-361,-12],[-540,-865],[-358,-146],[-196,-544],[374,-490],[-517,-79],[-841,715],[-704,301],[-661,-143],[-647,210],[-634,-342],[-451,83],[871,257],[103,620],[477,432],[-10,497],[-463,1713],[-732,1252],[-376,-61],[-362,795],[-647,-714],[-150,-778],[156,-736],[505,-37],[100,-777],[-397,-1028],[-565,-387],[-343,-548],[-2295,-932],[-1414,-297],[237,-501],[-1008,-331],[-430,310],[603,286],[-1973,-116],[350,-62],[-63,-707],[-190,-103],[77,-294],[764,97],[-270,-218],[358,-196],[-482,-100],[-798,-1238],[569,-302],[-507,-1007],[-322,438],[181,426],[-2,1181],[378,247],[-366,256],[-32,440],[289,305],[-418,9],[41,370],[-372,-564],[-28,-1885],[-143,472],[110,988],[-144,1053],[-357,276],[-159,-23],[179,-282],[-5,-778],[-323,683],[-743,296],[-313,-218],[259,-70],[-87,-171],[-735,-585],[-381,-33],[-24,-184],[-65,168],[-432,-120],[26,-406],[448,199],[429,-205],[941,671],[-236,-541],[462,-392],[175,-601],[-81,-614],[-406,-64],[11,-660],[-204,634],[-522,62],[-61,1118],[-273,-103],[-191,-426],[-43,-1166],[250,-944],[-197,-112],[-6,-171],[-334,127],[-1006,952],[-18,1249],[145,257],[-135,262],[267,257],[-30,451],[-332,-479],[81,-211],[-188,-83],[-288,23],[-162,541],[-288,-468],[-821,-28],[-47,-212],[-146,220]],[[616749,90771],[489,4791],[-603,122],[880,7817],[-376,81],[71,645],[-1524,362],[34,271],[-2091,514],[-64,-483],[-1630,364],[61,498],[-348,28],[85,374],[-1628,374],[175,1716],[-1487,326],[-119,-1015],[-924,195],[-60,-562],[-1291,271],[-53,-467],[-2045,455],[95,799],[-324,-86],[-239,382],[-771,-344],[-439,54],[-821,631],[-221,752],[-716,295],[-280,-555],[-526,333],[-243,-182],[-172,488],[169,259],[-88,270],[289,295],[-39,579],[-491,113],[-178,404],[379,546],[-671,113],[-131,375],[-381,115],[-491,-102],[-124,311],[-152,-42],[-96,-405],[-179,-10],[39,279],[-206,102],[-118,486],[-904,-93],[-288,357],[133,275],[-689,301],[91,388],[-561,80],[-331,-247],[-524,543],[-511,16],[234,412],[209,-58],[14,611],[-213,298],[114,236]],[[593949,116822],[-518,614],[74,301]],[[593505,117737],[269,138],[-211,913],[576,207],[193,684],[245,110],[-177,163],[128,522],[325,-50],[298,311],[-81,351],[142,242]],[[595212,121328],[-145,303],[556,-638],[1028,-312]],[[596651,120681],[452,-432],[529,196],[575,-218]],[[598207,120227],[1800,871],[-86,472]],[[599921,121570],[380,87],[184,423],[-285,426],[-246,34],[-275,778],[152,917],[-221,434],[161,305],[382,110],[161,722],[588,-28],[217,624],[384,93],[-413,1250],[201,-33],[368,373],[167,-100],[292,381],[104,-181],[308,61],[217,477],[433,179],[496,1207],[314,-41],[51,174],[146,-466],[363,203],[83,-171],[1077,897],[217,-60],[252,524],[-181,421],[345,602],[-397,297]],[[605946,132489],[791,682],[538,127],[368,459]],[[607643,133757],[608,78],[370,529],[942,-431],[68,1016],[208,204],[1495,2],[367,548],[759,84],[289,658],[-516,478],[114,199],[324,-25],[-70,453],[-331,517],[594,355],[307,570],[307,-349],[-287,-621],[38,-396],[203,-137],[-20,164],[382,160],[346,-122],[206,779],[996,-75],[1502,899],[556,-157],[67,697],[-203,550],[693,438],[300,64],[223,-224],[396,159],[705,-311],[2025,410],[48,409],[325,452],[-619,476],[362,357],[77,834],[-140,687],[1471,-332],[801,7766],[618,3772],[-136,28],[414,769],[34,759],[-159,466],[185,-33],[385,472],[198,530],[-2,592],[250,335],[-152,700],[128,1270],[-342,506],[98,153],[-212,405],[-36,620],[-114,-16],[123,956],[161,222],[178,-72],[304,858],[475,384],[94,451],[629,177],[505,831],[-81,185],[412,362],[92,837],[-320,247],[230,233],[104,611],[211,122],[-117,346],[270,607],[35,612],[353,326],[-179,694],[159,192],[-39,399],[356,331],[163,843],[-151,266],[288,717],[509,553],[-2,248],[341,149],[-18,312],[419,-70],[29,343],[257,141],[-61,189],[302,183],[-74,246],[141,321],[590,143],[-151,1157],[186,272],[-331,632],[256,562]],[[631736,180015],[-168,341],[175,296],[222,-28]],[[631965,180624],[152,391],[524,-138],[445,1019]],[[633086,181896],[753,-77],[602,980],[160,437]],[[634601,183236],[-77,348],[-340,287],[132,813],[141,261],[304,61],[190,852],[441,632],[-27,282]],[[635365,186772],[645,797],[-89,421]],[[635921,187990],[235,206]],[[636156,188196],[54,474],[680,641],[582,1264]],[[637472,190575],[64,882],[206,473],[-159,625]],[[637583,192555],[323,1315],[-291,51]],[[637615,193921],[-148,394],[-449,-23],[61,311]],[[637079,194603],[-299,431],[-163,-282]],[[636617,194752],[37,-714],[-426,-461],[-435,162],[61,298],[-473,679],[-305,-149],[72,384],[-517,-602],[-382,54],[-453,-294],[-260,414],[-198,-201],[-267,150],[38,-525],[-117,-53],[-37,485],[-236,-270],[-198,143],[284,256],[-152,175],[-333,-312],[-495,289],[-521,-368],[-206,41],[-59,307],[-406,-136],[28,307],[-192,-43],[-59,411],[313,-61],[33,237],[-484,313],[-168,-59],[12,-269],[-384,256],[-137,-134],[114,-463],[-470,-220],[-145,-468],[-204,225],[-215,-320],[-149,162],[-290,-115],[143,-268],[-212,-652],[-565,-245],[-182,272],[3,-370],[-444,85],[-109,-247],[-255,14],[-61,-313],[-136,193],[-356,-412],[138,302],[-225,120],[67,488],[-232,-452],[-87,303],[-175,-539],[-90,316],[-289,145],[-73,785],[-311,-421],[-167,360],[-285,45],[-72,290],[-777,-29],[-289,-281],[-925,444],[90,641],[182,176],[-186,499],[587,233],[-56,406],[402,93],[106,-330],[343,93],[28,266],[-157,36],[53,708],[-255,-143],[-147,143],[142,112],[-189,218],[81,322],[-135,308],[237,296],[-178,137],[148,367],[-275,-11],[107,313],[-188,341],[226,50],[-124,314],[104,347],[171,-78],[357,499],[-190,385],[158,42],[-37,380],[739,326],[289,1006],[-9,392],[-180,24],[242,1006],[2499,6440],[3872,-900],[269,2351],[987,709],[75,637],[-4294,962],[243,2745],[2919,4674],[302,2712],[-1120,-281],[-803,521],[-991,2133],[-22,485],[-559,1287],[408,353],[-59,389],[-552,-250],[-495,230],[-309,-1150]],[[627126,228160],[-366,-407],[-229,167]],[[626531,227920],[14,455],[382,527],[-233,343]],[[626694,229245],[-460,63],[-133,-630],[-800,158]],[[625301,228836],[148,-709]],[[625449,228127],[-150,-497],[-214,62]],[[625085,227692],[-129,877]],[[624956,228569],[-514,168],[-267,-660],[-756,361]],[[623419,228438],[-272,-662],[-830,-551],[-48,-274],[-396,260]],[[621873,227211],[-412,-299],[-151,1028]],[[621310,227940],[-628,636],[-272,752],[-342,27],[190,-626],[-70,-395],[-391,265],[-443,-11],[164,227],[-118,288],[182,991],[-373,-46],[-236,405],[-326,137],[-327,-884],[-289,375],[91,378],[-182,331],[-902,47],[-516,-2295],[-243,-192],[-80,-443],[-344,-133],[144,-784],[-608,-50],[-587,-383],[-174,-510],[-247,336],[-319,-420],[-456,170],[-32,736],[-200,84],[-31,-445],[-920,-440],[-74,-670],[-942,-551],[3488,57846],[-268,833],[113,341],[396,15],[704,814],[-131,641]],[[615711,285337],[287,167],[146,492],[-347,1272]],[[615797,287268],[-588,143],[-240,1181],[-368,379],[-505,1309],[-132,1108],[-622,1160],[-420,483],[-439,-55],[-610,417],[-335,-216]],[[611538,293177],[-163,193],[-482,1012]],[[610893,294382],[-177,-93],[-307,818],[-385,452],[-152,1029]],[[609872,296588],[-795,1598],[-422,-31],[-535,570],[-868,-1144],[12343,48141],[11101,39739],[-253,709]],[[630443,386170],[-10,2284],[-490,979],[106,1128],[-327,782]],[[629722,391343],[26,928],[289,380],[878,379],[264,719]],[[631179,393749],[386,-428]],[[631565,393321],[990,-244],[553,-1280]],[[633108,391797],[352,-64],[278,-548],[342,-124],[37,-253],[375,-328],[97,-952],[-112,-185],[366,-431],[524,-80],[554,-929],[1165,-533]],[[637086,387370],[853,-799],[703,-341],[624,161]],[[639266,386391],[281,372],[727,147],[929,44],[251,-212],[146,1288],[124,-129],[542,559],[438,-494],[295,557],[596,211],[-13,-362],[848,-532],[195,-853],[354,-543],[161,-1191],[350,-173],[209,-538],[-81,-469],[656,-1116],[31,-328],[1404,-737],[428,-592],[-89,-243],[254,141],[154,-214],[746,-15],[145,-471],[925,-630],[247,-834],[21,-456],[-172,-288],[126,10],[76,-717],[382,144],[459,-297]],[[651411,377430],[40975,-10094],[14834,-3614]],[[656407,105956],[149,109],[145,-133],[-134,-74],[-160,98]],[[653431,101323],[-2287,-1376],[-1855,-1437],[563,67],[125,-352],[252,182],[-34,-165],[-340,-65],[-952,295],[274,88],[-57,157],[-536,76],[82,-253],[-1648,601],[53,911],[-413,1552],[498,479],[297,-589],[306,91],[121,648],[-74,1030],[197,759],[596,336],[206,451],[627,65],[339,533],[594,166],[-68,-968],[157,-654],[704,303],[-506,266],[114,355],[316,-212],[1399,-85],[163,657],[709,323],[815,-229],[797,-538],[1536,232],[88,-403],[-263,-1779],[-971,-576],[-1069,-199],[-855,-743]],[[652416,95728],[720,1192],[385,251],[-156,-67],[216,296],[36,245],[449,56],[-23,206],[-443,-247],[-250,-511],[-1635,33],[-116,323],[564,315],[-146,-166],[303,-23],[502,606],[56,-230],[132,441],[150,-108],[138,325],[430,242],[1015,1614],[924,-446],[743,526],[-1187,-1565],[-3904,-6433],[-507,-7],[576,481],[453,2242],[575,409]],[[655866,101795],[277,26],[234,663],[-215,-735],[-495,-35],[373,455],[-174,-374]],[[653515,100942],[-11,54],[49,89],[10,-30],[-48,-113]],[[649893,95441],[804,806],[118,-58],[-446,-487],[-476,-261]],[[649158,93148],[-396,-155],[427,-164],[889,103],[27,-164],[-1748,-251],[1554,-513],[328,-16],[-18,269],[127,-34],[225,-305],[-70,-349],[-725,-12],[647,125],[-1651,572],[-2354,135],[-1299,-523],[-2063,-1572],[-635,347],[300,259],[-1,-188],[314,40],[954,484],[1490,1086],[1953,979],[728,-309],[781,264],[216,-108]],[[650190,92904],[2,86],[67,-194],[39,-318],[-108,426]],[[648009,95181],[69,95],[861,173],[290,441],[205,-83],[620,563],[-186,-342],[-1174,-837],[-685,-10]],[[649355,96549],[-1027,-60],[-42,-342],[-467,-288],[-231,325],[-227,4],[20,-304],[-754,-451],[56,-406],[219,-112],[-626,-447],[-173,127],[888,2388],[1078,356],[563,-237],[-891,51],[-256,-290],[298,-203],[953,75],[619,-186]],[[649054,94912],[-21,49],[76,-58],[-19,-30],[-36,39]],[[648824,95083],[39,48],[55,-178],[-26,3],[-68,127]],[[647931,93254],[162,-39],[36,-99],[-56,71],[-142,67]],[[647199,95022],[211,213],[217,-51],[-14,-29],[-414,-133]],[[646932,95082],[-7,96],[180,-54],[-54,-131],[-119,89]],[[645162,96748],[-48,151],[-146,-245],[-328,102],[319,287],[803,-308],[-436,-391],[-164,404]],[[643581,96548],[-131,-130],[-591,269],[-126,526],[103,331],[512,126],[1012,-693],[170,77],[-54,-417],[157,-291],[175,68],[-452,-297],[-775,431]],[[642998,93488],[308,295],[178,78],[-794,-680],[-186,187],[272,572],[222,-452]],[[642867,93986],[291,279],[-63,159],[223,-9],[-342,-545],[-109,116]],[[642245,93546],[-66,-318],[-257,-62],[294,449],[29,-69]],[[641902,95671],[146,-31],[21,-107],[-324,64],[157,74]],[[641074,94994],[682,-140],[141,-229],[-497,-217],[-596,197],[270,389]],[[641631,93975],[29,130],[117,22],[-151,-315],[5,163]],[[641619,92894],[-227,-106],[37,-176],[-466,64],[574,868],[-113,-308],[195,-342]],[[639229,93031],[-976,-1279],[-261,1061],[-338,355],[255,88],[448,-317],[487,251],[166,602],[-158,1256],[512,213],[50,555],[226,316],[269,-677],[-279,18],[2,-495],[711,-836],[591,-266],[-477,-573],[-403,-174],[-265,352],[-12,392],[-270,127],[-2,-528],[-276,-441]],[[640065,95011],[-111,764],[-177,266],[294,-95],[180,-529],[436,-399],[-114,-370],[-508,363]],[[640274,92857],[88,87],[64,-75],[-169,-53],[17,41]],[[640194,92065],[-12,32],[126,78],[-14,-74],[-100,-36]],[[639650,91609],[22,100],[519,-203],[-346,-175],[-195,278]],[[637418,86705],[1503,1792],[-32,437],[532,440],[708,-10],[-110,-301],[-887,-587],[-1188,-1244],[-1790,-2155],[-1163,-1774],[-258,-191],[-419,193],[-14,382],[184,-427],[483,99],[1354,2531],[428,251],[-91,223],[760,341]],[[639603,92747],[127,357],[85,13],[64,-315],[-276,-55]],[[639316,91643],[-324,-341],[-324,195],[538,310],[110,-164]],[[636183,91106],[111,703],[1170,1334],[222,-90],[174,-843],[-215,-69],[19,-275],[330,-248],[-347,1],[-147,-220],[364,-238],[349,214],[90,-248],[-311,-385],[-1208,-368],[-404,-404],[-241,438],[44,698]],[[637521,93233],[169,85],[15,-8],[-110,-79],[-187,-12],[113,14]],[[637121,40030],[-181,295],[129,234],[311,-272],[-259,-257]],[[636707,88125],[147,226],[190,-132],[-111,-66],[-226,-28]],[[635708,86943],[62,-225],[315,70],[16,193],[-369,183],[246,123],[575,-487],[-735,-161],[-158,92],[48,212]],[[635259,92217],[19,63],[362,96],[-26,-43],[-355,-116]],[[635451,89217],[-296,-136],[-54,-204],[-7,125],[139,296],[218,-81]],[[635302,91217],[21,257],[95,53],[-17,-261],[-99,-49]],[[635135,88651],[34,131],[273,-288],[-170,7],[-137,150]],[[635361,86620],[3,-293],[-259,199],[23,224],[163,172],[-142,-286],[212,-16]],[[634950,91370],[18,116],[34,36],[-5,-214],[-47,62]],[[633091,92003],[85,363],[697,758],[1064,-204],[-786,-219],[34,-564],[-228,-429],[81,-180],[506,-49],[167,-846],[-453,141],[-28,-152],[-784,656],[-292,337],[-63,388]],[[634404,93832],[139,48],[296,-391],[-146,30],[-289,313]],[[634319,39393],[-59,231],[162,246],[392,-240],[-300,-291],[-195,54]],[[633931,41948],[-329,562],[144,310],[476,-672],[-95,-465],[-196,265]],[[627638,88266],[999,-6],[872,662],[-48,-577],[-894,-324],[-80,-291],[355,-205],[390,102],[324,-250],[156,908],[279,434],[1383,-282],[-554,-624],[54,-302],[801,682],[919,152],[949,-293],[-1168,-853],[60,-185],[448,53],[197,370],[341,-196],[195,200],[273,-131],[-161,-516],[344,240],[-521,-1290],[-1448,-2],[-775,-746],[-1241,-326],[-304,121],[-632,-578],[-116,64],[156,318],[-326,-90],[-477,-517],[285,3],[-293,-102],[-883,83],[417,153],[-48,368],[-450,-450],[-551,220],[261,302],[-762,-538],[-252,256],[-446,35],[-295,558],[802,297],[-596,277],[42,-304],[-357,-14],[-291,-386],[541,-819],[492,72],[-228,-546],[-1886,2002],[-6,651],[370,198],[-89,375],[1721,1959],[1634,486],[90,-102],[-489,-202],[-57,-392],[366,49],[208,-211]],[[628761,83982],[49,165],[546,-90],[388,365],[388,-249],[194,141],[290,-164],[232,224],[287,-139],[1026,677],[344,-335],[641,531],[-141,-481],[-1703,-1236],[-2459,348],[-82,243]],[[621889,80472],[105,487],[344,301],[-8,427],[960,198],[447,-743],[-135,-792],[297,16],[198,517],[475,-452],[-186,-2],[-682,-839],[14,-189],[506,174],[521,767],[1043,-232],[-37,-364],[-344,-318],[206,-842],[340,-1],[37,299],[275,205],[166,-336],[1422,-456],[-298,-360],[-387,-42],[798,-496],[3552,624],[114,383],[373,95],[659,621],[201,543],[-386,400],[314,-80],[184,-573],[-1301,-1463],[-3342,-756],[-1653,594],[-1480,-630],[-1845,-1790],[-2224,-3164],[-884,-800],[-848,-310],[-886,285],[-883,1057],[-712,441],[-3130,1317],[-2593,4812],[-753,2085],[169,244],[221,-71],[417,535],[-187,618],[128,750],[692,-236],[498,577],[-196,-355],[184,-239],[468,192],[978,-84],[284,198],[912,1664],[422,182],[-286,-520],[-109,-765],[-327,-309],[129,-136],[896,402],[363,-1021],[-397,-503],[-664,-54],[239,-704],[585,-64],[488,574],[367,-29],[-221,430],[486,518],[356,-110],[-309,384],[1138,-172],[823,301],[-917,-2150],[-522,226],[-367,-271],[-277,-707],[-1106,-688],[-516,-1269],[115,-211],[466,-41],[236,275],[404,-64],[128,576],[386,-487],[-1685,-1299],[-519,-152],[-659,287],[403,-429],[-127,-377],[-179,224],[67,-193],[151,-67],[393,223],[421,-226],[170,260],[297,-166],[705,476],[498,-73],[1704,740],[373,-323],[452,113],[216,174],[-611,-16],[-83,194],[1078,979],[23,337],[1781,1310]],[[632349,45752],[393,-627],[-485,-315],[-241,961],[333,-19]],[[631390,96074],[226,541],[282,-11],[-174,-339],[-334,-191]],[[631120,91304],[154,161],[438,-12],[137,-92],[-729,-57]],[[631144,93880],[83,416],[320,246],[87,-658],[-490,-4]],[[630145,91292],[129,346],[292,190],[345,95],[221,-90],[-152,-244],[-190,258],[-476,-254],[-104,-396],[231,-202],[-228,88],[-68,209]],[[627892,78946],[178,445],[834,27],[1049,687],[232,-575],[-201,109],[-672,-518],[-756,199],[-330,-355],[-334,-19]],[[628353,90168],[250,-555],[636,-433],[-429,-113],[-923,561],[555,936],[-89,-396]],[[628429,92509],[50,123],[426,83],[-203,-233],[-273,27]],[[626433,91657],[-195,-379],[-721,-58],[-221,193],[840,422],[297,-178]],[[626305,92461],[37,-274],[-221,72],[95,199],[89,3]],[[624797,90844],[-32,-226],[-562,-407],[-94,291],[688,342]],[[623141,88231],[11,51],[171,-44],[-97,-121],[-85,114]],[[622928,88871],[127,-162],[-66,-280],[-104,246],[43,196]],[[622868,87215],[-23,30],[40,68],[11,-56],[-28,-42]],[[622498,88475],[130,-646],[-346,-116],[187,600],[-70,287],[99,-125]],[[621584,85930],[173,169],[649,-354],[-532,-168],[-290,353]],[[622113,90372],[90,240],[34,5],[19,-185],[-143,-60]],[[621860,89183],[305,202],[95,-428],[-446,-104],[-445,333],[491,-3]],[[620111,87876],[220,308],[395,-335],[393,141],[98,-330],[-1106,216]],[[619295,80179],[-45,381],[214,416],[336,-22],[-312,-351],[66,-246],[254,276],[165,-111],[315,200],[-53,-451],[-540,-416],[-375,118],[-25,206]],[[619018,79748],[-16,-213],[-280,-120],[195,328],[101,5]],[[618805,79743],[87,177],[50,24],[-83,-211],[-54,10]],[[617560,86159],[449,-488],[403,-211],[-538,133],[-314,566]],[[617287,80619],[82,275],[155,-129],[-76,-214],[-161,68]],[[615464,83959],[-27,499],[800,118],[-514,-614],[-259,-3]],[[610253,86002],[27,227],[767,-17],[13,-207],[910,349],[960,-389],[447,54],[-22,-199],[599,-569],[449,434],[180,-179],[-872,-1336],[-80,-391],[-1062,1418],[-603,12],[-198,-339],[-904,430],[-832,-1257],[-1408,-933],[-689,-46],[-357,199],[212,1350],[600,1663],[843,350],[377,-233],[-116,-264],[759,-127]],[[610367,81700],[67,167],[161,-322],[-198,-212],[-30,367]],[[40890,658602],[549,-30240],[606,-193],[1462,-1319],[2215,-5930],[597,-11810],[-2966,-663],[-1469,1824],[-365,181],[-5694,180],[-621,-355],[-919,6],[-1830,371],[-608,-12879],[-529,-3197],[-1948,-20780],[19651,-3593],[-72,-1055],[313,-235],[679,-1631],[-56,-1441],[-1250,212],[-2350,-25477],[13100,-2405],[-129,-1374],[-1072,202],[-233,-2555],[122,-24],[-622,-6892],[466,-78],[-673,-7179],[730,-135],[-1210,-12650],[17782,-3171],[1816,16],[3129,-964],[5370,-1027],[207,2559]],[[85068,504901],[12090,-1899]],[[97158,503002],[-1270,-14368],[-576,100],[-545,-6107]],[[94767,482627],[-8352,1474]],[[86415,484101],[-1379,-15694],[214,17],[-305,-3408],[-231,109],[-856,-9773],[-1739,296],[-163,-1870],[322,-56],[-139,-1658],[274,-4415],[-235,-1718],[1030,-177],[-593,-6392],[-2517,423],[-55,-657],[-1620,262],[-1234,-13895],[13495,-2224],[-599,-945],[686,-974],[663,-92],[-34,-393],[725,-117],[-138,-1699],[-531,91],[-593,-6615],[-1014,172],[-130,-982],[1133,-199],[-285,-3294],[304,-50],[-987,-11079],[142,-884],[-352,-1520],[-555,-6490],[572,-522],[173,-868],[-117,-637],[245,-532],[153,-1188],[216,-196],[-127,-348],[203,-887]],[[90437,383023],[-102,-267],[-263,877],[-177,-822],[278,-163]],[[90173,382648],[140,-469]],[[90313,382179],[-886,88],[-550,922]],[[88877,383189],[-216,-162]],[[88661,383027],[-927,458],[-228,-734],[68,-376],[-492,221]],[[87082,382596],[137,370],[-141,434],[-709,-314],[100,-471],[255,-173],[-33,-505],[-466,-6],[-856,605],[-269,-114],[-153,-426],[379,98],[39,-305],[-446,-203],[6,-650]],[[84925,380936],[-298,-313],[-628,878]],[[83999,381501],[-181,-482],[-249,490],[-1057,-194],[51,736],[-393,-84],[-220,622],[255,578],[-333,-69],[-146,178],[-677,1794],[-174,-47],[-163,-529],[-251,712],[-346,-486],[-424,969],[-968,159],[-119,522],[-222,169],[438,590],[-1,398],[-535,-614],[-1033,-163],[-257,-289],[-589,-40],[-740,-478],[-421,252],[96,-726],[-149,-485],[-616,241]],[[74575,385225],[-115,1518],[-152,202],[-1008,-2200]],[[73300,384745],[-422,560],[-249,-33]],[[72629,385272],[-192,-1063],[-347,449],[82,240]],[[72172,384898],[-364,372],[-1326,527],[-251,-287],[77,-689],[-282,-167],[108,-437],[-861,-810],[-296,-948],[-486,-741],[63,-579],[-405,-535],[-810,-443],[-167,141],[-125,-465],[-388,-11],[-621,-444],[-1411,-1480],[-548,210],[-771,-713],[-404,88],[-1163,-876],[-283,-445],[-533,-90],[-119,349],[-191,2],[-45,-442],[-845,-1115],[-279,-177],[-286,140],[-379,-417],[-81,-649],[472,-72],[99,-526],[-537,-690],[-171,-977],[306,-478],[95,541],[189,76],[210,-727],[-760,-912],[102,-183],[-166,-525],[348,-486],[-52,-337],[735,-1133],[662,94],[145,-702],[527,-136],[306,-895],[346,-290],[19,-448],[218,-152],[233,-799],[280,-181],[-68,-682],[-405,-69],[-100,-345],[582,-321],[288,-419],[-153,-1097],[557,-186],[-106,-279],[286,-977],[-11087,21],[3,-14439]],[[52103,345036],[-23355,4557]],[[28748,349593],[-141,-502],[-185,82],[-136,-311],[221,-126],[-177,-438],[294,-260],[-159,-409],[214,-291],[55,-809],[1309,-547],[583,302],[464,-179],[178,-569],[527,91],[250,-943],[369,-380],[833,-162],[509,-1071],[449,-78],[439,-467],[-213,-1343]],[[34431,341183],[893,-355],[17,-285]],[[35341,340543],[-471,-310],[-522,-1123],[273,-763],[-110,-478],[-191,68],[-24,-263],[407,-347],[-471,-359],[124,-509],[-240,-81]],[[34116,336378],[-64,-899],[-170,-174]],[[33882,335305],[-116,373],[25,-369],[-284,-77],[-215,365],[-251,32],[-110,-1071],[577,-315],[-8,-366],[-10606,1972]],[[22894,335849],[-7874,-5794],[-217,825],[-5424,8449]],[[9379,339329],[-2509,2025],[-2236,2659],[-1263,666],[-2116,3074]],[[1255,347753],[-250,25002],[107,37211],[-366,58285],[-134,69559],[-387,72992],[-87,47800],[40752,0]],[[459054,257375],[-126,349],[165,232],[269,2165],[-122,27],[216,502],[147,1181],[-158,1085],[358,687],[-147,128],[151,227]],[[459807,263958],[192,-64],[149,-453]],[[460148,263441],[541,-254],[214,99],[834,-603],[966,661],[475,-277],[84,-264],[431,241],[352,-130],[199,-450],[437,220]],[[464681,262684],[1125,-613],[1198,-195],[237,-212]],[[467241,261664],[482,114],[-13,-356],[657,-158],[127,944],[584,-837],[1679,-11],[6,-302],[194,155],[154,-454],[243,45],[302,-633]],[[471656,260171],[-20,-5649],[-356,-947],[-48,-1043]],[[471232,252532],[-178,-101]],[[471054,252431],[55,-18],[12,-150]],[[471121,252263],[-209,73],[-107,-358]],[[470805,251978],[189,-360],[-860,-638],[132,-533],[-141,98],[-85,-364],[-361,-324],[-4987,1044],[-6172,1240],[534,5234]],[[456055,329925],[-557,867],[-108,758],[97,680],[606,-168],[282,177],[557,-246],[175,852],[-383,581],[40,1174],[694,266],[2120,2424],[335,794],[-287,532],[625,451],[39,283],[200,-93],[267,-1542],[785,148],[290,-157],[531,-1685]],[[462363,336021],[295,-204],[483,-1067],[515,-523],[540,9],[75,1213]],[[464271,335449],[313,456]],[[464584,335905],[108,998],[568,304],[672,-407],[439,350]],[[466371,337150],[442,-654]],[[466813,336496],[169,-672],[271,-69],[388,-547],[275,-98],[583,349],[221,-158],[130,-1495],[-118,-381],[167,-837],[-326,-1397],[535,-177]],[[469108,331014],[1074,169],[1031,-2966],[767,-973]],[[471980,327244],[501,-1393],[499,-514]],[[472980,325337],[893,-178],[835,-480]],[[474708,324679],[-332,-3375],[-313,-706],[57,-862],[-505,69]],[[473615,319805],[-537,-1109],[1013,-269],[-117,-1382],[-859,257],[193,-1060],[-1850,392],[-112,-1130],[-1552,292],[8,-638],[-311,-664],[1417,-281],[-141,-1409],[-2839,536],[-519,-1280],[-922,-997],[217,-598],[-433,-1290],[-1722,-1409],[-558,-965],[-962,-9584],[-788,142],[-73,-730],[-612,83],[-6,-806],[-252,84],[-172,-333],[-398,150],[-201,-212],[126,-442],[-621,-115],[301,-306],[-284,-102],[93,-331],[-179,-543],[229,89],[-59,-305],[-208,-217],[-615,327],[-76,-373],[343,-45],[-178,-418],[298,-461],[-146,-349],[364,-353],[-489,-319],[58,-342],[417,-257],[-287,-138],[-279,291],[-60,-383],[461,-269],[191,-414],[-477,229],[22,-808],[-335,-312],[-309,62],[-139,-438],[-176,565],[-210,-465],[-302,189],[-140,-196],[300,-195],[15,-392],[-901,-345],[574,-982],[-373,-16],[98,-634],[-343,154],[194,-832]],[[457425,285404],[700,328],[-123,-413]],[[458002,285319],[518,143]],[[458520,285462],[946,-434],[-180,-174]],[[459286,284854],[-13,-634],[-251,-432]],[[459022,283788],[-3484,658],[-924,-1766],[-187,-922]],[[454427,281758],[-1490,250],[-148,-173],[-294,253]],[[452495,282088],[-7626,1405],[185,340],[-332,201],[80,793],[125,594]],[[444927,285421],[222,172],[-243,607],[221,185]],[[445127,286385],[379,-107],[-321,522]],[[445185,286800],[151,411]],[[445336,287211],[-259,88],[22,464],[198,228],[-27,455],[-390,431],[148,443]],[[445028,289320],[-141,291],[527,209],[-237,525],[-30,610],[190,439],[-580,1318],[-191,32],[100,500],[-145,376],[-225,56],[-212,536],[-392,-34],[-322,241],[-123,487],[145,810],[-344,317],[-18,438],[-298,113],[503,456],[-215,315],[64,470],[-224,603],[-231,92],[60,483],[-214,-109],[-446,738],[653,116],[73,2009],[199,194],[120,802],[324,23],[-206,1038],[172,125],[-211,504],[106,183],[269,-51],[42,283],[323,199],[-100,339],[324,778],[-227,1230],[255,1340],[-176,560],[-351,126],[-83,402],[-686,922],[-8,921],[287,416],[343,71],[89,591],[327,-39],[614,953]],[[444501,313667],[423,-109],[105,716],[311,292],[-16,498],[-371,319]],[[444953,315383],[160,69],[218,1093]],[[445331,316545],[-200,731],[162,381],[1780,-252]],[[447073,317405],[129,382],[446,325],[-2,629],[550,-244],[255,632],[-71,519]],[[448380,319648],[379,259],[-2237,492]],[[446522,320399],[785,3613],[747,7492]],[[448054,331504],[7321,-1435],[680,-144]],[[638778,603282],[839,1014],[332,-317],[197,80],[58,-671],[243,-299],[-419,-614],[-86,-1051],[520,-670],[515,578],[567,-509],[479,1057],[388,76],[-238,-1680],[-231,-141],[-148,-909],[4,-683],[289,-334],[428,114],[238,435],[-338,572],[394,-279],[196,132],[28,221],[-281,430],[69,202],[353,-152],[296,181],[84,-241],[-384,-835],[356,-441],[209,-44],[67,583],[205,205],[123,-642],[335,183],[488,-238],[531,-1016],[333,250],[-237,542],[720,211],[117,-246],[-257,-515],[49,-208],[523,150],[495,-300],[264,226],[4,286],[-581,241],[134,520],[220,259],[469,-224],[350,612],[10,-551],[245,-533],[943,-637],[-175,-730],[579,10],[-17,-261],[-394,-227],[181,-775],[186,39],[541,848],[298,-206],[31,-323],[-249,-484],[440,-482],[-702,-1364],[39,-439],[386,-361],[525,510],[481,23],[287,753],[489,-453],[351,-14],[267,-398],[260,16],[275,505],[627,-206],[445,642],[-128,439],[-350,253],[59,437],[426,379],[-85,-703],[464,-158],[155,252],[-217,520],[114,263],[869,-154],[400,-1229],[28,-552],[416,-892],[443,138],[613,-251],[493,437],[499,74],[204,460],[509,-178],[201,-354],[-477,-213],[348,-912],[-297,-1270],[582,-246],[99,-614],[315,-375],[-62,-326],[-699,-151],[12,-293],[235,-514],[610,-280],[317,163],[217,765],[514,-170],[254,270],[-59,791],[-333,474],[549,713],[382,-351],[-264,-685],[59,-584],[532,-694],[128,-451],[1081,-870],[968,978],[-37,525],[-314,276],[-86,720],[73,364],[321,268],[-134,1214],[867,308],[-401,603],[455,816],[-345,1039],[57,205],[325,-251],[261,-559],[278,343],[256,-605],[660,298],[437,-591],[89,-1094],[440,-780],[325,189],[690,1497],[984,-218],[473,649],[429,35],[94,-340],[-210,-699],[226,-93],[378,324],[496,-363],[-361,-986],[233,-969],[-187,-927],[203,-310],[232,75],[185,1312],[412,-145],[393,-1068],[605,-979],[79,-739],[286,-126]],[[673727,587839],[-155,-1658],[214,-2130],[1665,-5533],[813,-954],[1178,-2246]],[[677442,575318],[593,-1876]],[[678035,573442],[-4112,912],[-469,-3921],[-816,185],[-114,-991],[-314,320],[-40,-381],[-2021,456],[-75,-705],[-518,118],[337,-979],[-183,-368],[100,-231],[-190,60],[62,-415],[-283,-71],[246,-228],[-273,-131],[179,-61],[-67,-287],[267,-155],[-259,-351],[107,-341],[377,-52],[-1229,-991],[-564,30],[-1245,-1364],[-998,-91],[-447,-622],[-1102,2787],[-376,238],[-454,-513],[-489,-1173],[-678,1253],[-336,87],[-415,850],[-751,830],[-1062,-1062],[-218,-1063],[-251,-391],[-883,454],[-742,10],[-795,-1551],[-931,-256],[-515,-658],[-155,-503],[-612,-110],[-744,-846],[-106,-940],[-1988,412],[-76,-737],[-1690,426],[-326,572],[231,728],[-80,1283],[-510,727],[-339,927],[-235,-161],[-644,358],[-163,-171],[850,3313],[-1032,267],[-577,566],[-414,1241],[-388,233],[-163,742],[-366,440],[59,1105],[-157,559],[225,510],[-329,869],[121,1118],[-342,81],[87,788],[681,913],[284,809],[-322,338],[28,348],[-1036,1277],[274,2670],[-780,171],[97,2459],[-765,-287],[-3782,1254],[-3024,-619],[-457,3747],[213,128],[-180,215],[980,11316],[667,517],[372,698],[-174,429],[70,473]],[[428576,258770],[247,-735]],[[428823,258035],[-378,-223],[-486,-716],[-3771,-3256]],[[424188,253840],[-413,74]],[[423775,253914],[-117,-327],[-479,-138]],[[423179,253449],[-844,-892],[187,-810],[-66,-556],[-332,95],[-93,-1347],[-666,-388],[-21,-447],[-577,-94],[-139,-1337],[-129,5],[-74,-1970],[1183,-387],[105,981]],[[421713,246302],[1049,-265],[554,-1426]],[[423316,244611],[332,-347]],[[423648,244264],[-42,-904],[114,-127],[560,-107],[579,284],[628,-210]],[[425487,243200],[270,160],[162,746],[362,118]],[[426281,244224],[-389,-811],[-385,-1570],[-57,-2117],[239,-1068],[-343,-133],[-359,-672],[-1272,-58],[-836,-298],[-1421,-1576],[-819,-349],[-1066,-22],[-937,-747],[-707,-1082],[-650,-523],[-194,-643],[-1518,-1988],[-616,-1176],[-907,-644],[-649,166],[-4234,-5481],[-1937,41],[-1070,322],[-1912,-334],[-1481,-524],[-1361,406],[-908,890],[150,677]],[[400642,224910],[-558,1156],[-59,746],[-134,88],[56,-371]],[[399947,226529],[-187,-147]],[[399760,226382],[-527,401],[-670,-23],[-558,1153],[97,569],[-296,422],[-30,350],[-790,109],[-450,-227],[-443,248],[-655,-540],[-267,120],[-124,-1239],[-472,-237],[-311,311],[-249,-62],[-230,383],[-325,-116],[-6,691],[-165,183],[-604,-373]],[[392685,228505],[-447,333],[-215,-57],[-103,1253]],[[391920,230034],[188,698],[-844,644],[-65,722],[-929,1389],[-304,900],[467,214],[-201,367],[-331,96],[23,374],[237,173],[-240,469],[-302,162],[40,362],[303,323],[-230,777],[456,115],[184,771],[201,49],[-186,355],[-444,-125],[60,783],[-118,309],[235,316],[-47,771],[347,334],[392,16],[-30,1160],[-199,136],[-149,1019],[-202,341]],[[390232,244054],[139,946],[-486,610],[-214,95],[-164,-301],[-109,79],[97,975]],[[389495,246458],[-397,-274],[-708,1751],[-286,294],[-226,-69],[-253,385],[-148,842],[-359,84]],[[387118,249471],[-281,-269],[-215,246],[-36,568],[-290,62]],[[386296,250078],[546,5209],[1981,-393]],[[388823,254894],[1202,11216]],[[390025,266110],[6102,-1209],[1788,-1905],[2083,-339],[1107,-1012],[-16,-536],[548,1054],[-462,397],[570,797],[544,186],[59,227]],[[402348,263770],[13286,-2637],[13116,-1953],[-174,-410]],[[448169,265714],[268,-252],[899,35]],[[449336,265497],[2397,762],[226,262],[290,-86]],[[452249,266435],[-190,-521]],[[452059,265914],[387,-635],[542,241],[-235,-559]],[[452753,264961],[-208,167],[52,-410],[-144,-298],[-946,-33],[-411,586]],[[451096,264973],[-1666,240],[713,-1283]],[[450143,263930],[-606,36]],[[449537,263966],[-32,-288],[432,-364]],[[449937,263314],[-5,-350],[351,-214],[-260,-326],[282,-487]],[[450305,261937],[-120,-177],[-446,159],[-118,483]],[[449621,262402],[-221,189],[-677,-306],[-25,356],[299,511],[-492,-341],[-164,452],[-453,-283],[934,-1206],[-345,-362],[-492,203],[-97,-208],[117,-311],[800,-52],[221,-623],[688,-30],[-149,-1073],[206,-1643],[229,-293],[389,152],[146,-507],[578,-580]],[[451113,256447],[-414,-666],[-400,470],[-464,-37],[-434,339],[-374,-587],[-206,322],[-368,125],[-77,-630],[-1415,307],[-332,633],[380,3841]],[[447009,260564],[-2015,350],[280,2872],[-812,152],[125,1283],[-658,118],[46,498]],[[443975,265837],[-281,817],[1846,-388]],[[445540,266266],[86,946],[1069,-212]],[[446695,267000],[176,-629],[196,-113],[27,-460],[482,-504],[280,-34],[313,454]],[[483383,230323],[-248,-292]],[[483135,230031],[-2643,575]],[[480492,230606],[743,6451],[443,-380],[-121,1980],[-263,537],[25,604],[-295,726],[79,350],[-662,863],[315,409],[-115,920],[1164,-1037],[245,360],[225,-24],[24,868],[489,-416],[833,273],[-91,196],[408,-49],[-895,881],[-8,465],[-493,-53],[29,280],[-224,324],[-491,435],[-104,-116],[-47,1241],[235,70],[-103,396],[94,600],[189,-35],[71,995],[-705,1323],[199,263],[1069,-315],[-10,228],[330,114],[29,-415],[858,-181],[-26,-244],[46,240],[234,-124],[305,635],[410,310],[311,-303],[-23,645],[-179,351],[272,346],[424,-187],[-109,-275],[444,-724]],[[486070,250407],[257,605],[204,-41],[-504,553]],[[486027,251524],[-203,535],[-383,114],[76,160],[-258,253],[-447,5],[79,692]],[[484891,253283],[-1672,479],[107,2556]],[[483326,256318],[-213,2619],[-1389,-653],[538,5044],[-237,578],[179,553],[-324,64],[71,694],[-118,248],[22,235],[216,-106],[-162,729]],[[481909,266323],[214,455],[-491,349]],[[481632,267127],[-678,1036],[-12,214],[345,363],[-493,192],[59,569]],[[480853,269501],[-761,123]],[[480092,269624],[132,1410],[-117,547],[-660,1059],[-232,892],[205,1939]],[[479420,275471],[1002,1016],[154,847]],[[480576,277334],[-174,704],[136,1354]],[[480538,279392],[263,-322]],[[480801,279070],[389,208],[334,-409],[-102,-163],[125,-178]],[[481547,278528],[950,114],[163,339]],[[482660,278981],[-154,241],[118,145],[-133,74],[110,131],[-98,416],[287,-170],[30,245],[-197,76],[189,43],[8,290],[541,-248]],[[483361,280224],[333,89],[-790,1515]],[[482904,281828],[450,556],[32,622],[-245,293],[1056,586],[494,-617],[43,909],[464,1036],[-357,407],[-224,1554],[248,264],[324,1585],[350,205],[551,985],[238,89],[223,1364],[675,920],[-76,769],[267,1765],[315,638],[-14,443],[-249,509],[195,750],[-583,631],[408,299],[-110,385],[149,1231],[-181,924],[1047,7319],[222,3413]],[[488616,311662],[224,-41]],[[488840,311621],[820,927],[452,-450],[394,175]],[[490506,312273],[335,-276],[340,706]],[[491181,312703],[485,-223]],[[491666,312480],[942,879],[117,1778],[1639,142],[33,-985]],[[494397,314294],[316,-337],[443,-109],[70,-230],[742,808],[870,-506],[-301,-2403],[3321,-761],[240,-1516],[391,-91],[83,673],[867,-4],[-1,-1053],[1645,-15],[-1,-653],[1325,-11],[-690,1498],[604,-3],[1193,-1028],[493,-24],[241,-454],[297,1353],[382,-33],[385,-874],[285,-241],[-3,-696],[301,-1046],[826,-566],[1174,-3041],[485,-561],[436,830],[741,509],[8,1235],[526,1518],[403,156],[154,400],[517,447],[510,-153],[145,340],[694,-36],[281,-388],[9,-1538],[1096,384],[284,583],[343,-241],[310,-925],[723,-721],[290,-920],[298,-383],[893,-323],[690,-920],[799,-1579],[44,-1234],[360,-538],[172,-1243],[354,-106],[539,-736],[675,-30],[270,-365],[6821,5833],[-149,857],[-324,694],[-217,40],[-61,704],[350,1736],[315,424],[-20,469]],[[529659,307150],[255,406],[207,-53]],[[530121,307503],[503,-1013],[543,-310],[318,114],[278,-355],[177,199],[1013,21],[414,650],[469,74],[1228,925],[379,21],[257,571],[512,-365],[793,116],[730,-209],[-16,838],[607,375],[192,345],[290,2359],[356,800],[-240,1032],[480,276],[-69,470],[301,506],[404,-487],[492,-222]],[[540532,314234],[693,-48],[728,784],[1149,-802]],[[544576,314525],[1083,1006],[1007,-1384]],[[546666,314147],[32871,-495]],[[579537,313652],[121,-211]],[[579658,313441],[-38,-1589],[-439,-940]],[[579181,310912],[272,-334],[126,-742]],[[579579,309836],[-212,-1236]],[[579367,308600],[691,-2088]],[[580058,306512],[-54,-990]],[[580004,305522],[254,-812],[-326,-810],[262,-426],[-435,375],[34,771]],[[579793,304620],[-212,295],[-1138,-928],[-321,-740],[-177,-958],[-202,-79]],[[577743,302210],[238,-1045],[-390,-15],[-533,620],[-262,18],[-4,-607]],[[576792,301181],[-271,-264],[403,-1408],[-116,-402],[459,-1365],[-79,-1117],[-290,-24],[-175,262],[-149,-125],[-141,-536],[157,-762],[-99,-224],[-320,68],[-518,889],[-758,-404],[-536,-989],[213,-419],[5,-443],[-781,-1128],[-367,-204],[-133,-804],[315,-1061],[152,-2096],[-199,-776],[113,-1084],[-96,-550],[179,-424],[383,-12],[331,-558],[256,-1811],[-693,-1202],[-97,-855],[438,-794],[-133,-717],[603,31],[402,-917],[355,-136],[280,-556],[-146,-358],[225,-969],[583,-1062],[106,-1633],[264,-320],[93,-1311],[-319,-679],[-208,-1251],[86,-344],[-142,-258],[98,-288],[-229,-296],[10,-304],[-205,-64],[-312,-621],[-453,-88],[-651,-545],[-60,-617],[-463,-530],[0,-929],[-310,-439],[-111,-602],[-603,-222],[-232,223],[-151,-282],[-393,249],[-518,1152],[49,871],[-942,671],[-592,1161],[-27,992],[-334,214],[-435,1030],[-575,244],[-202,308],[-527,-1411],[-355,-422],[-463,165],[-253,-127],[-178,-465],[-524,-298],[-65,-375],[-409,46],[-371,-281],[-934,-156],[-905,-583],[-614,-83],[-607,211],[-1299,-286],[-256,590],[-278,43],[-453,538],[-463,208],[-544,-160],[-439,595],[-1025,-645],[-983,25],[-132,248],[-315,-40],[-800,530],[-732,-217],[-2214,1492],[-800,-1343],[40,-1234],[-1449,-5],[-692,-1143],[138,-863],[-72,-775],[1214,-2388],[-708,-1942],[85,-591],[331,-345],[583,-1294],[-35,-267],[-506,-247],[-41,-1353],[-1296,690],[-824,1763],[-200,108],[-280,-159],[-491,-807],[-170,-653],[-471,-132],[-1208,1330],[-376,34],[-674,1308],[-379,138],[-247,817],[-121,-173],[-158,345],[-172,-63],[-620,1018],[-1374,619],[-615,-192],[-82,-1104],[-820,-853]],[[540158,260753],[-275,-690],[-364,335],[-588,86]],[[538931,260484],[-543,562]],[[538388,261046],[-663,-81],[-219,-825],[-329,-403]],[[537177,259737],[-130,116],[-891,-327],[138,-870]],[[536294,258656],[-274,-1274],[1082,59],[171,-251],[-53,-465],[432,-16],[51,-1117],[247,-86],[33,-701],[-419,-1303]],[[537564,253502],[-378,-585]],[[537186,252917],[2,-324],[793,-888]],[[537981,251705],[478,269],[211,-683],[-338,-132],[-342,-504],[-87,-660],[-298,533],[-529,196],[-168,-548],[136,-871],[252,-475],[-113,-586],[-317,258],[-351,-212],[-590,-852],[-878,-177],[-731,332],[-476,-566],[-508,-207],[-470,-1034],[120,-257],[-82,-540],[-303,-889],[-1,-329]],[[532596,243771],[239,-364],[-1182,-1064]],[[531653,242343],[-272,7]],[[531381,242350],[-403,-672],[-1152,1067]],[[529826,242745],[-391,89],[-144,-356],[-427,100],[-229,589],[102,559],[-428,636],[-297,1621],[-604,287],[-347,-448],[-653,-217],[-843,400],[-621,-170],[-481,425],[-299,577],[-212,-442],[152,-1103],[-541,-472],[-196,-442],[-737,60],[-276,-207],[-162,-1010],[227,-749],[-47,-719],[-939,-321],[-475,158],[-819,-909],[226,-722],[-881,-129],[-286,-244]],[[519198,239586],[-1798,157],[227,2612]],[[517627,242355],[-2684,563],[66,597],[-1596,337],[-198,-252],[-314,188],[-1002,-183],[-117,-345],[-526,657],[-161,-397],[-166,190],[142,715],[-706,1518],[-19,678],[-766,596],[-230,1015],[-236,279],[-1121,103],[-444,895],[-708,97],[5,406],[-291,539],[-618,710],[-379,30]],[[505558,251291],[606,-426]],[[506164,250865],[241,-708],[-52,-936],[220,-463]],[[506573,248758],[71,-964],[-268,-637],[34,-559],[-141,-189],[147,-432],[-137,-401],[-358,51]],[[505921,245627],[-165,-533],[-1465,-1930],[-499,-186],[-325,239]],[[503467,243217],[-610,-83],[-539,328]],[[502318,243462],[-23,-212],[-902,186],[-214,-433],[-647,133],[-368,-222],[-155,-1750]],[[500009,241164],[-228,-336],[-257,215],[-157,553],[-338,147],[-92,356]],[[498937,242099],[-322,-359]],[[498615,241740],[-1015,259],[-58,-170],[-349,53],[-189,-632]],[[497004,241250],[-261,-55],[-107,-877],[-1132,209],[-332,-1245],[-287,145],[-359,-1388],[-293,671],[-117,-1039],[-526,117],[35,292],[-256,-245],[-943,218],[1,519]],[[492427,238572],[-203,443],[-1013,-572],[-636,-1028],[177,-1245]],[[490752,236170],[-388,-988]],[[490364,235182],[331,-2018],[-81,-538],[-238,-296],[657,-331],[-26,-2630],[-417,117],[-37,-707],[-133,-122],[-310,231],[-74,-244],[-2021,574],[-4632,1105]],[[114887,679645],[-1,34000]],[[114886,713645],[9313,-210],[1098,-919],[541,-8],[492,583],[551,-399]],[[126881,712692],[2118,-730],[229,-138]],[[129228,711824],[510,-1038],[1204,-355],[692,301],[340,390],[1701,-362],[27,4282],[157,1237],[4251,-44],[-2700,9986],[105,56],[-1087,4290],[944,1724],[-885,876],[273,494],[123,-63],[149,1192],[2216,51],[-762,2137],[-1133,1608],[-77,481],[272,457],[-275,1398],[853,-63],[682,1820],[625,-369],[2406,795],[2387,-2],[108,675],[864,543],[507,930],[3567,1732],[210,-896],[1101,371],[1035,-263],[424,-469],[922,459],[3248,-31],[1314,581],[528,-610],[618,-326],[497,330],[2742,-21],[-6,-1457],[931,-176],[686,165],[4993,-35],[480,-195],[413,224]],[[167408,744634],[7201,22],[-58,-16166]],[[174551,728490],[934,-74],[-50,-17142],[19877,96],[-79,-50346],[-13382,-82],[-5,-37806],[-390,32],[386,-551],[-22,-12173],[396,16],[-19,-23680],[3026,0],[5,-932],[5468,5592],[4,-693],[2484,-23],[3160,-643],[-339,-3289],[26,-5165],[-122,-125],[1699,-1],[-106,-1052],[592,-120],[-194,-1907],[-402,82],[-51,-521],[-577,118],[-117,-1119],[146,-944],[-158,-1434],[-361,74],[10,-5135],[-779,5],[19,-2853],[301,2],[-1,-2893],[-658,0],[-1,-4415],[2330,-442],[-330,-3510],[-1430,266],[-183,-1959],[-414,77],[-290,-3105],[1375,1667],[-9,-14898],[377,-59],[887,-3290],[-1228,-824],[-7,-1525],[3365,6],[-1,-562],[4056,4],[-10,-5689],[2012,12],[-2,-4264]],[[205769,521294],[-2006,2],[-5,-2647],[-1024,-1],[6,-4372],[-475,1],[-34,-363],[-5872,10],[-23,-10252],[3715,-2070],[1969,-2032],[3709,-51],[3,-4234],[-584,-2130],[-360,-213],[-378,-1335],[219,-325],[-1308,-4736],[-3417,-3326],[-3720,-7983],[-1801,-4434],[-241,-2847],[2177,-4942]],[[196319,463014],[-29060,-25]],[[167259,462989],[194,342],[444,213],[-148,500],[149,600],[-216,-36],[-453,850],[-656,1728],[-86,948],[-808,556],[-180,512],[-306,-141],[-748,554],[-469,101],[-452,843],[-295,51],[-542,1121],[-494,372],[-11,517],[-528,218],[-457,677],[-253,-83],[-252,216],[-305,607],[57,450],[-320,-90],[-125,278],[-445,94],[150,507],[-265,361],[-21,341],[382,632],[-724,1215],[168,461],[-165,270],[53,248],[-386,423],[-312,-252],[-346,132],[-512,757],[354,889],[22,491],[-291,528],[-58,1133],[-408,980],[-648,374],[-353,808],[227,1704],[-201,942],[92,877],[235,465],[47,1125],[-175,1214],[88,316],[300,201],[-28,267],[391,361],[-34,723],[881,921],[116,1472],[188,254],[-328,538],[192,508],[25,1193],[-325,626],[-337,237],[596,3328],[442,1308],[-92,588],[654,1665],[176,1938],[-422,161],[-273,1091],[251,471],[262,1695],[-220,846],[211,785],[399,280],[-146,365],[444,246],[193,523],[-276,111],[-287,1188],[75,864],[272,329],[-449,306],[185,919],[-235,672],[117,680],[325,385],[-619,1573],[441,444],[192,439],[-59,309],[367,504],[-6023,7],[-804,1765],[-11062,45],[-1707,498],[-3340,-14],[-2374,879],[-1194,67]],[[133568,526489],[-56,12820]],[[133512,539309],[360,81],[-73,62834],[56,1289],[459,-2],[3,2918]],[[134317,606429],[-464,76],[-1,3949]],[[133852,610454],[7826,-4],[4,25020],[-26837,170],[26,8249],[-178,87],[379,1826],[39,3270],[464,1625],[520,2943],[198,3669],[-24,2947],[-215,1199],[-1014,3402],[-737,1042],[578,-1],[-22,10981],[-254,0],[-2,1934],[284,832]],[[992189,307950],[-134,1044],[402,94],[56,597],[-423,1364],[513,-526],[495,-860],[149,-726],[306,-381],[3,-397],[-217,-1],[190,-608],[-145,43],[76,-372],[130,-73],[-231,-225],[-684,69],[-429,343],[-57,615]],[[701860,441173],[-541,-819],[-1341,261],[-1035,-1131],[-636,-156],[-1295,121],[-1110,2285],[164,117],[-156,287],[183,209],[156,6],[238,-604],[107,89],[-194,560],[738,479],[184,-94],[-155,365],[-499,33],[-98,953],[180,737],[641,1229],[-316,504],[-36,538],[586,123],[105,216],[643,-19],[-5,870],[132,189],[1031,-881],[399,-991],[285,-51],[-15,-553],[438,-1887],[296,-342],[784,-143],[266,-515],[-1,-1083],[303,-307],[-426,-595]],[[684612,417570],[-275,319],[-461,90],[-430,-1003],[-2003,-563],[-3444,-2835],[46,775]],[[678045,414353],[-1357,1903],[81,900]],[[676769,417156],[-133,206]],[[676636,417362],[335,291],[1832,-1065]],[[678803,416588],[1805,-57],[2652,5767],[500,390],[251,927],[537,203],[-195,191],[348,245],[121,388],[-85,300],[537,93],[550,-251],[663,245],[1303,-2701],[582,-3633],[537,742],[473,-32],[-124,796],[257,239],[487,-300],[617,-28],[457,-845],[47,-217],[-279,-360],[-551,-26],[-128,-816],[528,-250]],[[690693,417598],[-19,-636],[309,-348]],[[690983,416614],[-8,-585],[274,-296],[560,-2984]],[[691809,412749],[-91,-167],[-814,1759]],[[690904,414341],[-1107,737],[-1233,149],[-294,-267],[-102,806]],[[688168,415766],[-322,70],[-582,-221],[-489,-638]],[[686775,414977],[-9,-370],[-189,89],[-70,346],[-411,175],[-757,950],[488,1354],[165,1531],[-134,622]],[[685858,419674],[-193,57],[-556,164],[-497,-852],[-113,-820],[192,-238],[-79,-415]],[[607116,390579],[-101,1000],[132,440],[321,295],[204,1563],[-469,40],[-444,220],[-70,319],[-310,25],[-100,-734],[-420,-52],[-687,765],[-123,418],[-573,55],[-597,487]],[[603879,395420],[-1099,102],[277,868]],[[603057,396390],[723,-157],[347,224],[531,-188],[611,220],[222,-119]],[[605491,396370],[87,734],[608,400],[684,-1312],[425,-189],[560,206],[294,498],[384,-458]],[[608533,396249],[27,-316],[219,21],[472,-605],[336,121],[208,-371],[233,347],[291,-116],[233,237],[148,847],[-227,204],[-75,680],[177,383],[447,-366],[511,73],[284,-566],[557,-335],[256,366],[275,10],[62,251],[364,88],[197,-507],[-119,-356],[149,-478],[211,-44],[140,-459],[667,-106],[48,-937],[353,-36],[318,460],[616,-893],[167,166],[51,650],[-652,1704],[501,-115],[584,396],[205,-299],[248,579],[534,-792],[121,430],[451,14],[-146,616],[330,215],[72,381],[434,-246],[315,227],[16,308],[385,-276]],[[619527,397804],[167,-419],[-105,-410],[-471,-77]],[[619118,396898],[-7,-490],[-219,201],[-382,-192],[-108,-322],[343,-379],[-720,-430],[-242,-512],[1108,-469],[-83,-1236],[-576,109],[-88,-326],[-294,183],[-211,-213],[-544,349],[-471,-365],[-184,83],[-21,-526],[330,-181],[64,-676],[-1035,97],[472,-958],[-922,348],[158,-711],[-367,-228],[429,-459],[-244,-354],[559,-260],[-118,-332],[228,-708],[-556,271],[-337,-158],[-294,136],[-184,-121],[109,-399],[-206,27],[-432,559],[-497,7],[-101,460]],[[613475,388723],[-189,58],[-448,-1022]],[[612838,387759],[-652,55],[-83,-229],[201,-1010],[-253,-915],[-5220,-571],[-1383,1989],[-607,1556],[417,1443]],[[605258,390077],[906,245],[952,257]],[[615919,48051],[-83,-565],[-536,-311],[-240,102],[-33,225],[591,794],[191,96],[110,-341]],[[602605,68101],[41,-127],[-175,-84],[6,155],[128,56]],[[599713,61239],[338,150],[-30,-511],[-240,-76],[-68,437]],[[598421,3898],[92,219],[360,50],[888,-322],[-62,-203],[-554,64],[-357,-191],[-367,383]],[[594590,2794],[-486,507],[-582,1386],[808,-710],[592,35],[325,-369],[168,172],[19,-758],[-317,-380],[-73,-393],[-454,510]],[[593345,344],[-426,920],[254,486],[369,-519],[60,-522],[292,-243],[-259,-395],[-290,273]],[[592705,1376],[-36,47],[12,94],[125,-93],[-101,-48]],[[592433,929],[-48,53],[46,145],[72,-140],[-70,-58]],[[592021,665],[-6,84],[79,138],[16,-175],[-89,-47]],[[591390,240],[130,333],[226,-77],[-125,-489],[-191,-7],[-40,240]],[[589607,74667],[17,257],[303,-88],[-115,-240],[-205,71]],[[584653,253209],[276,-493],[-25,-420],[206,-474],[887,3097],[768,657],[2257,340],[210,381],[545,-247],[-103,-786],[208,-888],[-4183,-1695],[-510,-1089],[-474,743],[-62,874]],[[585434,27022],[164,478],[127,-58],[267,-738],[-30,-384],[257,-312],[-216,-269],[-42,-526],[-275,-227],[-347,228],[178,266],[263,-16],[26,499],[-678,435],[354,390],[-48,234]],[[585558,8359],[-41,200],[262,134],[182,-362],[-47,-310],[-356,338]],[[584574,13631],[-30,327],[-547,47],[-146,259],[-21,931],[-405,1481],[239,348],[352,-340],[147,-1467],[378,-965],[318,315],[193,-477],[635,-536],[-528,-1739],[-310,414],[52,388],[-327,1014]],[[585241,9610],[-212,841],[124,763],[209,-923],[315,-441],[-343,-388],[-93,148]],[[584917,8628],[284,486],[165,-5],[85,-469],[-243,-670],[-339,372],[48,286]],[[583742,36560],[-107,294],[116,288],[729,131],[362,-345],[-1070,-844],[-30,476]],[[540806,314215],[291,524],[385,50],[61,588]],[[541543,315377],[420,401],[-143,907]],[[541820,316685],[213,519],[573,-921],[565,786],[477,-196],[719,-1796]],[[544367,315077],[476,477],[-287,2228]],[[544556,317782],[613,1082],[-115,1018],[-249,5],[-121,773],[117,934],[457,-44],[510,340],[-4,-864],[-414,-262],[-14,-229],[242,-1105],[466,-266],[137,-1295],[-157,-253],[-367,619],[-44,-161],[-126,135],[23,-271],[-226,-317]],[[545284,317621],[670,-2449],[-400,337],[-978,-984]],[[544576,314525],[-781,-361],[-693,4]],[[543102,314168],[-895,755],[-462,-134],[-520,-603],[-419,29]],[[478328,153968],[-18,819],[532,2119],[399,2522],[98,2479],[493,2123],[118,296],[433,-14],[389,459],[72,-37],[7,-380],[110,-228],[-236,-211],[8,-188],[248,358],[-137,701],[-196,-30],[-324,-396],[-531,124],[-99,317],[79,432],[304,-66],[63,169],[-391,4],[89,1288],[470,449],[-299,186],[61,1587],[196,255],[775,268],[658,-109],[802,-728],[331,71],[587,-787],[1198,-457],[889,-2329],[1017,-1118],[236,56],[258,-258],[707,-23],[1538,-536],[922,112],[595,203],[1292,983],[1476,568],[1630,-721],[1710,98],[792,300],[473,-133],[795,-914],[610,-1416],[144,-1315],[690,-1271],[1410,-1293],[529,-29],[242,-784],[1242,-1946],[-4,-229],[-85,279],[-288,-108],[-1954,-1521],[-682,-963],[-1914,70],[-803,-297],[-423,-519],[-522,296],[-298,-201],[-586,118],[-977,-473],[-1327,302],[-934,-514],[-1743,-2388],[-79,-836],[362,-954],[-60,-400],[-888,-640],[174,-1339],[-664,-74],[-106,-549],[-332,93],[-130,752],[-416,348],[-441,-372],[-627,-160],[-286,-380],[-58,-661],[-447,-430],[-197,-1141],[-406,28],[-700,1053],[-600,400],[-385,100],[-452,-292],[-33,-254],[-508,713],[-554,-359],[-175,265],[-87,868],[-704,981],[-701,64],[-491,591],[-1462,553],[-492,-315],[-810,463],[301,-345],[358,-1487],[-553,-327],[-192,-567],[-244,-133],[-276,153],[129,218],[-54,649],[-213,300],[-205,-203],[18,184],[-151,27],[638,278],[320,610],[106,905],[158,346],[-57,1177],[-212,292],[-315,-3],[131,163],[-158,54],[388,190],[292,603],[-6,1117],[-413,1650],[19,552]],[[488578,143413],[233,898],[149,60],[-9,-629],[296,-566],[-399,-286],[-270,523]],[[486589,142377],[-24,11],[17,56],[26,-30],[-19,-37]],[[471582,160304],[-266,-364],[-201,-435],[-65,972],[350,258],[182,-431]],[[116130,143264],[-109,-469],[-711,-620],[-282,-519],[-34,396],[-254,-29],[183,333],[-187,752],[-294,115],[114,311],[657,497],[798,285],[726,-115],[-607,-937]]]}